인천광역시  (2800000000),"2,950,978","2,950,978","14,306","15,958","17,433","19,337","20,591","23,379","25,519","25,706","25,327","27,999","27,861","27,700","26,026","26,814","28,820","26,234","25,173","26,416","28,152","27,539","30,963","35,178","35,353","36,019","38,615","39,784","41,634","42,907","43,427","44,095","43,404","39,099","38,225","37,576","36,428","36,865","38,419","38,818","43,799","48,283","50,810","49,490","49,795","44,155","45,508","44,044","45,760","49,312","51,510","51,776","53,418","53,707","52,190","53,895","49,311","48,841","49,865","51,080","46,556","51,463","53,071","53,615","49,054","44,317","42,068","37,486","37,050","33,033","26,509","28,144","20,169","20,553","21,241","20,675","20,533","19,047","13,929","14,326","13,804","16,598","13,955","11,292","11,108","10,063","8,620","7,920","6,918","5,822","4,721","3,986","3,187","2,542","2,080","1,636","1,249",912,562,505,313,269,429
인천광역시 중구 (2811000000),"144,935","144,935",792,833,983,"1,107","1,163","1,245","1,346","1,371","1,370","1,444","1,485","1,473","1,305","1,340","1,536","1,318","1,179","1,254","1,266","1,196","1,253","1,398","1,382","1,537","1,713","1,843","2,225","2,366","2,536","2,609","2,510","2,173","2,177","2,075","2,051","2,072","2,065","2,015","2,287","2,617","2,719","2,666","2,718","2,392","2,529","2,382","2,498","2,559","2,604","2,574","2,484","2,589","2,330","2,341","2,027","1,929","2,004","2,039","1,834","1,913","2,092","2,079","1,905","1,954","1,824","1,674","1,721","1,636","1,299","1,405",909,"1,027","1,151","1,069","1,147",991,750,759,752,868,724,571,567,492,421,363,301,301,226,207,167,119,111,73,70,54,26,30,17,19,23
인천광역시 중구 연안동(2811052000),"6,117","6,117",10,18,10,18,14,30,18,31,30,31,37,25,23,29,33,28,33,38,27,42,45,55,59,44,72,53,69,71,76,74,78,70,62,47,50,56,58,53,69,80,60,80,71,70,57,68,84,80,80,114,88,132,107,130,112,122,123,143,120,139,143,157,164,150,130,142,144,135,93,108,62,61,87,67,81,72,54,48,48,52,47,51,39,48,25,27,19,24,24,12,10,7,4,8,7,4,3,6,3,2,3
인천광역시 중구 신포동(2811053000),"5,020","5,020",18,13,17,12,20,24,24,27,31,31,49,30,30,26,44,25,35,38,46,32,39,53,40,54,59,39,52,69,52,50,59,52,48,50,43,47,49,33,50,65,88,62,67,70,60,78,75,85,100,88,89,88,90,100,84,78,85,91,76,80,90,112,71,95,94,94,75,62,75,72,53,66,69,71,69,63,47,65,46,41,56,35,28,34,36,26,29,32,23,19,18,7,8,6,6,6,6,1,2,1,2
인천광역시 중구 신흥동(2811054000),"13,257","13,257",55,67,75,73,74,89,74,86,98,96,91,119,98,96,134,117,91,116,121,126,127,133,126,143,172,167,196,167,164,191,173,147,149,130,141,155,127,137,176,206,213,200,198,200,178,177,184,222,239,206,233,247,225,242,230,201,222,233,216,213,261,227,224,242,234,185,233,202,158,172,103,121,144,134,146,142,104,81,93,116,94,78,89,60,64,49,38,32,29,25,16,12,13,6,5,9,4,4,0,5,1
인천광역시 중구 도원동(2811056000),"3,947","3,947",5,7,5,11,14,9,16,15,11,15,23,21,19,23,16,24,26,41,22,35,38,50,37,48,48,34,41,47,42,43,32,26,34,32,33,28,46,38,37,44,38,47,39,53,43,50,62,70,56,56,67,80,61,84,65,64,64,79,69,76,84,92,68,91,93,75,81,74,58,67,40,74,57,73,66,59,45,39,38,56,40,33,29,23,23,24,16,7,13,13,9,8,4,7,2,3,1,0,1,1,1
인천광역시 중구 율목동(2811057000),"3,181","3,181",2,3,9,4,8,5,14,9,10,16,13,24,16,20,17,22,9,10,22,24,30,27,35,32,32,35,32,31,38,29,29,35,31,20,26,18,34,22,23,39,28,50,40,37,47,49,40,44,43,64,65,53,73,66,61,55,57,54,62,67,67,64,74,70,51,55,61,78,53,55,38,41,51,50,55,47,40,29,40,40,32,20,28,22,15,10,15,14,11,10,8,6,7,3,2,5,0,1,3,0,0
인천광역시 중구 동인천동(2811058500),"5,825","5,825",15,13,15,18,12,18,23,21,18,26,29,17,31,25,32,23,26,33,27,44,36,41,54,59,53,69,56,67,72,72,83,61,76,56,46,52,64,58,73,68,86,80,75,35,70,64,82,72,89,94,94,112,96,109,93,85,110,129,113,122,133,128,112,125,120,121,111,117,75,108,59,75,87,72,83,70,54,67,52,71,70,56,62,38,36,36,25,34,24,21,19,19,14,10,9,6,4,0,3,2,5
인천광역시 중구 개항동(2811061500),"6,996","6,996",15,13,14,16,30,21,24,32,32,37,28,36,42,27,52,38,53,49,59,52,55,63,73,60,90,65,79,62,104,77,89,66,60,61,50,64,62,68,63,87,81,92,88,75,85,70,88,105,122,116,120,114,131,130,117,121,129,139,109,135,153,170,148,174,140,123,132,133,107,109,93,97,111,92,125,80,75,70,71,93,67,47,61,48,47,35,32,27,16,22,21,6,6,7,9,6,1,3,1,2,1
인천광역시 중구 영종동(2811062000),"19,348","19,348",89,104,116,124,128,129,126,118,114,156,139,167,153,142,167,145,168,154,159,145,162,179,187,204,221,233,307,289,343,377,335,352,304,333,293,259,271,292,271,317,352,315,312,290,306,282,312,323,359,349,338,380,338,339,328,331,326,306,309,303,343,344,334,310,324,266,283,251,185,204,134,132,128,119,122,128,71,96,93,93,88,59,66,64,58,48,40,38,28,25,23,19,22,8,9,4,2,8,2,3,4
인천광역시 중구 영종1동(2811062200),"44,197","44,197",442,478,570,647,678,739,835,788,784,801,788,727,581,603,647,493,405,420,385,305,308,343,300,320,269,313,385,413,487,536,637,577,722,700,813,910,894,911,"1,024","1,216","1,231","1,182","1,197","1,033","1,055",942,944,868,805,755,669,652,568,556,451,389,403,400,361,402,407,346,334,361,320,290,305,282,241,258,175,172,183,171,171,151,116,105,116,102,76,78,56,55,38,39,27,40,30,17,17,18,14,7,6,6,4,4,0,0,2
인천광역시 중구 운서동(2811062800),"33,124","33,124",133,111,149,182,177,175,183,239,227,224,275,295,306,335,383,395,325,340,383,381,398,439,446,555,670,814,980,"1,124","1,129","1,130",953,768,662,616,532,459,436,377,470,463,514,516,587,500,589,564,595,636,659,661,651,653,571,513,415,405,388,365,296,278,291,312,243,226,218,221,180,187,173,173,97,120,156,154,157,114,104,111,106,150,113,86,76,77,58,47,43,34,22,27,13,8,5,4,13,2,1,2,2,0,3
인천광역시 중구 용유동(2811063000),"3,923","3,923",8,6,3,2,8,6,9,5,15,11,13,12,6,14,11,8,8,15,15,10,15,15,25,18,27,21,28,26,29,30,42,19,29,30,24,24,24,26,31,32,28,42,44,29,39,38,32,54,52,71,70,78,70,72,71,78,97,100,103,98,120,127,133,110,100,102,116,115,81,79,55,68,78,66,72,65,40,48,49,54,41,28,33,23,21,22,17,19,6,16,13,9,14,7,2,3,0,1,0,3,1
인천광역시 중구영종출장소 (2811400000),0,0,0,0,0,0,0,0,0,0,0,0,0,0,0,0,0,0,0,0,0,0,0,0,0,0,0,0,0,0,0,0,0,0,0,0,0,0,0,0,0,0,0,0,0,0,0,0,0,0,0,0,0,0,0,0,0,0,0,0,0,0,0,0,0,0,0,0,0,0,0,0,0,0,0,0,0,0,0,0,0,0,0,0,0,0,0,0,0,0,0,0,0,0,0,0,0,0,0,0,0,0,0
인천광역시 중구용유출장소 (2811800000),0,0,0,0,0,0,0,0,0,0,0,0,0,0,0,0,0,0,0,0,0,0,0,0,0,0,0,0,0,0,0,0,0,0,0,0,0,0,0,0,0,0,0,0,0,0,0,0,0,0,0,0,0,0,0,0,0,0,0,0,0,0,0,0,0,0,0,0,0,0,0,0,0,0,0,0,0,0,0,0,0,0,0,0,0,0,0,0,0,0,0,0,0,0,0,0,0,0,0,0,0,0,0
인천광역시 동구 (2814000000),"60,848","60,848",174,246,275,308,292,374,404,418,381,479,463,482,455,455,557,473,480,479,501,490,562,650,600,617,655,652,602,632,636,683,672,626,568,585,628,619,640,683,772,829,955,948,"1,030",876,873,852,952,991,"1,018","1,096","1,044","1,029",954,"1,034",961,957,956,987,860,"1,058","1,111","1,194","1,164","1,042","1,121","1,065","1,060",965,750,898,647,704,711,715,749,713,529,539,512,657,519,412,426,371,290,275,224,189,163,130,115,83,66,57,50,32,17,21,13,10,11
인천광역시 동구 만석동(2814051000),"6,916","6,916",28,37,36,34,42,42,41,56,40,70,53,62,55,57,73,46,46,55,63,53,83,64,81,72,75,75,66,74,58,75,80,56,55,67,59,71,81,75,104,107,114,98,121,109,109,107,121,116,120,113,140,135,112,107,120,109,103,123,118,133,110,148,130,119,133,119,109,98,66,100,62,54,73,83,66,65,55,68,33,71,49,37,47,44,28,32,18,16,18,22,11,15,12,6,1,1,1,0,0,0,1
인천광역시 동구 화수1.화평동(2814052500),"5,940","5,940",15,10,15,13,18,24,21,25,40,36,35,39,35,43,61,44,38,53,45,54,60,59,65,71,71,72,62,72,62,61,58,53,51,46,42,39,46,48,52,59,75,72,96,63,76,72,70,89,93,117,95,112,107,112,111,96,112,104,102,112,105,136,124,106,111,119,122,94,77,96,77,77,78,88,79,75,66,61,68,86,62,42,47,41,38,31,29,17,17,15,15,10,9,3,5,6,3,1,1,3,1
인천광역시 동구 화수2동(2814053000),"7,569","7,569",11,19,13,14,30,30,40,49,32,48,61,66,50,58,52,62,63,53,71,61,62,89,66,73,80,60,75,83,72,90,72,63,62,56,76,57,69,70,74,76,117,99,120,94,81,105,114,126,133,149,132,118,128,123,98,115,118,127,103,150,147,159,149,132,144,125,146,169,104,124,106,92,92,98,94,123,74,96,83,95,95,77,72,61,46,43,32,31,24,14,18,11,7,9,8,4,2,3,2,0,0
인천광역시 동구 송현1.2동(2814055500),"10,342","10,342",34,56,69,67,62,89,99,85,76,98,79,69,76,87,102,94,95,99,77,82,95,122,99,123,114,109,134,105,122,124,126,126,98,117,119,118,121,138,163,162,191,186,190,174,153,143,167,173,173,192,175,168,147,160,149,158,147,179,122,160,198,162,187,153,172,171,165,145,113,140,102,113,105,114,117,107,86,81,73,84,82,44,51,34,28,28,31,33,20,14,11,8,9,5,6,1,3,4,4,1,0
인천광역시 동구 송현3동(2814057000),"3,544","3,544",3,5,10,8,6,13,12,15,14,14,13,15,21,20,24,19,21,13,23,23,28,31,28,35,41,39,34,49,34,47,40,30,25,25,26,35,21,35,45,38,38,39,50,43,32,45,43,47,49,71,57,69,58,70,73,67,64,61,54,59,87,73,89,66,81,82,73,84,56,59,37,53,49,46,52,49,28,46,34,46,37,34,34,35,24,24,17,23,14,14,12,3,3,3,1,3,0,2,0,3,1
인천광역시 동구 송림1동(2814058000),"1,556","1,556",6,6,0,7,9,7,9,8,12,13,10,14,12,10,11,11,9,10,10,11,10,19,17,9,17,18,13,13,15,16,14,14,11,8,13,14,12,16,19,18,22,26,26,28,20,22,27,31,13,18,22,20,15,25,27,22,20,31,24,24,29,32,34,27,31,37,40,26,25,22,19,20,21,28,28,19,11,16,16,14,14,16,10,16,15,15,7,3,7,7,3,3,2,3,1,0,1,0,2,1,1
인천광역시 동구 송림2동(2814059000),"2,694","2,694",2,2,5,4,5,5,10,12,8,13,16,14,15,12,19,12,14,11,22,13,19,24,19,24,34,24,18,24,32,23,25,24,19,21,25,19,14,19,15,18,32,25,29,34,33,32,33,32,46,31,35,40,36,47,46,58,44,39,51,50,61,59,62,53,74,70,67,50,49,57,39,44,46,41,49,50,30,30,32,43,27,30,33,38,23,21,22,12,14,5,10,8,2,6,5,0,0,2,2,0,1
인천광역시 동구 송림3.5동(2814060500),"7,236","7,236",12,24,18,42,32,41,40,49,43,54,75,56,60,51,67,57,64,55,75,57,70,84,84,68,69,99,65,66,69,78,49,60,63,63,67,73,80,79,97,89,108,119,134,110,94,101,130,124,145,140,139,130,115,129,125,126,114,103,94,120,117,147,140,132,129,130,124,108,97,93,73,83,97,82,89,94,62,47,66,76,74,55,44,44,32,23,26,17,22,15,10,6,8,7,8,6,3,3,1,0,2
인천광역시 동구 송림4동(2814061000),"6,110","6,110",41,59,55,65,40,57,55,48,49,48,43,62,65,51,69,56,59,57,41,66,56,73,64,56,65,72,66,75,87,96,116,104,115,112,126,106,92,108,97,120,127,121,118,95,113,93,92,109,102,100,109,101,101,101,90,78,95,86,84,96,100,89,87,81,86,60,63,73,43,55,45,44,45,28,42,29,30,16,24,32,21,17,17,10,10,9,7,9,5,4,7,3,4,2,2,3,0,2,1,0,2
인천광역시 동구 송림6동(2814063000),"6,119","6,119",16,25,42,38,43,56,62,64,58,74,68,70,56,58,58,49,52,58,49,52,54,55,51,57,61,56,44,52,58,49,64,70,52,49,62,61,76,75,88,114,106,127,118,100,122,98,113,102,100,99,94,89,86,115,83,95,89,85,71,117,109,134,96,94,102,88,100,76,80,97,52,74,57,57,76,46,36,49,44,52,38,26,36,26,33,26,17,16,12,10,10,10,6,7,10,6,2,2,0,0,2
인천광역시 동구 금창동(2814064000),"2,822","2,822",6,3,12,16,5,10,15,7,9,11,10,15,10,8,21,23,19,15,25,18,25,30,26,29,28,28,25,19,27,24,28,26,17,21,13,26,28,20,18,28,25,36,28,26,40,34,42,42,44,66,46,47,49,45,39,33,50,49,37,37,48,55,66,79,58,64,51,42,40,55,35,50,48,50,57,56,51,29,39,58,20,34,35,22,13,23,18,12,10,10,8,6,4,6,3,2,2,2,0,2,0
인천광역시 미추홀구 (2817700000),"407,131","407,131","1,790","2,088","2,136","2,316","2,511","2,742","2,970","2,950","2,906","3,284","3,185","3,071","2,978","3,040","3,202","2,908","2,916","3,178","3,416","3,483","4,017","4,905","5,177","5,271","5,906","6,009","6,248","6,331","6,295","6,407","6,299","5,695","5,424","5,212","5,082","4,922","5,319","5,193","5,962","6,503","6,793","6,670","6,613","5,783","5,875","5,583","5,930","6,447","6,836","6,871","7,158","7,088","6,932","7,044","6,429","6,289","6,533","6,621","6,217","7,013","7,129","7,350","6,943","6,412","6,250","5,784","5,794","5,143","4,159","4,520","3,282","3,497","3,647","3,539","3,601","3,382","2,508","2,504","2,447","2,940","2,514","1,925","1,905","1,722","1,460","1,286","1,118",928,726,634,463,399,323,257,196,154,82,84,53,40,59
인천광역시 미추홀구 숭의2동(2817751000),"14,823","14,823",95,101,106,123,122,116,93,86,104,110,112,82,94,85,101,90,89,101,91,102,117,150,147,172,167,221,227,206,232,254,258,216,224,225,203,202,194,203,219,258,250,249,223,193,218,190,200,239,215,245,231,264,242,250,227,215,246,238,234,240,274,248,264,248,214,217,212,190,149,148,137,131,147,135,150,134,86,99,104,138,93,74,80,84,53,54,54,49,30,19,27,16,9,16,9,4,4,6,2,3,5
인천광역시 미추홀구 숭의1.3동(2817752000),"13,836","13,836",104,118,103,112,97,127,105,87,73,97,69,60,69,68,70,80,89,97,105,101,129,139,171,154,185,212,254,273,261,283,314,262,251,230,250,220,215,213,226,226,248,221,222,187,191,184,160,189,207,227,222,234,221,218,206,186,240,219,198,224,227,237,222,205,176,163,176,130,123,128,98,109,107,110,78,115,81,63,89,91,77,65,61,70,49,64,38,42,31,31,11,11,17,13,7,6,4,4,0,1,3
인천광역시 미추홀구 숭의4동(2817753000),"16,232","16,232",76,86,95,93,103,89,120,101,108,125,123,129,119,128,122,108,103,137,148,138,154,183,184,187,195,198,219,236,269,249,233,197,219,180,210,203,206,200,240,228,266,274,254,230,195,235,235,242,270,278,262,276,259,284,255,258,257,262,249,260,271,306,310,271,264,234,235,206,212,209,148,137,169,152,173,153,122,131,120,114,131,85,86,79,63,54,53,37,43,21,25,15,24,7,8,7,3,5,3,2,2
인천광역시 미추홀구 용현1.4동(2817754000),"17,482","17,482",32,50,63,61,43,54,71,64,68,83,69,83,67,71,97,68,79,82,139,206,257,406,541,541,542,459,398,361,327,301,236,198,208,168,190,158,133,134,172,185,205,185,205,162,188,177,185,212,240,257,278,266,248,257,231,248,259,244,276,304,309,335,312,268,287,263,258,250,197,252,158,212,206,178,225,185,134,129,133,198,154,117,116,95,74,62,58,33,45,22,22,25,24,11,15,7,6,5,5,3,2
인천광역시 미추홀구 용현2동(2817755000),"17,899","17,899",102,127,106,123,153,136,145,126,115,127,125,107,111,130,142,135,124,121,173,138,160,195,194,190,249,280,276,316,322,317,358,307,289,263,241,248,242,244,274,309,321,282,288,240,235,225,247,252,259,307,279,300,281,296,277,239,251,254,242,285,303,287,275,236,256,227,260,222,202,208,198,183,168,172,170,161,118,101,116,131,122,77,79,83,55,49,44,35,32,28,20,16,13,13,14,9,5,7,0,2,2
인천광역시 미추홀구 용현3동(2817756000),"7,644","7,644",28,17,31,28,35,31,29,22,24,31,32,30,36,29,26,30,35,31,33,47,52,76,89,109,110,123,118,116,103,122,100,97,98,103,81,85,79,74,104,83,106,90,98,71,85,77,81,105,119,125,139,121,131,136,120,127,110,130,112,175,146,176,143,133,180,145,143,122,132,105,97,99,106,101,93,96,77,84,61,100,77,65,59,53,56,36,36,33,19,23,11,16,11,6,8,4,2,1,1,1,2
인천광역시 미추홀구 용현5동(2817757000),"47,500","47,500",196,247,287,268,344,415,470,449,476,543,569,508,498,491,509,477,412,511,488,461,522,648,642,661,720,685,701,701,682,665,701,611,527,565,550,528,623,579,719,784,887,842,873,767,828,714,783,870,851,870,844,904,860,846,726,706,750,744,666,770,790,727,712,635,605,570,516,493,360,399,280,290,330,320,325,298,218,252,192,236,209,181,194,133,136,115,95,89,53,46,38,30,24,29,17,10,8,4,5,2,0
인천광역시 미추홀구 학익1동(2817758000),"32,013","32,013",106,137,134,182,204,218,274,299,278,314,320,352,332,350,337,332,338,383,373,369,398,480,458,418,430,441,355,400,379,373,333,354,293,312,279,289,344,313,397,430,458,520,545,480,544,460,561,606,660,650,667,664,657,645,561,554,507,501,488,565,538,552,535,478,461,456,397,356,316,335,233,236,243,242,243,229,160,179,175,198,177,140,127,89,108,78,63,55,41,50,35,25,16,15,6,8,0,6,3,5,3
인천광역시 미추홀구 학익2동(2817759000),"18,247","18,247",44,76,54,66,90,98,114,157,101,166,154,151,162,148,167,169,161,146,190,177,192,191,243,204,271,270,244,242,206,241,209,215,196,183,177,173,183,188,228,251,264,273,254,246,233,275,292,301,292,303,344,330,350,353,308,333,315,337,307,320,335,331,334,304,315,292,254,265,191,225,162,179,174,185,181,175,121,140,138,136,130,89,103,104,78,77,55,54,41,36,20,18,24,15,11,9,4,6,3,1,4
인천광역시 미추홀구 도화1동(2817760000),"23,317","23,317",131,153,136,128,146,151,170,182,174,175,163,158,145,162,149,128,151,142,163,163,194,277,255,296,312,327,367,372,421,397,405,387,361,334,310,274,381,335,341,389,376,395,418,344,324,292,303,365,375,350,397,429,388,372,379,362,434,372,347,383,392,414,398,343,336,339,347,305,215,257,187,199,196,203,217,187,150,169,131,189,149,95,113,84,91,77,82,56,33,48,11,20,19,13,14,15,5,1,4,1,2
인천광역시 미추홀구 도화2.3동(2817761000),"33,034","33,034",228,266,293,312,341,350,328,352,310,344,321,259,251,257,254,228,232,250,266,273,285,327,327,360,390,403,450,423,419,448,476,483,488,496,516,528,605,595,673,738,699,661,651,524,460,485,488,515,523,493,511,456,466,518,463,452,475,531,478,498,537,574,515,502,469,407,474,360,298,315,224,231,259,238,243,206,155,181,140,161,188,116,119,106,82,87,82,52,42,42,36,24,14,22,13,8,2,6,3,4,5
인천광역시 미추홀구 주안1동(2817762000),"20,678","20,678",129,119,122,127,121,142,122,104,84,85,97,88,81,65,73,68,89,87,96,135,170,238,269,332,434,449,530,553,582,585,589,480,463,431,411,380,397,384,391,410,403,382,328,293,313,278,276,304,290,303,387,314,337,344,293,269,293,350,294,298,317,325,292,254,253,242,232,179,144,161,92,92,117,111,97,92,82,77,73,75,90,67,53,63,47,29,31,30,21,16,13,12,7,6,10,4,3,2,3,2,1
인천광역시 미추홀구 주안2동(2817763000),"16,764","16,764",66,64,70,76,89,91,102,101,103,131,104,110,104,107,119,107,105,106,121,114,151,175,197,181,207,234,233,243,226,272,222,209,188,189,191,197,201,205,232,235,253,240,222,208,235,225,223,228,284,269,297,291,266,283,259,285,265,273,264,325,313,347,299,335,302,267,287,260,232,218,175,176,183,187,186,188,136,129,133,168,130,106,85,100,74,70,53,60,44,39,30,20,16,15,6,13,3,2,3,0,1
인천광역시 미추홀구 주안3동(2817764000),"8,715","8,715",31,24,29,22,30,47,56,46,54,62,55,71,56,80,66,53,61,58,64,61,88,96,107,116,130,122,125,150,128,122,118,118,75,88,83,83,89,84,100,107,112,109,123,123,116,129,113,138,160,151,144,146,138,151,169,136,136,149,148,139,179,166,158,170,172,126,153,150,104,109,92,97,103,120,107,82,79,77,74,80,69,49,54,48,34,30,32,20,19,18,12,11,5,8,5,4,3,2,4,0,5
인천광역시 미추홀구 주안4동(2817765000),"13,378","13,378",40,42,38,48,45,49,54,68,55,62,68,80,59,88,66,59,84,94,86,100,129,132,156,148,147,153,172,183,198,199,196,149,157,153,131,124,123,111,159,172,173,175,173,169,142,175,175,176,197,207,219,195,239,231,210,240,212,251,204,259,254,297,278,272,246,265,258,240,193,229,171,180,186,179,191,186,142,105,139,157,113,102,97,98,79,57,54,41,31,32,24,19,17,12,8,10,6,6,2,1,2
인천광역시 미추홀구 주안5동(2817766000),"20,762","20,762",109,111,101,111,103,110,108,100,113,111,104,100,116,124,149,130,115,125,154,169,194,232,251,234,294,311,325,355,345,369,361,339,380,347,293,299,311,274,313,342,347,324,315,282,287,256,286,311,340,342,359,345,350,370,330,331,341,350,335,404,366,375,372,340,367,308,300,293,213,220,165,185,191,178,191,171,114,118,139,168,120,93,103,83,83,77,58,43,44,31,34,22,14,9,7,7,3,8,4,3,5
인천광역시 미추홀구 주안6동(2817767000),"21,934","21,934",109,135,126,150,181,200,217,208,237,238,212,193,203,159,204,173,141,163,178,177,180,214,200,225,296,284,330,326,343,371,339,291,286,264,322,298,316,360,397,414,428,448,401,347,383,343,363,351,349,380,354,357,357,311,301,299,297,288,323,359,351,383,347,311,314,295,304,265,189,229,170,160,162,168,172,177,119,104,96,132,115,85,88,77,65,66,61,46,40,38,27,25,17,10,5,7,5,2,2,3,3
인천광역시 미추홀구 주안7동(2817768000),"12,474","12,474",24,32,25,51,39,49,61,52,77,81,85,81,68,82,96,89,93,74,103,92,111,145,143,134,139,145,160,160,158,150,155,137,115,100,96,109,125,126,144,142,177,185,169,174,162,147,182,191,223,217,208,243,210,213,220,192,232,231,238,261,263,250,273,249,237,238,234,221,177,204,123,149,139,147,151,137,114,98,113,136,107,87,77,71,77,53,37,43,43,18,14,14,13,12,9,7,2,5,3,2,4
인천광역시 미추홀구 주안8동(2817769000),"21,012","21,012",60,76,95,90,108,106,128,136,147,151,172,184,181,175,196,161,160,186,185,195,230,244,247,271,273,299,314,320,301,273,297,252,242,226,191,219,217,242,255,314,300,306,323,283,272,278,294,337,370,371,406,395,392,390,352,367,399,401,358,407,420,463,407,402,349,301,305,285,215,228,171,208,197,180,181,178,133,127,119,162,132,111,99,93,70,75,69,46,34,33,24,22,8,14,7,10,6,2,0,3,3
인천광역시 미추홀구 관교동(2817770000),"15,021","15,021",34,48,59,88,64,83,116,112,119,137,139,126,107,113,139,116,133,151,143,126,151,174,178,180,196,203,223,204,201,191,175,170,168,168,178,149,159,160,194,239,235,214,231,209,226,188,211,222,257,227,256,248,246,277,256,250,269,265,241,303,305,323,283,274,252,258,278,203,181,207,120,140,161,135,148,135,96,87,99,95,75,67,63,65,53,46,40,36,29,29,11,25,19,8,14,1,6,2,2,1,4
인천광역시 미추홀구 문학동(2817771000),"14,366","14,366",46,59,63,57,53,80,87,98,86,111,92,119,119,128,120,107,122,133,117,139,153,183,178,158,219,190,227,191,192,225,224,223,196,187,179,156,176,169,184,247,285,295,297,251,238,250,272,293,355,299,354,310,294,299,286,240,245,231,215,234,239,234,214,182,195,171,171,148,116,134,81,104,103,98,79,97,71,54,63,75,56,54,49,44,33,30,23,28,11,14,18,13,12,3,3,4,2,2,1,0,1
인천광역시 연수구 (2818500000),"388,461","388,461","2,355","2,622","3,005","3,285","3,462","3,913","4,409","4,479","4,337","4,694","4,671","4,601","4,331","4,398","4,776","4,117","3,917","4,095","4,061","3,999","4,553","5,003","4,789","4,774","4,950","4,849","5,122","5,097","5,284","5,394","5,493","4,955","5,171","5,114","5,035","5,333","5,587","5,743","6,386","7,086","7,428","7,086","7,341","6,371","6,514","6,366","6,597","7,017","7,197","7,062","7,487","7,147","6,951","6,811","6,203","5,955","6,172","6,300","5,828","6,228","6,326","6,140","5,606","4,890","4,577","3,950","3,785","3,308","2,614","2,669","1,852","1,794","1,911","1,875","1,806","1,704","1,222","1,191","1,244","1,448","1,256",961,"1,040",938,816,680,656,577,455,411,321,279,216,160,137,91,75,53,39,31,51
인천광역시 연수구 옥련1동(2818563000),"19,304","19,304",80,86,102,99,100,112,142,178,166,183,184,169,158,185,165,194,192,185,195,188,205,244,260,281,266,278,261,265,227,240,236,211,241,222,181,180,192,214,228,278,300,289,307,235,298,257,301,358,353,319,371,353,373,392,334,380,360,376,350,417,357,399,340,287,270,236,242,213,184,182,139,117,157,148,163,175,96,102,112,112,124,76,94,96,67,51,47,45,38,37,28,23,11,13,10,6,6,2,1,1,1
인천광역시 연수구 옥련2동(2818564000),"20,322","20,322",85,88,99,114,135,135,168,166,152,196,201,190,200,208,255,185,222,226,197,221,238,263,280,270,290,278,303,291,300,257,267,238,248,210,195,215,218,202,255,307,332,298,322,284,281,304,344,344,357,384,377,385,402,396,384,383,402,405,366,384,409,357,332,309,271,249,250,225,180,174,124,112,148,132,133,137,90,97,121,113,80,84,77,70,60,42,52,42,27,22,26,23,16,10,5,5,4,2,2,4,4
인천광역시 연수구 선학동(2818575000),"17,158","17,158",37,61,61,89,81,94,101,96,102,102,93,115,88,98,106,122,95,115,117,113,169,168,201,220,217,250,287,271,260,276,217,248,235,199,225,208,223,176,231,238,245,231,226,216,209,214,217,248,259,265,275,265,292,340,306,315,350,360,329,371,459,446,411,319,342,287,274,253,237,209,147,133,150,164,153,122,91,96,92,112,103,81,78,78,63,49,44,48,39,31,24,14,20,13,12,6,3,5,3,4,5
인천광역시 연수구 연수1동(2818576100),"19,289","19,289",42,68,68,84,71,74,102,97,108,131,104,137,118,152,140,131,140,162,199,185,237,261,272,289,283,287,341,307,326,329,313,253,254,248,206,228,213,221,226,302,275,322,317,268,254,268,303,320,359,359,412,384,387,409,371,364,406,392,371,411,387,412,311,339,298,272,256,218,165,187,150,113,142,127,136,128,94,96,85,103,89,63,81,53,54,46,41,37,33,29,19,17,18,6,6,4,3,2,3,2,3
인천광역시 연수구 연수2동(2818576200),"21,042","21,042",97,115,96,134,125,134,152,146,128,146,144,150,122,141,170,166,165,181,183,200,216,261,288,255,297,327,348,347,369,394,420,341,367,320,339,305,281,263,271,311,312,297,295,263,250,255,286,344,341,348,352,370,342,367,380,358,391,376,364,431,451,391,400,351,326,294,278,227,180,200,123,144,141,140,122,121,79,92,99,118,112,83,74,80,75,75,58,48,42,41,30,33,16,17,9,6,8,4,7,3,7
인천광역시 연수구 연수3동(2818576300),"16,065","16,065",87,76,71,80,95,91,92,89,101,103,108,109,95,103,114,100,114,120,137,133,198,197,180,199,225,203,188,212,235,269,251,250,248,181,214,209,220,174,214,200,197,204,196,158,188,201,206,222,224,257,299,281,267,288,280,238,290,330,311,372,345,348,347,292,305,242,264,225,165,164,146,124,130,124,129,121,102,107,104,114,98,77,117,77,69,73,65,68,41,39,23,25,24,20,23,7,5,11,2,3,6
인천광역시 연수구 청학동(2818576600),"24,802","24,802",73,82,80,107,103,133,126,139,141,136,147,175,126,147,188,163,162,193,190,185,225,299,275,311,325,316,377,369,386,416,404,340,318,311,261,273,246,299,296,313,312,298,326,315,288,326,332,382,418,454,491,487,499,535,490,486,492,584,528,526,575,577,521,472,431,410,364,340,252,271,203,197,203,207,202,180,128,133,143,198,149,105,119,127,92,79,82,64,54,46,29,30,26,15,15,8,11,5,2,5,7
인천광역시 연수구 동춘1동(2818578000),"25,363","25,363",173,192,189,225,221,249,250,238,249,258,250,255,246,242,299,244,257,265,312,293,273,345,335,315,295,341,308,322,318,377,335,338,327,323,342,383,365,336,436,406,468,433,406,374,391,357,399,412,470,478,499,480,489,441,431,412,463,495,433,477,508,481,401,375,359,252,291,270,181,183,123,135,124,121,94,88,83,62,63,75,69,56,50,61,39,50,45,31,27,29,15,29,13,10,4,7,6,4,6,4,4
인천광역시 연수구 동춘2동(2818579000),"18,234","18,234",105,106,108,101,126,140,142,143,123,165,175,175,188,160,194,176,187,216,211,197,217,241,263,231,254,232,257,239,277,277,310,274,277,275,228,259,218,223,269,264,271,248,275,247,271,259,258,315,335,285,375,367,352,329,323,359,355,337,313,344,340,359,342,265,264,214,206,184,136,127,71,103,102,99,92,91,57,64,62,82,72,60,57,60,65,34,36,37,30,18,16,14,11,2,6,6,2,2,2,1,2
인천광역시 연수구 동춘3동(2818579500),"18,464","18,464",53,46,79,116,125,135,170,220,201,260,226,323,244,279,306,260,273,288,251,279,312,300,257,270,277,220,235,201,219,173,202,153,154,147,134,148,156,164,205,253,275,267,298,245,293,351,332,344,405,395,424,385,397,382,298,294,322,285,331,294,305,320,271,243,219,201,183,149,132,140,86,110,95,84,89,87,65,67,77,92,75,62,52,57,38,39,32,24,30,21,19,15,11,7,12,11,5,5,1,1,1
인천광역시 연수구 송도1동(2818582000),"37,425","37,425",135,179,218,263,250,315,354,384,387,430,509,491,513,551,649,519,521,527,503,581,689,695,648,689,635,557,595,580,584,535,537,417,386,395,374,405,388,394,456,533,583,547,658,576,614,613,696,708,801,732,797,773,707,700,627,592,552,602,529,537,544,523,538,415,374,344,318,285,231,252,146,124,155,146,144,120,104,78,92,92,93,73,84,62,46,47,45,33,28,43,30,18,18,23,17,8,11,2,2,0,2
인천광역시 연수구 송도2동(2818583000),"36,671","36,671",163,201,280,315,439,526,609,716,666,700,741,704,734,682,719,663,581,592,529,465,465,499,383,357,330,304,286,335,312,334,248,273,300,313,354,376,451,532,564,789,771,785,896,835,875,831,844,907,881,857,828,753,704,601,557,476,452,448,426,413,410,339,353,274,289,214,195,173,120,133,91,91,71,107,88,83,59,50,58,67,60,47,48,46,40,31,31,34,20,12,15,10,14,7,4,4,3,3,2,1,4
인천광역시 연수구 송도3동(2818584000),"48,837","48,837",442,495,610,622,628,673,766,708,761,799,765,734,682,637,691,639,510,498,505,455,532,530,478,502,609,658,690,710,710,686,801,692,765,828,763,849,934,"1,022","1,068","1,109","1,176","1,132","1,159",998,963,928,949,935,909,908,877,814,695,665,611,543,569,540,502,542,499,489,427,400,319,287,274,227,176,202,118,144,128,134,121,116,94,84,60,76,69,47,58,35,53,31,43,29,24,21,27,12,9,4,5,9,4,3,4,1,3
인천광역시 연수구 송도4동(2818585000),"25,498","25,498",232,261,316,321,342,419,492,459,425,443,440,362,400,354,347,277,216,220,265,194,238,265,284,250,303,269,278,294,299,296,330,325,322,370,373,444,525,520,576,622,682,665,635,527,538,502,480,532,438,428,508,445,408,388,324,291,304,315,267,299,296,292,258,197,177,158,136,111,95,98,82,48,62,61,63,62,36,28,31,52,28,21,22,14,31,15,15,15,9,11,10,4,4,5,3,1,0,1,1,0,1
인천광역시 연수구 송도5동(2818586000),"39,987","39,987",551,566,628,615,621,683,743,700,627,642,584,512,417,459,433,278,282,307,267,310,339,435,385,335,344,329,368,354,462,535,622,602,729,772,846,851,957,"1,003","1,091","1,161","1,229","1,070","1,025",830,801,700,650,646,647,593,602,605,637,578,487,464,464,455,408,410,441,407,354,352,333,290,254,208,180,147,103,99,103,81,77,73,44,35,45,42,35,26,29,22,24,18,20,22,13,11,10,12,5,8,6,3,4,2,1,1,1
인천광역시 남동구 (2820000000),"516,859","516,859","2,192","2,545","2,842","3,265","3,537","4,104","4,422","4,613","4,553","5,164","4,991","5,080","4,708","4,791","5,127","4,735","4,520","4,552","5,047","4,862","5,426","6,193","6,225","6,350","6,822","7,135","7,356","7,539","7,461","7,671","7,392","6,668","6,466","6,293","6,133","6,147","6,418","6,598","7,477","8,561","9,007","8,937","9,018","8,099","8,383","8,000","8,327","8,619","9,143","9,167","9,431","9,449","9,067","9,481","8,576","8,576","8,567","8,907","7,965","8,845","9,385","9,374","8,620","7,848","7,451","6,534","6,507","5,972","4,832","5,114","3,615","3,679","3,751","3,691","3,614","3,310","2,433","2,562","2,305","2,765","2,286","1,969","1,784","1,629","1,401","1,292","1,122",954,687,624,526,389,353,276,196,137,91,84,42,36,74
인천광역시 남동구 구월1동(2820051000),"31,294","31,294",152,177,200,241,253,317,346,365,353,413,395,387,354,311,310,270,257,252,295,233,292,337,331,377,397,450,397,507,443,448,430,396,397,352,350,366,414,450,541,635,679,675,661,546,561,474,539,535,471,500,503,524,479,541,479,478,458,512,476,506,553,556,504,478,434,354,341,324,283,234,190,205,172,205,189,176,130,141,100,129,106,76,89,75,54,70,61,64,41,41,23,24,31,16,10,7,7,5,0,3,5
인천광역시 남동구 구월2동(2820052000),"35,343","35,343",149,199,211,253,293,325,445,437,437,486,473,463,462,455,460,447,436,411,407,371,412,476,419,388,439,407,444,442,402,397,349,347,372,356,329,386,392,451,521,632,647,653,687,589,687,640,623,674,701,676,628,640,604,648,568,545,566,566,460,511,617,586,499,474,441,413,384,378,318,331,216,196,211,246,215,181,149,134,119,148,129,95,85,81,72,52,47,42,34,34,28,18,21,9,11,9,5,9,1,3,8
인천광역시 남동구 구월3동(2820052100),"30,334","30,334",148,133,130,149,145,180,157,159,178,175,182,162,168,149,173,165,168,189,215,254,276,375,460,586,747,790,849,821,767,867,769,701,594,582,582,521,530,449,508,559,583,546,557,462,451,402,426,446,516,489,475,504,539,452,423,429,402,466,371,434,434,416,375,367,342,299,272,274,212,232,143,159,158,162,158,153,109,124,91,133,99,73,87,58,58,50,54,38,25,20,27,10,20,6,2,2,1,2,2,1,1
인천광역시 남동구 구월4동(2820052200),"14,630","14,630",36,37,38,42,53,50,65,58,72,82,77,80,75,95,92,82,95,105,110,113,137,180,202,208,225,233,228,255,224,219,220,162,163,153,128,159,145,130,151,193,210,188,185,212,205,189,189,233,266,260,281,288,260,301,263,311,304,301,266,306,330,326,294,270,243,237,237,218,186,180,117,145,155,142,135,141,97,123,100,120,80,92,72,67,52,47,47,34,31,36,20,15,17,9,10,4,3,2,3,2,1
인천광역시 남동구 간석1동(2820053000),"20,828","20,828",74,78,95,92,93,106,105,119,106,125,132,150,123,124,147,146,144,142,171,156,214,217,231,253,281,327,319,321,369,336,372,290,308,285,279,236,260,294,289,321,335,286,320,267,288,307,302,300,343,384,369,365,343,389,361,376,330,360,326,379,434,420,392,359,322,270,276,280,241,237,179,201,214,207,197,203,117,144,125,173,136,100,107,84,76,62,59,55,33,36,38,28,26,8,7,7,8,1,4,0,2
인천광역시 남동구 간석2동(2820054000),"21,942","21,942",86,86,104,127,147,160,177,190,175,223,182,240,198,207,226,207,170,187,210,194,226,254,241,257,283,301,300,320,293,316,312,271,259,243,232,249,233,257,295,343,345,378,374,373,364,387,359,361,384,365,419,445,386,372,365,352,368,394,368,402,364,386,407,342,325,283,262,291,210,229,174,185,178,182,180,147,126,148,121,126,107,101,83,68,68,70,39,48,21,25,25,13,19,14,14,7,6,0,1,2,3
인천광역시 남동구 간석3동(2820055000),"27,518","27,518",94,122,117,133,152,142,180,149,151,182,187,169,179,173,205,197,181,196,229,248,288,298,362,335,398,416,459,426,445,451,435,386,348,351,336,319,320,328,356,418,379,400,392,385,391,370,420,370,460,497,523,488,504,557,525,492,507,547,486,516,554,582,547,470,411,382,398,372,299,347,240,228,263,251,224,211,144,155,150,191,166,139,116,114,92,81,69,58,38,34,24,23,19,19,11,11,4,4,2,1,4
인천광역시 남동구 간석4동(2820055100),"29,164","29,164",108,136,154,143,155,199,188,226,168,196,206,216,213,224,249,213,208,225,284,262,317,353,351,395,446,439,451,476,508,457,423,422,373,410,358,378,378,367,394,452,470,479,455,410,415,438,425,455,494,484,534,505,559,562,515,491,516,524,481,519,578,559,534,451,476,380,426,361,298,330,250,218,228,239,211,190,157,157,138,142,147,128,93,111,90,72,59,66,42,31,42,28,18,17,15,7,6,5,1,4,7
인천광역시 남동구 만수1동(2820056000),"17,125","17,125",66,80,67,83,76,77,86,88,90,78,101,86,85,91,94,104,74,106,142,144,156,181,204,188,210,240,241,274,242,241,267,214,209,214,223,192,178,222,232,230,209,216,243,202,201,215,218,228,265,311,301,324,331,329,280,332,333,361,285,338,372,374,340,323,316,275,294,261,197,222,172,153,158,177,171,174,104,146,130,137,114,110,113,95,97,93,63,68,41,32,24,23,17,16,9,6,4,5,0,0,1
인천광역시 남동구 만수2동(2820057000),"24,137","24,137",88,117,115,122,144,180,191,175,186,256,211,225,224,240,251,220,251,230,251,267,274,311,321,295,303,325,347,305,307,335,287,257,274,252,259,220,271,248,332,348,400,382,374,358,430,377,389,420,461,455,414,429,448,457,448,431,409,456,355,456,443,484,427,426,391,333,305,327,235,266,206,202,202,192,175,139,131,127,111,126,117,89,71,69,53,69,51,44,32,28,28,14,17,16,10,6,5,1,2,1,2
인천광역시 남동구 만수3동(2820058000),"17,684","17,684",71,69,103,105,134,137,151,143,157,179,146,163,132,174,147,148,163,160,170,174,192,208,222,204,266,253,297,247,285,268,261,209,197,198,176,208,189,190,236,279,287,300,289,261,249,266,276,280,307,325,333,287,298,336,288,311,280,325,297,367,353,344,328,302,273,238,237,181,195,183,141,133,139,123,158,126,85,95,78,115,63,61,57,44,52,42,29,20,23,25,15,12,11,11,7,2,4,3,0,2,1
인천광역시 남동구 만수4동(2820058100),"20,899","20,899",101,97,116,108,121,146,121,167,157,162,166,175,150,178,194,195,167,182,188,195,219,238,228,248,270,271,278,302,297,324,337,289,291,265,268,241,230,230,256,297,300,305,301,318,296,291,325,360,336,338,385,375,348,409,362,367,365,360,362,374,410,414,406,384,349,318,314,303,238,223,157,162,170,165,176,155,110,128,97,100,93,99,86,73,64,71,61,52,43,32,23,22,17,8,11,7,1,4,1,3,7
인천광역시 남동구 만수5동(2820058200),"15,337","15,337",38,54,53,59,49,59,57,51,64,78,78,81,69,90,96,94,90,92,118,145,147,176,203,202,228,217,220,251,248,241,212,193,208,146,164,153,160,143,169,179,198,199,181,179,167,157,207,222,222,256,277,285,266,298,276,306,308,305,299,328,360,350,346,300,306,268,274,216,215,227,170,184,181,151,188,149,128,106,117,128,102,72,82,75,66,47,57,35,22,20,16,19,12,13,6,5,3,4,4,1,1
인천광역시 남동구 만수6동(2820058300),"24,223","24,223",81,100,78,92,124,136,133,157,172,205,191,219,197,230,209,224,187,212,247,232,271,344,318,310,307,368,336,314,339,346,306,313,277,241,251,221,254,253,282,311,313,316,338,307,305,312,338,389,449,445,490,468,510,474,474,417,476,506,419,527,517,563,465,426,402,356,355,317,217,255,184,180,192,182,168,171,145,116,132,165,154,127,103,110,103,70,89,51,50,44,31,28,24,26,13,7,6,6,3,2,7
인천광역시 남동구 장수서창동(2820065000),"19,875","19,875",67,72,101,127,147,175,167,174,172,214,231,239,208,243,257,216,215,175,205,199,199,250,210,231,215,227,250,229,225,236,214,174,228,179,201,198,206,233,241,322,332,350,306,288,303,331,356,357,344,336,359,389,347,354,308,333,348,322,340,335,380,404,374,296,338,323,316,250,204,264,136,150,144,146,160,161,86,94,101,105,85,90,67,74,44,57,44,33,33,24,19,16,7,19,4,8,0,4,2,2,1
인천광역시 남동구 서창2동(2820065500),"39,293","39,293",264,325,460,517,506,647,668,725,640,633,622,546,472,443,406,354,346,297,287,262,268,299,312,295,317,308,380,385,468,446,488,461,502,570,592,649,740,790,924,994,"1,069","1,024","1,022",795,846,682,663,636,642,569,507,527,484,502,482,489,483,472,457,519,570,542,532,479,474,429,411,382,291,324,214,218,236,199,204,164,130,114,103,129,100,89,78,63,59,46,41,42,27,30,22,14,8,10,10,9,8,6,1,0,7
인천광역시 남동구 남촌도림동(2820066000),"21,102","21,102",59,76,89,105,94,128,141,152,137,154,177,184,172,159,224,167,174,171,188,214,233,246,297,288,275,286,271,297,321,267,309,222,207,211,202,202,193,187,266,258,316,269,311,281,279,302,318,344,352,394,424,416,388,462,426,427,457,443,403,403,482,445,448,377,349,298,285,279,221,229,155,182,181,163,166,155,113,118,113,134,107,105,86,89,75,65,56,46,22,21,24,24,16,12,11,12,8,3,3,2,4
인천광역시 남동구 논현1동(2820069000),"31,941","31,941",163,187,219,245,249,251,334,311,294,369,314,350,346,328,387,366,354,335,350,354,370,438,375,385,346,423,398,440,387,439,399,409,405,400,400,398,422,422,408,542,562,590,566,545,556,562,553,566,630,635,597,615,567,638,510,565,523,549,478,526,515,523,471,423,411,356,375,311,240,266,199,186,182,181,162,181,107,112,117,147,124,101,80,82,80,67,63,48,36,30,31,18,18,17,11,10,4,3,3,4,1
인천광역시 남동구 논현2동(2820070000),"32,931","32,931",155,181,153,195,206,255,232,265,277,326,309,320,294,303,356,315,289,327,364,360,417,459,391,410,416,434,463,505,518,561,554,513,460,478,408,401,396,392,470,501,517,527,561,508,523,509,563,570,617,586,608,666,608,618,549,532,550,525,501,541,546,544,476,431,422,367,400,332,273,313,199,223,213,206,216,186,147,167,155,202,157,135,136,125,88,85,85,44,49,46,39,24,22,17,16,8,7,8,5,1,8
인천광역시 남동구 논현고잔동(2820071000),"41,259","41,259",192,219,239,327,396,434,478,502,567,628,611,625,587,574,644,605,551,558,616,485,518,553,547,495,453,420,428,422,373,476,448,439,394,407,395,450,507,562,606,747,856,854,895,813,866,789,838,873,883,862,"1,004",909,798,782,674,592,584,613,535,558,573,556,455,470,426,355,345,315,259,222,173,169,174,172,161,147,118,113,107,115,100,87,93,72,58,76,48,66,44,35,27,16,13,13,8,3,1,9,4,2,3
인천광역시 부평구 (2823700000),"485,656","485,656","2,100","2,156","2,422","2,688","2,892","3,281","3,539","3,562","3,494","3,814","3,891","3,902","3,806","3,984","4,285","4,018","3,953","4,109","4,576","4,548","5,063","5,721","5,819","6,071","6,580","6,902","7,281","7,604","7,763","7,777","7,643","6,724","6,598","6,335","6,038","6,107","6,016","6,099","6,852","7,341","7,731","7,635","7,288","6,712","6,954","6,889","6,895","7,902","8,185","8,407","8,593","8,989","8,784","9,209","8,447","8,633","8,671","9,058","8,191","9,055","9,133","9,626","8,638","7,757","7,417","6,601","6,553","5,802","4,653","4,875","3,702","3,680","3,684","3,700","3,494","3,265","2,385","2,506","2,439","2,996","2,372","1,998","1,985","1,794","1,554","1,392","1,226","1,003",852,692,551,442,343,276,213,155,79,72,46,41,82
인천광역시 부평구 부평1동(2823751000),"36,572","36,572",172,181,202,222,225,234,231,226,226,226,240,256,234,290,269,243,266,319,338,314,412,453,469,518,528,588,629,679,710,699,766,673,589,570,523,574,519,512,558,546,587,577,582,498,520,484,511,534,597,642,687,689,615,630,565,559,612,613,579,624,596,619,617,521,527,485,431,418,334,352,291,236,251,274,248,228,150,181,167,218,156,142,147,137,115,102,103,77,80,47,43,37,35,20,12,13,8,5,5,4,6
인천광역시 부평구 부평2동(2823752000),"14,911","14,911",74,48,56,71,63,75,62,96,99,104,121,90,123,98,118,110,120,114,111,140,129,149,161,160,200,238,232,274,257,220,230,201,207,192,185,179,207,193,220,244,224,229,227,177,199,214,209,239,270,273,236,244,277,253,278,257,257,251,249,301,257,293,298,254,218,198,223,171,160,179,155,138,160,136,130,136,94,95,97,129,87,68,62,57,50,40,48,27,30,25,10,19,7,12,5,2,3,0,0,2,1
인천광역시 부평구 부평3동(2823753000),"12,686","12,686",52,45,60,61,54,76,59,75,51,55,61,74,65,81,99,83,70,80,87,96,105,136,130,158,142,163,163,194,185,188,204,184,167,189,145,132,137,140,145,197,181,174,175,173,160,175,171,180,214,218,198,218,204,218,235,221,245,228,257,237,249,306,243,243,211,218,200,187,156,185,129,130,130,140,120,112,88,88,100,120,104,68,70,61,61,62,38,48,29,28,20,15,10,17,10,9,4,3,0,1,3
인천광역시 부평구 부평4동(2823754000),"36,983","36,983",184,178,236,230,226,281,274,248,219,240,241,220,227,233,216,240,193,233,272,285,301,375,414,498,550,631,762,771,802,889,808,693,674,632,607,651,584,605,659,646,660,640,559,485,544,519,481,543,601,561,581,663,620,633,598,595,617,593,565,586,617,646,553,533,508,423,461,400,285,322,261,246,252,252,268,265,165,188,151,184,176,128,142,113,105,100,87,60,54,37,34,28,22,15,6,11,7,1,2,0,3
인천광역시 부평구 부평5동(2823755000),"31,764","31,764",225,202,190,226,234,255,271,226,241,259,221,223,184,220,226,206,210,194,210,263,265,316,346,413,498,553,621,601,672,703,698,623,613,570,477,535,530,513,542,599,633,615,528,504,477,443,428,486,542,520,496,532,539,535,477,492,507,498,428,522,474,535,454,407,394,363,377,330,221,251,194,192,192,205,200,167,136,129,137,156,118,112,104,105,78,71,51,51,35,37,29,21,21,13,10,7,4,2,1,1,3
인천광역시 부평구 부평6동(2823756000),"14,951","14,951",72,82,93,95,107,110,116,114,92,95,101,95,80,67,101,86,79,85,103,104,105,138,147,212,215,223,233,248,243,253,254,221,224,222,221,236,232,219,241,275,274,252,234,196,210,202,198,246,224,228,244,242,261,273,245,258,267,251,231,290,270,304,252,225,240,210,202,208,184,151,134,112,115,116,118,87,84,74,88,111,85,74,67,70,62,49,48,32,29,21,12,3,15,12,8,7,1,2,2,2,0
인천광역시 부평구 산곡1동(2823757000),"12,111","12,111",54,50,51,63,72,65,80,61,72,77,78,72,77,81,95,100,91,100,97,107,110,102,135,128,147,157,135,170,180,175,185,156,154,171,149,153,151,131,172,182,193,193,169,143,166,146,141,192,163,189,229,216,221,241,195,211,219,232,208,222,249,262,242,235,249,202,219,177,151,129,104,111,122,99,107,104,77,88,79,98,63,62,54,58,46,46,37,28,30,25,22,15,6,9,10,10,2,1,2,1,5
인천광역시 부평구 산곡2동(2823758000),"30,947","30,947",102,123,146,185,248,281,317,339,324,375,361,349,391,354,409,336,347,361,362,363,375,415,418,341,409,358,378,382,389,357,351,311,318,288,298,312,345,337,422,455,561,550,539,455,554,510,493,599,576,551,569,591,574,548,491,551,551,591,499,523,607,580,516,453,375,376,386,336,281,266,193,211,218,209,191,191,126,118,117,155,108,99,100,86,74,80,61,40,45,29,29,23,17,8,14,6,5,4,3,1,2
인천광역시 부평구 산곡3동(2823758100),"22,026","22,026",60,62,95,78,95,128,129,121,159,173,160,183,164,194,196,183,231,196,225,213,236,274,245,266,303,275,297,291,285,289,275,238,249,232,220,176,196,216,244,249,284,270,246,276,288,295,260,333,372,361,403,396,365,422,399,384,360,411,396,447,449,512,448,430,430,363,341,312,247,264,180,212,224,228,219,206,165,143,148,204,147,125,134,119,115,88,99,83,64,63,46,42,31,12,21,7,8,7,4,5,12
인천광역시 부평구 산곡4동(2823758200),"17,696","17,696",60,81,96,95,114,114,144,118,148,144,158,165,160,176,169,170,155,186,193,161,238,266,252,259,213,233,244,259,269,265,230,224,206,209,188,187,199,177,219,271,234,257,244,252,265,223,290,305,277,313,324,330,326,315,346,324,306,353,294,355,373,322,318,279,291,243,232,201,152,168,132,150,116,115,116,105,69,99,67,104,99,72,78,72,62,64,56,42,31,28,18,20,11,10,12,7,4,3,3,2,2
인천광역시 부평구 청천1동(2823759100),"6,911","6,911",14,25,36,24,25,31,33,41,24,47,43,41,34,52,47,37,56,62,46,57,78,71,69,78,77,91,109,104,98,91,86,88,74,87,91,75,72,75,75,97,91,102,114,101,88,79,73,108,132,122,140,136,160,156,138,149,142,148,126,165,145,173,156,124,129,139,115,102,75,70,57,52,59,53,57,55,43,40,38,47,39,31,27,26,18,16,18,12,12,6,9,5,10,5,3,3,2,4,1,1,3
인천광역시 부평구 청천2동(2823759200),"35,318","35,318",218,247,237,245,237,280,311,279,284,292,310,260,290,281,324,290,277,277,327,283,342,420,386,410,498,508,502,560,565,562,558,546,528,498,508,479,459,499,577,566,596,552,551,458,519,460,466,540,548,584,611,607,587,701,648,668,642,676,627,707,642,698,632,591,484,472,419,392,338,334,244,206,252,226,227,197,144,150,158,187,157,120,128,103,97,68,67,71,57,48,40,24,21,19,12,10,7,1,0,2,5
인천광역시 부평구 갈산1동(2823764100),"16,532","16,532",62,64,76,73,79,83,79,100,75,105,96,98,89,104,127,116,129,119,175,168,177,217,204,228,264,253,254,298,277,310,274,208,237,215,251,207,208,187,218,219,221,228,226,219,187,221,223,249,285,295,294,325,347,336,326,330,301,380,305,331,344,371,334,284,245,223,216,222,150,181,115,132,115,139,115,107,78,85,87,95,82,54,77,74,46,44,32,27,23,14,14,14,12,6,4,4,1,5,1,3,5
인천광역시 부평구 갈산2동(2823764200),"18,627","18,627",77,68,96,104,98,105,134,125,110,141,127,126,128,130,125,120,132,149,174,141,193,219,210,205,208,236,243,248,286,294,315,276,259,241,271,243,220,256,239,270,286,265,239,223,191,222,235,244,265,267,280,314,285,352,355,305,340,382,361,401,425,438,386,384,349,306,320,238,240,221,164,184,154,170,144,138,108,104,91,119,109,77,81,69,69,50,75,56,39,34,31,23,16,21,12,9,3,4,3,2,7
인천광역시 부평구 삼산1동(2823764600),"33,109","33,109",122,126,139,162,206,223,246,297,252,296,304,311,311,337,352,343,342,315,358,369,401,462,458,443,448,472,477,444,442,415,414,337,348,339,332,355,344,372,428,449,492,525,527,504,508,509,514,558,605,613,624,651,708,712,615,698,572,630,542,603,629,625,554,529,469,431,411,385,290,324,225,206,222,215,210,194,154,157,158,184,149,147,141,135,105,104,78,67,68,60,46,39,28,24,17,7,6,4,4,3,4
인천광역시 부평구 삼산2동(2823764800),"28,617","28,617",90,96,118,169,202,211,283,275,327,356,390,410,369,409,431,420,361,410,466,399,443,453,448,374,371,337,310,330,267,287,284,242,239,245,246,237,256,260,366,419,416,483,484,484,517,527,545,629,641,691,697,659,635,633,503,495,506,461,427,437,447,451,416,319,338,271,268,230,204,194,143,147,161,138,135,145,96,102,86,121,110,75,80,60,64,73,50,39,38,32,24,20,13,12,9,7,4,6,6,1,6
인천광역시 부평구 부개1동(2823765000),"16,106","16,106",50,50,65,73,69,77,85,104,87,115,91,110,96,108,98,102,95,94,107,125,122,155,151,169,193,211,204,257,256,269,235,196,189,182,177,164,172,168,209,219,248,262,245,202,206,226,178,236,221,273,262,289,254,326,242,297,284,304,255,328,347,351,333,317,343,308,285,259,259,212,176,166,203,160,177,160,109,122,128,153,118,78,77,82,82,58,43,40,27,18,23,12,9,6,9,8,2,2,1,4,2
인천광역시 부평구 부개2동(2823766000),"20,063","20,063",121,112,112,125,137,156,153,172,157,146,178,172,165,176,185,184,156,175,182,192,208,244,231,248,254,268,314,257,313,307,305,282,312,273,261,266,271,297,302,352,319,328,280,289,282,330,319,334,342,348,337,379,342,368,324,334,354,381,334,342,373,400,329,292,293,237,276,234,166,184,174,157,150,151,135,130,86,98,96,107,91,92,68,57,46,53,50,38,29,24,14,10,5,12,4,5,0,4,1,1,4
인천광역시 부평구 부개3동(2823766100),"30,550","30,550",127,133,129,149,141,176,221,200,182,216,230,275,294,269,339,293,285,293,368,382,406,397,405,412,452,442,469,520,514,527,474,404,390,414,382,360,350,346,372,390,430,446,441,397,464,452,481,573,539,557,592,630,590,591,570,601,653,636,560,598,584,611,530,432,432,343,336,290,223,266,201,204,165,200,162,180,133,127,127,153,110,116,110,93,74,75,61,54,41,49,30,32,22,22,10,9,3,4,3,1,3
인천광역시 부평구 일신동(2823767000),"12,439","12,439",48,58,66,86,99,111,111,100,113,117,141,111,90,89,92,92,103,94,103,119,112,101,147,128,146,174,170,177,189,172,202,175,160,162,135,172,159,149,185,197,207,183,178,178,160,159,161,195,176,196,168,187,206,223,195,176,193,256,217,258,258,285,268,247,212,188,214,190,118,151,103,97,109,121,100,72,65,74,66,59,48,52,51,47,38,29,30,30,24,21,12,8,7,5,3,3,4,3,0,0,0
인천광역시 부평구 십정1동(2823768000),"13,903","13,903",44,57,54,56,71,88,84,113,107,95,94,110,109,108,108,105,118,125,112,107,114,140,170,154,186,176,209,187,182,199,174,147,168,149,133,143,138,164,174,193,221,202,190,209,184,184,198,242,236,231,235,241,250,271,275,277,269,278,267,265,293,293,277,240,248,223,216,183,144,181,126,120,116,138,114,112,93,80,100,114,84,80,81,69,53,44,35,39,21,18,19,13,10,9,11,6,1,2,1,3,3
인천광역시 부평구 십정2동(2823769000),"22,834","22,834",72,68,69,96,90,121,116,132,145,140,145,151,126,127,159,159,137,128,160,160,191,218,223,269,278,315,326,353,382,306,321,299,293,255,238,271,267,283,285,306,373,302,310,289,265,309,320,337,359,374,386,450,418,472,427,451,474,505,464,513,505,551,482,418,432,379,405,337,275,290,201,271,198,215,201,174,122,164,153,178,132,126,106,101,94,76,59,42,46,28,26,19,15,7,11,5,0,5,3,1,3
인천광역시 계양구 (2824500000),"294,795","294,795","1,230","1,294","1,386","1,496","1,494","1,803","1,997","2,001","1,976","2,272","2,317","2,386","2,232","2,434","2,677","2,415","2,311","2,621","2,921","2,837","3,308","3,757","3,921","3,909","4,129","4,357","4,464","4,710","4,738","4,655","4,496","4,027","3,815","3,658","3,506","3,389","3,580","3,440","3,788","4,240","4,414","4,233","4,405","3,902","4,011","3,960","4,264","4,760","5,169","5,250","5,417","5,765","5,796","6,196","5,729","5,871","5,917","6,100","5,769","6,345","6,564","6,368","5,630","4,966","4,527","3,950","3,755","3,313","2,575","2,632","1,920","1,804","1,883","1,773","1,832","1,646","1,192","1,250","1,202","1,466","1,317","1,034","1,056",936,817,828,654,561,450,370,283,264,188,146,121,94,41,49,27,23,28
인천광역시 계양구 효성1동(2824560100),"27,562","27,562",131,117,139,128,156,182,184,180,177,181,237,216,195,232,261,213,203,242,258,244,300,353,352,336,373,381,406,420,411,401,387,382,326,356,354,311,342,349,342,427,418,384,416,336,357,323,362,446,437,449,451,547,505,547,518,516,537,571,539,596,612,655,571,508,482,408,376,342,287,248,242,188,207,180,192,161,124,136,116,156,132,113,119,93,70,82,64,52,49,30,28,19,19,23,4,13,6,5,2,3,5
인천광역시 계양구 효성2동(2824560200),"28,832","28,832",92,107,128,162,140,173,219,198,212,238,218,248,226,237,289,227,247,269,292,290,321,360,388,390,388,439,420,453,454,420,408,331,336,287,316,296,322,327,362,403,377,423,414,341,382,400,398,445,528,505,509,537,536,588,576,558,536,618,599,706,665,669,589,534,424,401,409,349,272,293,236,196,225,195,200,172,127,132,147,142,123,100,117,101,76,61,50,49,42,27,26,26,11,12,9,5,1,2,2,3,3
인천광역시 계양구 계산1동(2824561100),"19,212","19,212",52,54,59,73,57,72,72,79,84,88,85,105,104,104,122,112,95,126,155,145,201,230,252,265,286,295,314,340,312,332,269,289,242,233,229,217,226,207,237,273,249,252,267,219,224,221,243,273,340,308,318,378,395,429,391,456,424,445,395,455,460,444,394,375,356,346,311,283,210,228,161,161,137,161,158,148,100,106,95,112,82,81,85,67,72,65,57,52,19,29,25,22,7,7,9,1,2,4,2,2,2
인천광역시 계양구 계산2동(2824561200),"15,756","15,756",52,50,48,56,56,59,58,57,60,73,76,82,86,58,92,79,77,98,124,138,168,189,193,229,246,233,240,287,267,283,299,234,241,205,204,179,203,166,189,210,181,181,182,149,175,185,193,238,220,249,259,299,314,363,291,335,335,334,349,388,397,393,374,374,280,295,251,223,186,202,125,126,124,130,128,111,68,78,81,107,76,46,54,51,50,58,43,34,28,22,15,14,6,11,9,11,2,2,2,5,0
인천광역시 계양구 계산3동(2824561300),"19,014","19,014",69,59,66,69,56,87,88,85,96,126,120,107,118,132,136,143,125,162,168,164,182,248,254,248,297,360,341,368,428,380,368,363,307,290,287,232,258,242,220,251,275,190,217,195,228,228,227,249,288,324,327,380,371,399,384,446,417,449,415,468,520,491,374,357,325,239,259,221,173,162,88,91,99,85,96,73,59,69,55,68,68,52,50,64,54,39,47,29,34,25,10,12,21,13,7,2,3,2,1,0,0
인천광역시 계양구 계산4동(2824561400),"23,091","23,091",73,80,105,100,109,136,202,198,190,210,225,218,231,246,280,229,242,251,287,254,294,365,377,353,374,377,404,357,380,353,328,275,269,240,217,213,224,229,260,308,340,343,395,339,313,325,377,429,453,475,481,486,533,588,494,481,501,516,468,541,511,483,422,336,286,231,205,155,114,111,69,87,70,71,76,63,55,50,52,69,73,53,60,49,58,59,48,50,37,27,21,29,22,14,11,4,5,3,6,2,3
인천광역시 계양구 작전1동(2824562100),"27,651","27,651",95,115,130,143,153,162,191,171,202,224,236,235,208,236,269,249,234,293,314,312,340,407,417,361,418,398,422,455,411,422,392,364,320,342,314,308,293,331,343,375,396,403,421,389,332,381,406,460,513,501,536,548,557,576,565,556,522,592,561,553,594,551,540,482,435,377,357,290,240,236,177,149,171,160,150,150,98,89,116,120,124,99,83,78,75,53,57,51,42,30,28,18,18,9,11,6,5,4,2,1,2
인천광역시 계양구 작전2동(2824562200),"19,715","19,715",84,100,84,76,85,95,94,100,100,115,117,108,120,110,144,121,130,130,168,185,217,232,239,228,275,309,294,317,318,323,335,302,291,266,257,260,246,252,256,272,307,254,261,241,231,204,269,275,307,292,324,376,347,413,380,406,401,410,394,449,447,483,448,335,386,322,317,271,195,204,151,162,164,140,134,129,107,110,93,115,106,93,73,66,47,70,45,38,41,38,21,13,13,8,10,8,6,8,0,1,1
인천광역시 계양구 작전서운동(2824564000),"34,834","34,834",222,213,231,223,223,291,295,283,271,297,309,327,323,346,329,365,327,374,391,393,492,462,487,506,455,501,531,535,557,572,548,462,452,449,446,445,480,449,466,544,588,503,542,501,559,545,556,596,658,736,719,688,736,779,697,669,706,665,619,644,699,645,494,437,415,345,321,275,214,202,141,151,147,140,137,137,102,108,96,144,130,97,108,79,72,91,67,53,47,35,30,26,18,13,14,15,3,2,2,1,3
인천광역시 계양구 계양1동(2824571000),"20,759","20,759",90,100,96,114,129,143,125,174,148,163,171,151,136,159,182,167,151,168,183,183,222,258,263,258,270,279,297,322,333,346,301,272,261,258,221,213,246,220,258,275,295,308,318,300,266,260,286,305,349,341,373,407,399,415,375,417,434,430,408,457,457,441,427,376,313,255,287,266,201,201,164,135,150,129,160,144,89,107,92,126,110,100,80,69,85,74,54,37,36,36,22,27,19,11,14,4,2,5,2,2,1
인천광역시 계양구 계양2동(2824572000),"32,992","32,992",139,139,115,126,124,142,167,177,165,185,197,231,202,226,256,251,230,256,313,305,355,400,442,467,490,515,510,551,542,547,541,496,477,463,399,378,398,333,403,399,425,421,440,376,414,436,478,512,598,610,666,661,674,696,646,690,723,682,664,727,766,692,638,535,507,432,405,375,291,327,210,207,247,245,251,224,171,179,176,203,186,145,164,146,110,125,92,81,52,51,36,38,23,19,17,15,1,6,3,3,7
인천광역시 계양구 계양3동(2824573000),"25,377","25,377",131,160,185,226,206,261,302,299,271,372,326,358,283,348,317,259,250,252,268,224,216,253,257,268,257,270,285,305,325,276,320,257,293,269,262,337,342,335,452,503,563,571,532,516,530,452,469,532,478,460,454,458,429,403,412,341,381,388,358,361,436,421,359,317,318,299,257,263,192,218,156,151,142,137,150,134,92,86,83,104,107,55,63,73,48,51,30,35,23,20,21,20,11,6,6,10,5,6,3,0,1
인천광역시 서구 (2826000000),"562,119","562,119","3,346","3,782","4,034","4,526","4,889","5,530","6,009","5,848","5,875","6,281","6,327","6,162","5,650","5,796","6,072","5,678","5,354","5,583","5,764","5,530","6,121","6,726","6,635","6,690","7,107","7,263","7,610","7,817","7,962","8,216","8,137","7,527","7,356","7,651","7,282","7,662","8,119","8,367","9,462","10,278","10,824","10,424","10,477","9,133","9,396","9,054","9,294","9,956","10,188","10,166","10,527","10,376","10,075","10,343","9,468","9,196","9,388","9,417","8,283","9,038","9,125","9,203","8,311","7,261","6,822","5,975","5,895","5,066","4,056","4,328","3,073","3,103","3,113","2,975","2,871","2,600","1,913","2,014","1,805","2,224","1,891","1,478","1,480","1,360","1,147","1,080",974,746,697,552,438,344,306,254,166,121,86,59,48,41,71
인천광역시 서구 검암경서동(2826051500),"45,210","45,210",299,294,333,361,380,448,483,467,483,526,470,455,455,384,457,435,382,438,455,432,453,520,492,510,540,662,729,688,805,839,823,730,739,709,708,716,743,780,908,930,"1,001",911,965,799,827,774,778,859,815,814,812,819,791,782,747,658,669,676,576,601,600,640,592,504,479,375,367,346,277,297,203,220,219,184,188,192,135,152,159,143,115,115,88,84,65,61,41,37,35,31,34,25,17,18,9,8,6,5,3,0,6
인천광역시 서구 연희동(2826053000),"40,431","40,431",156,176,175,181,195,207,263,253,239,285,297,306,276,296,328,297,322,349,373,425,456,512,565,634,661,713,722,756,691,647,635,536,508,474,438,414,430,415,451,514,519,525,522,492,541,497,550,674,707,769,828,871,809,885,890,885,847,866,741,824,857,827,750,651,610,539,512,422,321,367,248,264,252,279,244,217,167,186,176,233,215,154,167,150,137,131,112,82,71,68,38,39,31,33,20,14,12,2,8,2,10
인천광역시 서구 청라1동(2826053600),"31,344","31,344",277,297,291,340,382,383,406,423,411,407,431,456,418,480,486,440,474,445,408,366,387,405,357,334,383,334,347,377,418,499,528,472,498,525,535,541,585,555,657,645,689,676,680,592,618,595,594,687,658,588,627,575,517,479,416,366,357,379,317,334,306,303,295,229,213,193,199,171,129,108,68,83,87,66,84,76,46,54,57,61,58,34,41,37,44,30,28,14,22,22,11,7,8,6,2,1,1,0,0,2,1
인천광역시 서구 청라2동(2826053700),"48,642","48,642",321,377,452,544,541,687,734,767,787,880,860,792,692,740,703,653,595,551,539,455,513,534,491,485,552,496,555,599,643,683,645,674,598,671,595,711,777,842,"1,001","1,066","1,114","1,212","1,207","1,014",996,998,944,964,928,895,838,833,741,704,675,636,639,721,570,538,594,537,495,468,403,316,337,280,255,230,142,150,164,132,132,117,87,86,78,94,86,61,61,51,51,45,38,41,38,29,19,14,12,11,3,4,4,1,1,2,5
인천광역시 서구 청라3동(2826053900),"31,773","31,773",272,354,384,425,499,543,578,510,505,529,508,496,450,455,435,412,328,357,385,294,329,375,307,304,329,305,316,336,364,426,425,403,403,491,475,579,564,672,727,766,852,755,763,682,623,586,586,641,568,599,566,490,506,468,391,377,386,346,339,357,357,401,326,272,229,198,189,145,128,113,73,93,77,77,69,55,40,48,39,68,31,19,30,26,22,23,22,21,15,20,10,9,6,8,4,5,3,2,1,2,1
인천광역시 서구 가정1동(2826054200),"32,256","32,256",262,335,323,367,472,470,512,441,445,438,387,307,284,233,276,232,212,224,274,220,268,347,354,327,360,368,374,389,381,401,409,429,415,500,553,562,636,612,745,728,750,699,661,512,535,463,465,492,475,475,500,498,518,513,446,467,510,512,472,524,471,518,487,405,410,380,350,282,241,246,177,166,172,180,158,128,97,119,88,126,100,72,82,78,50,50,41,41,37,24,28,20,23,14,8,9,7,4,1,1,6
인천광역시 서구 가정2동(2826054300),"6,443","6,443",35,26,33,29,24,30,39,30,39,31,26,33,25,23,33,30,29,48,56,56,73,105,96,90,101,111,107,114,105,106,114,120,89,102,84,61,65,80,79,88,93,72,73,56,55,62,61,74,94,123,134,142,139,145,164,156,146,138,156,179,188,166,151,133,112,115,94,79,54,57,44,47,31,32,37,22,25,23,13,29,16,9,19,19,14,11,13,10,11,8,5,5,4,5,8,3,1,2,0,0,1
인천광역시 서구 가정3동(2826054400),"9,556","9,556",33,29,38,38,39,44,36,50,46,52,58,63,56,54,60,60,65,71,86,104,92,122,141,137,158,156,178,185,149,175,164,161,136,109,118,107,117,90,85,94,124,102,126,107,114,112,121,125,156,139,184,167,208,259,199,197,240,244,229,228,222,244,206,217,157,147,139,115,82,95,57,61,66,62,54,47,35,39,35,46,38,34,32,21,28,26,21,20,22,11,15,7,8,2,2,2,0,0,0,0,4
인천광역시 서구 석남1동(2826055000),"22,202","22,202",78,73,94,81,93,124,113,114,124,143,168,153,132,127,149,141,141,152,164,169,204,241,236,267,311,291,359,376,380,373,348,332,290,288,276,222,273,270,273,308,328,298,296,273,298,274,285,344,361,341,378,416,421,482,411,446,497,503,413,486,563,549,456,430,384,353,368,291,245,258,189,203,191,189,189,165,103,121,102,117,100,73,80,71,67,59,56,41,43,27,33,23,14,15,12,6,4,3,2,1,4
인천광역시 서구 석남2동(2826056000),"12,960","12,960",46,36,53,45,52,60,67,71,72,89,83,95,73,85,90,79,83,91,95,98,139,140,152,156,161,168,151,170,179,183,200,150,129,135,125,143,132,150,149,176,168,163,183,161,175,148,171,204,212,184,255,231,231,268,232,274,307,281,258,312,304,325,286,239,263,213,242,187,150,193,153,129,121,126,129,118,83,88,68,86,70,55,63,52,44,39,34,27,21,17,11,13,13,7,9,3,2,1,2,3,2
인천광역시 서구 석남3동(2826056100),"13,766","13,766",33,35,41,47,46,42,57,69,73,78,87,112,94,103,93,104,127,121,130,143,151,161,184,186,241,185,229,234,251,230,215,166,178,154,140,145,137,123,150,166,185,186,178,164,188,169,197,222,219,244,260,246,277,295,294,269,268,298,286,295,315,331,276,259,217,228,195,209,139,157,114,102,111,110,106,99,78,76,73,81,76,54,52,44,37,43,53,23,21,21,21,8,12,6,6,2,2,2,3,1,2
인천광역시 서구 신현원창동(2826057500),"31,345","31,345",144,200,190,235,241,314,307,300,289,319,340,322,260,298,308,291,238,279,305,308,310,372,372,391,377,372,429,457,402,431,361,387,425,394,368,393,398,441,493,530,560,516,520,441,482,444,440,470,505,536,543,571,551,612,579,558,577,571,546,618,641,652,655,502,481,428,422,393,275,299,218,200,214,167,192,169,115,127,105,143,103,79,60,73,69,52,46,49,37,34,25,23,19,13,11,7,2,5,2,4,3
인천광역시 서구 가좌1동(2826058000),"12,698","12,698",58,59,59,66,59,59,53,71,68,80,67,92,76,78,85,84,71,100,95,114,127,141,184,159,187,195,230,201,216,229,207,192,183,163,162,144,153,146,150,156,187,153,170,161,168,157,186,212,214,232,245,244,255,259,242,241,278,240,219,277,289,260,256,216,202,192,183,176,110,131,109,98,106,91,92,94,56,81,77,86,72,57,59,52,29,28,33,28,19,13,11,6,4,8,4,1,3,1,2,1,3
인천광역시 서구 가좌2동(2826059000),"19,826","19,826",87,102,91,92,112,120,159,146,155,153,184,167,151,155,174,212,190,204,196,185,227,264,278,250,282,266,261,281,297,275,310,260,267,238,219,226,223,217,235,270,277,319,287,258,253,248,272,313,358,311,350,339,373,437,360,359,408,405,375,424,424,413,379,341,366,287,277,250,211,214,153,123,155,144,116,114,92,66,83,81,86,64,68,62,61,55,45,35,41,20,17,19,21,10,7,3,8,0,3,4,1
인천광역시 서구 가좌3동(2826060000),"16,538","16,538",40,67,53,49,56,66,75,92,74,90,89,86,102,110,139,119,118,137,136,149,152,206,194,211,235,243,275,246,265,254,269,190,163,163,160,179,183,175,182,207,186,202,186,223,217,171,208,228,258,275,323,304,308,320,328,333,337,357,304,370,391,409,351,338,338,285,302,238,208,219,145,156,140,165,154,153,89,108,80,115,95,87,83,70,66,58,51,39,38,26,25,18,12,15,6,11,7,5,2,1,2
인천광역시 서구 가좌4동(2826061000),"10,438","10,438",63,71,71,78,67,76,97,62,74,67,64,77,76,75,75,83,53,54,89,75,95,84,105,110,106,125,125,150,138,151,166,110,143,149,137,159,163,162,182,169,181,178,195,146,110,143,135,156,145,147,153,188,173,194,203,187,169,204,193,224,217,223,240,196,167,156,194,134,120,128,89,94,79,85,65,68,44,45,54,61,44,44,43,47,22,27,34,20,23,13,11,11,11,9,7,5,0,2,2,2,2
인천광역시 서구 검단동(2826068000),"32,806","32,806",184,194,188,222,226,276,286,275,280,271,344,340,300,333,347,344,331,310,359,321,387,397,422,430,417,475,483,485,524,507,531,434,424,425,400,408,429,446,479,518,644,550,556,487,524,504,602,536,670,600,679,615,692,657,585,566,593,587,481,568,533,595,498,409,421,350,333,283,243,250,168,209,199,186,196,154,111,129,103,149,128,88,97,86,75,81,68,44,30,35,24,14,18,15,11,5,9,3,3,0,5
인천광역시 서구 불로대곡동(2826069000),"22,610","22,610",75,95,127,134,162,167,179,226,211,262,246,271,271,259,303,244,259,262,298,280,302,315,282,298,273,283,302,264,260,267,249,222,221,207,191,236,217,246,285,342,352,381,414,369,455,437,438,438,459,517,522,507,450,483,434,393,387,412,320,328,308,313,279,285,240,225,242,175,153,209,149,151,148,157,147,148,129,96,104,115,111,86,100,78,76,60,48,53,38,31,16,13,9,9,3,7,0,3,2,2,3
인천광역시 서구 원당동(2826070000),"23,880","23,880",132,151,125,185,182,254,290,255,274,323,348,308,320,341,357,326,344,335,294,336,325,331,297,269,267,279,256,245,255,282,238,247,243,274,245,262,328,343,382,448,479,461,521,448,497,546,523,572,558,612,563,546,464,447,395,350,331,302,241,245,252,220,220,196,204,180,180,177,145,167,101,134,116,111,112,108,85,93,67,78,77,50,58,66,43,40,38,32,33,12,17,16,17,5,11,7,4,3,3,2,3
인천광역시 서구 당하동(2826071000),"27,716","27,716",164,190,219,227,259,274,309,277,323,331,338,355,297,326,326,329,291,323,325,279,356,354,356,371,377,400,381,415,399,391,398,396,368,431,332,397,399,409,494,568,541,610,558,485,518,457,503,507,543,540,555,563,496,511,443,460,471,396,388,400,358,395,287,264,243,209,217,207,148,167,123,106,122,125,110,101,66,68,68,79,88,64,60,57,49,35,36,22,32,35,21,13,13,11,7,3,3,2,0,2,1
인천광역시 서구 오류왕길동(2826072000),"25,397","25,397",130,148,176,218,194,230,276,285,228,311,299,260,265,275,301,259,260,235,256,259,279,299,285,309,357,320,314,317,329,323,315,322,266,306,291,313,303,317,396,464,461,451,445,425,437,418,428,424,497,480,470,500,456,466,451,443,421,461,385,421,468,453,393,332,343,306,268,223,195,194,160,137,162,143,137,121,110,100,87,121,96,82,75,68,51,62,64,34,32,27,25,23,15,25,8,8,4,3,4,3,5
인천광역시 서구 마전동(2826073000),"22,626","22,626",116,126,142,147,166,192,216,250,253,261,270,302,264,328,313,313,291,353,304,296,343,338,321,304,298,339,310,321,292,288,259,253,248,219,235,209,264,274,311,366,407,350,383,367,376,450,462,467,492,462,472,457,437,441,425,386,372,339,323,314,311,270,285,249,226,206,159,180,153,150,134,131,123,106,123,93,94,76,71,87,70,74,49,57,33,46,38,27,28,23,15,12,14,6,6,4,4,7,4,5,0
인천광역시 서구 아라동(2826074000),"21,656","21,656",341,347,376,415,442,464,474,414,422,355,363,314,313,238,234,191,150,144,142,166,153,163,164,158,134,177,177,211,219,256,328,341,422,524,495,535,600,602,648,759,726,654,588,471,389,401,345,347,296,283,270,254,262,236,158,189,178,179,151,171,156,159,148,126,114,94,126,103,74,79,56,46,58,58,37,41,26,33,18,25,16,23,13,11,14,18,14,6,10,5,6,6,5,3,2,3,0,3,0,1,1
인천광역시 서구검단출장소 (2826500000),0,0,0,0,0,0,0,0,0,0,0,0,0,0,0,0,0,0,0,0,0,0,0,0,0,0,0,0,0,0,0,0,0,0,0,0,0,0,0,0,0,0,0,0,0,0,0,0,0,0,0,0,0,0,0,0,0,0,0,0,0,0,0,0,0,0,0,0,0,0,0,0,0,0,0,0,0,0,0,0,0,0,0,0,0,0,0,0,0,0,0,0,0,0,0,0,0,0,0,0,0,0,0
인천광역시 강화군 (2871000000),"69,801","69,801",255,314,271,268,266,294,321,377,348,457,419,436,465,478,479,466,453,433,483,435,488,558,537,492,493,492,484,556,510,469,517,524,463,482,502,434,512,524,619,632,736,678,692,684,729,740,743,812,914,933,995,996,"1,021","1,123","1,131","1,098","1,284","1,264","1,217","1,497","1,681","1,773","1,737","1,726","1,599","1,532","1,516","1,420","1,254","1,347",941,"1,004","1,103","1,087","1,157","1,129",785,838,916,"1,011",905,797,720,693,584,598,541,482,379,305,249,180,138,112,71,54,48,40,21,20,15
인천광역시 강화군 강화읍(2871025000),"22,800","22,800",126,145,109,116,126,128,144,171,158,206,182,200,223,213,218,243,226,214,234,209,224,252,232,208,209,203,209,246,206,196,209,218,196,181,189,165,208,209,253,258,324,269,298,269,327,288,320,334,376,398,395,388,375,377,368,354,392,363,339,407,440,462,417,422,412,386,376,369,308,363,228,227,272,273,295,274,186,213,213,265,228,191,167,157,156,131,119,99,76,66,49,30,39,22,11,7,11,8,3,4,2
인천광역시 강화군 선원면(2871031000),"7,966","7,966",27,28,37,38,37,63,48,54,60,75,68,66,67,67,72,65,72,62,85,55,51,100,85,63,71,67,53,63,57,59,73,51,55,62,71,51,68,68,69,84,87,104,96,99,102,121,111,114,116,129,110,124,110,128,128,144,127,134,127,178,218,185,187,184,155,162,139,156,114,99,101,93,101,91,100,87,77,90,78,86,74,67,63,68,43,59,47,34,35,26,23,16,11,12,9,8,5,4,2,1,0
인천광역시 강화군 불은면(2871032000),"4,937","4,937",9,17,19,17,12,13,14,12,13,30,21,18,18,33,25,20,15,21,17,18,32,29,29,24,22,24,36,33,45,28,27,37,27,35,28,26,32,25,30,41,48,41,41,42,35,37,27,54,53,54,47,83,68,69,79,73,90,78,90,120,139,160,150,142,137,143,129,119,112,119,85,92,79,110,90,91,57,63,65,65,72,72,54,57,45,31,48,52,30,24,21,18,23,8,10,11,3,4,3,1,2
인천광역시 강화군 길상면(2871033000),"7,218","7,218",27,26,30,31,18,25,34,34,29,37,40,56,35,47,44,32,36,43,36,41,47,40,54,47,43,52,44,53,48,49,60,53,46,63,58,54,48,70,73,79,79,80,70,71,54,78,65,92,93,82,97,97,98,112,127,114,178,155,158,178,191,221,211,222,196,157,159,167,159,142,94,90,97,111,102,109,84,86,87,91,77,60,58,53,41,45,48,43,45,22,16,25,17,8,5,4,5,4,2,2,2
인천광역시 강화군 화도면(2871034000),"4,550","4,550",14,15,9,14,11,6,11,20,17,25,21,26,20,21,20,18,15,11,21,19,32,20,31,24,25,26,21,31,21,31,22,35,29,29,33,31,32,30,34,34,41,32,36,52,36,32,42,35,44,36,59,55,67,65,85,63,84,78,82,115,107,130,143,134,108,113,145,116,97,133,70,88,81,82,96,91,69,65,82,66,58,46,54,56,40,37,36,36,27,18,19,14,8,8,4,5,8,8,1,4,3
인천광역시 강화군 양도면(2871035000),"4,293","4,293",15,14,8,11,14,14,18,23,20,18,27,22,17,26,14,19,18,22,25,23,22,24,21,23,20,26,23,30,21,17,24,32,22,20,25,21,26,20,28,28,38,29,33,36,44,48,33,32,53,58,55,55,54,81,71,70,79,93,70,93,102,119,126,115,119,117,108,88,80,103,71,74,77,79,84,92,54,47,54,67,73,51,47,61,33,60,46,35,29,32,24,16,12,14,7,2,2,2,0,3,2
인천광역시 강화군 내가면(2871036000),"3,078","3,078",9,11,17,6,6,6,4,9,7,8,8,8,17,8,13,10,8,10,17,14,12,20,12,15,19,13,17,13,25,13,23,23,15,18,20,13,18,20,24,20,19,15,16,26,18,26,22,29,34,30,40,46,43,47,52,42,48,52,66,66,84,91,92,89,84,91,77,69,64,78,56,52,66,68,68,57,55,52,54,69,51,47,38,41,35,26,31,25,16,21,20,7,4,2,4,1,3,0,2,1,1
인천광역시 강화군 하점면(2871037000),"4,064","4,064",9,19,8,15,12,14,15,17,9,18,13,12,17,12,17,16,13,15,10,20,19,25,19,22,24,22,21,30,21,21,27,23,22,20,22,25,24,20,28,30,32,28,32,20,30,34,30,38,35,42,63,35,50,51,58,54,70,78,84,88,101,109,124,123,95,93,99,80,87,79,70,80,78,74,87,104,57,59,71,82,78,82,79,59,41,53,50,51,30,25,21,16,5,6,6,5,3,1,2,1,0
인천광역시 강화군 양사면(2871038000),"1,890","1,890",4,12,7,3,5,7,8,8,7,8,9,6,6,12,6,4,5,8,8,7,12,7,5,12,6,7,10,8,13,14,6,5,8,10,3,10,7,6,11,8,11,11,16,11,18,14,9,15,16,22,25,22,28,36,29,30,43,36,43,39,46,51,51,49,49,37,46,50,44,40,33,30,45,40,29,40,19,37,36,45,40,31,32,29,21,36,29,20,7,11,10,6,2,8,2,2,2,0,2,1,0
인천광역시 강화군 송해면(2871039000),"3,282","3,282",6,12,17,8,12,10,14,13,15,15,8,9,18,17,18,17,16,10,8,10,12,20,16,27,17,23,20,20,23,14,20,14,15,20,28,22,21,27,29,17,30,21,14,23,23,29,32,37,36,37,44,37,47,59,50,62,54,62,57,80,80,79,75,76,92,84,72,68,73,66,47,61,76,55,63,72,46,46,55,58,50,41,47,49,55,34,37,29,30,17,16,14,6,6,4,3,3,2,1,0,2
인천광역시 강화군 교동면(2871040000),"2,854","2,854",4,9,6,5,5,1,2,12,3,8,10,6,10,7,16,10,14,9,12,8,15,9,17,11,16,10,16,23,15,16,15,15,14,17,9,10,12,13,20,19,11,25,18,16,21,11,30,14,27,14,31,23,34,49,47,49,62,77,56,67,81,81,68,83,77,74,79,61,45,58,47,55,74,56,78,62,43,34,67,65,57,59,49,37,39,41,20,34,19,26,15,5,5,11,5,4,2,4,1,1,1
인천광역시 강화군 삼산면(2871041000),"2,226","2,226",4,5,4,4,6,6,8,3,8,6,9,6,15,15,12,10,12,7,9,9,9,10,15,14,17,15,10,5,10,8,8,10,11,6,11,6,12,13,15,14,14,19,20,15,18,20,16,14,25,30,28,25,38,43,28,31,42,41,32,54,71,63,74,67,67,56,60,62,51,48,26,47,47,29,55,31,29,35,43,40,35,39,24,21,25,34,18,19,26,16,11,7,5,7,2,2,1,0,2,1,0
인천광역시 강화군 서도면(2871042000),380,380,0,1,0,0,1,1,1,0,0,2,2,1,2,0,4,2,3,1,1,1,0,1,0,1,2,3,2,0,4,2,3,6,1,1,4,0,3,2,5,0,2,2,1,4,2,2,4,2,4,0,1,3,5,5,5,9,9,7,10,5,14,8,7,8,4,8,17,13,12,13,10,8,6,11,4,9,7,4,4,6,7,5,4,3,7,6,8,4,7,1,3,4,1,0,0,0,0,2,0,0,0
인천광역시 강화군 서도면볼음출장소(2871042500),263,263,1,0,0,0,1,0,0,1,2,1,1,0,0,0,0,0,0,0,0,1,1,1,1,1,2,1,2,1,1,1,0,2,2,0,1,0,1,1,0,0,0,2,1,0,1,0,2,2,2,1,0,3,4,1,4,3,6,10,3,7,7,14,12,12,4,11,10,2,8,6,3,7,4,8,6,10,2,7,7,6,5,6,4,2,3,5,4,1,2,0,1,2,0,0,2,0,0,1,0,0,0
인천광역시 옹진군 (2872000000),"20,373","20,373",72,78,79,78,85,93,102,87,87,110,112,107,96,98,109,106,90,112,117,159,172,267,268,308,260,282,242,255,242,214,245,180,187,171,171,180,163,156,194,196,203,213,213,203,244,218,260,249,256,250,282,279,280,313,340,337,373,387,392,471,525,508,500,461,480,421,464,408,317,356,228,261,287,251,262,307,212,163,182,223,171,147,145,128,130,126,102,81,86,61,74,43,36,25,29,20,17,13,7,8,15
인천광역시 옹진군 북도면(2872031000),"1,155","1,155",1,4,2,3,4,4,4,2,1,4,8,2,2,8,5,4,5,8,6,5,6,8,9,4,11,8,8,5,8,10,7,7,8,8,6,3,4,7,10,13,8,15,10,9,14,8,10,11,16,10,13,10,12,22,16,24,18,20,19,34,34,40,39,38,35,37,41,39,21,33,14,22,18,25,30,16,17,10,8,8,4,14,6,11,11,8,8,5,5,6,6,6,0,1,1,2,0,0,0,0,5
인천광역시 옹진군 북도면장봉출장소(2872031500),984,984,2,1,5,0,4,1,3,2,2,2,4,2,1,0,1,2,2,4,6,7,3,3,6,3,3,7,4,8,5,8,6,6,8,2,4,6,4,6,5,8,8,11,12,5,7,9,11,18,18,11,13,21,20,13,23,16,16,22,30,24,27,31,32,28,34,23,33,22,20,24,19,14,21,19,11,23,12,8,16,18,10,6,7,5,6,13,4,5,3,3,6,1,5,1,2,2,2,1,0,1,2
인천광역시 옹진군 백령면(2872033000),"4,958","4,958",18,24,31,36,29,24,36,33,25,41,34,28,26,27,28,30,21,23,31,43,60,101,105,131,83,117,99,97,78,72,91,50,58,69,52,73,41,41,59,57,51,57,60,52,72,63,70,62,64,60,61,49,51,61,65,61,77,83,69,90,95,88,104,93,74,91,72,72,70,65,37,39,63,42,42,50,34,30,36,40,35,29,32,22,31,22,18,23,28,16,11,8,10,9,7,5,6,5,0,1,3
인천광역시 옹진군 대청면(2872034000),"1,208","1,208",7,4,4,1,8,5,2,1,4,6,8,7,4,9,6,3,5,5,7,13,8,18,19,29,20,17,11,12,23,13,15,15,12,8,11,8,12,16,10,11,11,10,10,15,11,19,13,10,10,13,16,17,14,14,19,22,20,23,30,24,32,36,30,21,18,16,30,26,14,25,12,12,20,12,13,15,18,10,22,18,16,10,11,6,7,7,7,5,5,4,3,3,2,1,1,0,0,1,1,0,0
인천광역시 옹진군 대청면소청출장소(2872034500),220,220,1,0,1,0,1,0,0,0,0,0,0,0,0,0,0,0,0,0,0,1,6,4,9,6,8,7,2,4,0,2,1,0,0,1,2,1,3,0,2,0,3,1,1,0,2,0,1,4,0,3,0,2,0,1,2,5,2,4,2,8,1,5,5,8,6,7,3,5,2,4,5,7,6,4,9,9,3,2,3,4,4,5,3,0,0,1,0,0,1,1,1,2,1,0,0,0,0,0,0,0,0
인천광역시 옹진군 덕적면(2872035000),"1,887","1,887",5,0,3,1,4,3,4,3,6,9,5,11,7,8,3,9,12,14,11,12,14,16,13,13,17,13,11,6,10,9,7,7,4,9,2,6,11,8,11,11,9,10,8,12,12,17,22,20,20,26,21,33,26,31,28,34,45,43,44,45,53,45,56,49,58,45,59,44,38,51,31,37,29,36,38,45,36,24,30,31,23,15,16,27,24,24,13,12,10,8,14,5,4,2,5,4,3,4,2,3,0
인천광역시 옹진군 영흥면(2872036000),"6,585","6,585",26,30,15,23,24,37,39,35,36,38,39,48,42,37,46,39,38,39,40,45,41,59,54,50,54,53,46,70,60,59,75,58,63,50,64,61,61,54,67,80,82,76,80,78,79,73,88,80,90,82,113,94,105,128,127,123,133,136,129,166,211,164,158,165,169,137,148,148,101,108,80,90,92,74,82,94,61,57,44,64,61,52,38,29,26,25,33,20,20,16,19,8,6,4,9,4,4,1,2,2,2
인천광역시 옹진군 자월면(2872037000),955,955,2,3,5,2,0,4,1,1,4,2,1,2,1,4,6,2,0,3,3,5,4,10,7,13,7,8,9,5,7,6,7,6,4,3,4,4,6,1,5,2,4,7,8,7,8,6,9,13,12,10,17,16,14,15,21,17,17,22,29,29,22,31,22,22,31,21,29,15,22,26,19,19,16,21,14,23,16,9,11,14,6,8,14,10,14,8,8,5,7,3,7,2,1,1,3,1,1,1,0,0,2
인천광역시 옹진군 자월면이작출장소(2872037500),372,372,0,0,0,1,1,0,1,1,2,6,5,1,4,1,1,2,0,2,0,1,2,0,2,2,1,5,3,1,4,3,1,1,1,2,1,3,6,1,1,0,5,3,2,5,6,2,5,1,1,5,5,4,8,4,2,9,8,6,13,6,15,15,10,6,11,14,9,10,4,8,2,7,10,3,11,9,2,0,4,10,4,2,2,3,6,9,3,1,2,0,2,2,3,1,1,1,0,0,0,1,0
인천광역시 옹진군 연평면(2872038000),"2,049","2,049",10,12,13,11,10,15,12,9,7,2,8,6,9,4,13,15,7,14,13,27,28,48,44,57,56,47,49,47,47,32,35,30,29,19,25,15,15,22,24,14,22,23,22,20,33,21,31,30,25,30,23,33,30,24,37,26,37,28,27,45,35,53,44,31,44,30,40,27,25,12,9,14,12,15,12,23,13,13,8,16,8,6,16,15,5,9,8,5,5,4,5,6,4,5,0,1,1,0,2,0,1
