제주특별자치도  (5000000000),339248,339248,1835,2073,2335,2632,2852,3207,3580,3545,3583,3961,3906,3898,3602,3607,3822,3578,3476,3511,3712,3591,4002,4375,4210,4070,4238,4164,4276,4347,4341,4429,4056,3809,3568,3460,3563,3737,4022,4150,4655,5500,5667,5639,5747,4936,5296,5392,5494,6247,6150,6451,6803,6505,6400,6340,5872,5964,5670,5411,5598,5408,5348,5506,5102,4700,4439,4168,4044,3641,2643,2834,2517,2391,2205,2566,2323,2229,1821,1748,1559,1735,1531,1283,1216,1074,883,758,658,580,460,303,233,155,132,69,33,35,9,15,9,16,9,337895,337895,1775,1864,2255,2453,2722,2987,3308,3409,3480,3784,3621,3623,3373,3337,3649,3276,3054,3147,3346,3138,3368,3911,3662,3625,3726,3700,3902,3864,3964,4029,3881,3525,3444,3556,3484,3693,3926,4238,4766,5516,5632,5485,5774,4888,5101,4932,5060,5540,5904,6085,6392,5999,5962,5930,5340,5307,5155,5128,5182,5120,5290,5433,5076,4624,4421,4258,4232,3759,2942,3057,2659,2726,2627,2720,2743,2629,2159,2225,2141,2338,2280,2010,2049,1891,1688,1612,1410,1417,1277,1065,822,678,615,403,311,198,158,99,200,154,202
제주특별자치도 제주시 (5011000000),246383,246383,1428,1541,1747,2011,2164,2388,2658,2697,2686,2952,2848,2901,2691,2678,2873,2654,2597,2657,2829,2726,3058,3334,3221,3115,3214,3182,3250,3309,3342,3449,3131,2946,2721,2623,2738,2857,3083,3141,3546,4045,4251,4182,4241,3609,3827,3905,3926,4465,4452,4660,4858,4592,4595,4581,4191,4228,4048,3785,3979,3750,3724,3815,3460,3264,3081,2795,2778,2501,1799,1934,1672,1598,1481,1635,1530,1488,1195,1170,1042,1105,1001,827,789,703,584,493,424,367,305,185,159,103,94,45,23,23,7,6,7,9,6,246536,246536,1365,1444,1715,1899,2034,2217,2446,2537,2589,2846,2713,2679,2479,2469,2702,2489,2327,2390,2561,2389,2568,2987,2799,2825,2872,2890,3045,3005,3076,3163,2982,2716,2614,2720,2624,2808,2984,3177,3531,4130,4169,4075,4275,3650,3759,3603,3736,4082,4474,4569,4752,4505,4390,4313,3859,3855,3717,3654,3726,3659,3722,3766,3526,3229,3077,2896,2935,2556,2022,2044,1817,1855,1727,1778,1846,1796,1398,1489,1455,1515,1442,1308,1330,1254,1093,1100,885,897,849,680,546,440,433,282,211,137,116,70,145,112,129
제주특별자치도 제주시 한림읍(5011025000),10898,10898,42,47,49,47,61,84,103,105,89,95,112,103,113,90,82,91,100,98,102,87,108,118,113,119,125,104,106,105,125,113,108,76,104,84,91,100,108,109,169,125,154,170,169,154,153,172,183,205,218,228,268,222,223,261,180,229,220,213,195,212,205,196,203,206,172,144,150,156,109,124,107,93,90,94,99,95,75,87,72,62,64,57,52,58,40,25,26,22,25,12,10,5,7,5,2,6,1,0,1,1,1,10309,10309,31,49,53,75,66,76,82,66,81,122,105,91,88,89,81,62,69,62,82,67,84,90,77,91,87,81,93,99,92,89,90,75,77,88,95,96,95,119,121,142,153,143,158,160,163,144,129,165,170,170,166,200,160,176,158,171,173,167,152,185,190,197,192,168,153,166,141,133,113,121,107,110,118,124,103,115,99,96,105,118,92,88,97,99,87,80,76,72,63,68,38,39,23,13,19,11,2,5,10,7,10
제주특별자치도 제주시 애월읍(5011025300),19220,19220,98,108,123,135,187,209,217,236,242,267,241,209,223,184,201,166,162,163,145,175,164,211,168,180,201,191,207,194,215,207,176,172,172,171,168,198,219,227,281,347,360,320,329,312,360,340,337,381,391,377,388,382,357,386,315,320,363,346,338,340,346,336,290,281,300,199,274,205,148,166,150,159,126,159,147,121,96,104,100,105,95,79,80,65,64,51,39,33,34,20,15,9,11,4,2,2,0,0,1,1,1,18333,18333,110,100,131,154,133,174,185,205,227,220,217,217,188,176,197,165,127,129,126,145,141,165,155,155,153,144,148,142,181,201,186,177,184,186,164,199,238,278,276,320,330,326,389,307,288,260,257,311,293,311,332,310,330,331,275,293,289,309,293,293,267,304,240,252,235,202,241,206,172,163,142,154,143,123,146,178,109,131,137,116,153,131,151,134,102,108,89,92,101,66,64,40,54,34,30,16,14,6,16,13,12
제주특별자치도 제주시 구좌읍(5011025600),7919,7919,19,28,39,32,42,55,44,54,62,81,69,76,62,63,44,52,53,71,60,57,62,78,69,63,78,72,60,80,70,68,84,77,58,56,56,63,68,82,92,130,147,119,131,129,128,127,128,139,155,183,161,192,161,173,147,162,156,154,170,155,164,158,134,150,127,129,123,99,81,90,81,71,78,91,69,99,82,60,42,61,63,56,45,46,36,26,23,24,17,16,9,9,5,6,1,1,0,0,0,0,1,7532,7532,22,25,33,34,29,47,44,58,65,50,47,60,38,68,66,42,56,47,60,55,56,65,53,61,50,51,69,58,62,55,42,54,54,59,67,75,84,92,94,105,101,104,91,93,106,90,96,88,113,107,110,138,121,126,104,121,117,101,107,148,148,120,128,127,134,119,134,114,93,93,83,88,79,102,87,93,66,79,76,85,90,102,95,102,80,88,69,79,79,59,49,39,32,20,16,14,8,4,6,10,9
제주특별자치도 제주시 조천읍(5011025900),13109,13109,71,65,65,102,111,117,154,151,122,166,150,130,121,120,100,105,89,110,116,123,144,148,160,138,162,147,127,150,137,167,119,156,133,126,136,131,145,166,178,206,218,218,241,217,188,204,208,252,221,232,262,240,240,256,251,225,237,227,281,187,203,233,189,251,180,175,186,182,112,132,86,94,91,109,114,108,84,76,69,86,76,73,54,55,43,37,39,27,22,16,13,11,5,2,2,2,0,1,0,1,1,12444,12444,63,69,70,80,95,109,127,123,148,121,118,127,97,104,117,100,106,100,94,87,97,102,99,103,114,132,108,109,132,142,137,127,116,140,117,138,146,179,175,215,219,212,228,169,184,157,166,179,210,199,229,213,212,237,198,191,203,190,217,208,201,215,217,179,156,192,161,142,120,115,115,115,90,118,117,122,103,106,100,80,104,89,101,89,64,86,74,78,52,47,42,30,31,18,11,6,14,7,15,8,10
제주특별자치도 제주시 한경면(5011031000),4701,4701,19,14,17,28,18,30,39,32,48,34,39,41,34,26,32,27,19,24,26,31,47,40,38,40,33,23,48,45,38,45,21,28,23,24,21,33,48,47,59,67,78,67,85,74,97,87,83,91,90,86,131,90,110,110,80,83,112,93,92,97,95,105,105,93,95,92,74,63,49,47,65,42,49,51,39,51,37,45,28,52,32,30,31,26,21,21,16,15,18,10,7,8,3,2,1,0,0,0,0,1,0,4697,4697,16,21,34,18,26,30,30,35,34,43,33,38,31,32,34,32,19,26,35,23,30,35,43,31,31,29,31,25,29,37,32,28,28,34,28,42,44,43,56,72,92,75,80,59,60,70,38,57,64,76,70,69,63,68,75,72,79,68,83,69,78,81,85,103,88,81,84,78,52,61,45,58,56,64,55,38,45,54,56,55,57,53,59,70,57,56,56,40,54,39,35,21,28,10,9,3,5,4,11,5,3
제주특별자치도 제주시 추자면(5011032000),851,851,2,1,5,2,2,2,1,1,7,2,6,5,7,5,4,1,7,1,3,4,3,4,6,10,4,6,3,5,6,3,6,3,4,6,8,6,5,5,8,6,8,12,9,9,10,12,9,22,15,14,14,13,16,20,17,21,18,22,31,20,21,22,20,23,11,21,21,14,7,13,18,15,13,26,12,16,10,6,10,11,5,8,12,7,3,6,3,3,2,1,1,2,1,0,0,0,0,0,0,0,0,724,724,2,2,3,3,2,3,3,2,2,3,3,5,3,2,2,3,3,5,5,5,2,7,7,2,1,11,4,4,6,2,4,4,3,2,1,3,1,3,2,5,6,5,7,9,5,12,5,5,4,7,11,12,7,13,7,6,10,12,12,11,17,13,14,17,17,20,17,19,6,15,14,16,17,8,15,13,12,13,6,18,14,16,12,22,11,8,7,9,6,4,3,3,8,2,2,2,3,2,1,1,0
제주특별자치도 제주시 우도면(5011033000),897,897,6,4,6,7,3,3,4,2,5,7,6,4,6,5,3,3,7,3,4,5,4,6,4,6,9,9,12,9,13,13,8,7,10,11,9,9,5,12,5,8,16,11,18,11,17,26,16,17,16,24,18,19,14,16,20,30,19,14,16,23,25,21,20,19,14,13,11,15,4,16,14,8,9,13,10,9,5,5,1,4,4,2,0,8,4,6,8,1,1,0,0,0,4,0,0,0,0,0,0,0,0,793,793,4,1,4,4,4,6,5,3,1,2,5,6,3,4,3,6,3,7,6,7,9,8,4,7,2,7,10,8,9,7,8,7,9,7,9,5,6,5,2,5,11,12,5,7,8,10,7,7,12,5,16,18,19,14,10,13,11,28,18,15,14,17,13,8,15,8,10,11,8,6,10,12,4,15,13,10,6,8,10,9,13,9,12,9,16,9,9,7,6,11,8,2,4,3,3,0,1,0,0,0,0
제주특별자치도 제주시 일도1동(5011051000),1257,1257,1,2,4,1,5,5,4,4,6,6,4,9,7,5,4,10,4,3,8,8,9,7,12,11,10,21,8,14,10,11,16,14,7,14,11,12,10,11,14,17,13,13,21,17,15,18,25,16,24,23,16,27,23,29,39,33,34,22,24,32,33,26,22,37,33,28,20,27,29,17,13,15,11,18,19,11,14,9,7,8,11,8,6,6,4,4,3,1,4,3,3,1,1,1,0,1,0,0,0,0,0,1125,1125,1,0,4,2,4,5,7,6,6,6,5,6,3,6,6,13,5,11,7,7,6,8,7,11,6,6,10,11,8,10,11,11,7,10,6,8,7,10,5,14,11,13,14,8,12,14,13,16,21,11,14,11,15,19,19,26,19,25,21,14,19,27,27,21,25,23,38,31,14,19,21,15,15,19,23,20,13,17,22,10,15,8,14,8,6,12,9,5,4,6,3,2,6,0,1,0,4,3,0,1,1
제주특별자치도 제주시 일도2동(5011052000),15892,15892,100,72,109,117,114,148,162,162,171,174,188,203,183,175,193,191,185,197,197,191,214,234,242,236,203,194,217,220,214,220,215,169,173,166,179,187,191,179,181,223,238,228,243,231,242,181,266,255,254,272,297,263,270,246,296,263,246,235,272,238,250,284,260,232,243,192,206,162,122,127,144,115,103,127,112,115,81,90,95,73,68,68,75,46,39,41,27,23,10,12,9,6,5,1,1,1,1,0,0,0,1,16439,16439,72,80,103,122,130,155,154,149,162,187,158,171,184,143,207,156,149,155,184,172,185,209,182,201,183,190,205,173,190,199,206,154,164,179,162,157,175,179,206,226,258,235,223,202,204,233,244,248,273,304,336,259,274,270,261,263,280,283,286,290,298,302,275,259,250,199,256,204,169,155,146,149,132,135,150,127,121,122,102,129,107,78,90,87,63,69,49,45,50,46,39,19,20,19,7,5,11,2,2,3,4
제주특별자치도 제주시 이도1동(5011053000),3770,3770,16,16,11,18,25,23,35,27,35,40,28,39,41,41,44,33,33,43,51,40,34,50,57,38,57,46,56,61,57,48,63,49,56,44,51,43,42,45,41,58,57,45,53,40,49,65,50,61,62,71,68,71,61,58,65,77,71,59,57,68,57,68,68,66,58,47,58,46,35,35,26,33,33,24,34,27,27,18,13,19,24,17,9,14,16,12,8,9,5,8,7,1,0,3,2,0,0,0,0,0,0,3833,3833,7,16,16,18,20,18,25,28,34,37,32,25,28,25,35,37,42,28,48,47,47,54,47,59,63,51,63,68,46,54,51,53,38,38,34,37,40,36,40,53,57,41,43,39,43,43,55,51,62,58,70,58,73,68,58,62,64,61,75,74,63,71,76,55,64,43,56,39,31,44,40,43,43,29,28,34,22,20,31,24,30,26,34,24,19,27,17,19,26,11,8,9,10,4,3,4,1,1,4,2,5
제주특별자치도 제주시 이도2동(5011054000),24074,24074,147,150,143,190,201,238,297,275,265,304,297,307,303,279,322,303,307,311,323,307,346,379,352,351,331,374,384,363,339,404,334,355,295,254,316,312,296,313,370,371,402,422,378,348,342,358,387,422,435,403,491,442,430,426,391,393,348,322,331,333,330,333,312,263,260,276,247,192,147,167,143,147,116,148,128,136,110,98,84,89,74,57,62,33,49,32,37,34,16,6,17,9,6,0,2,1,0,0,1,0,0,25140,25140,140,126,160,168,185,201,238,248,265,297,280,285,252,296,284,343,299,307,323,305,304,350,334,352,355,352,345,350,383,355,354,287,246,310,300,278,311,328,362,409,445,427,415,373,392,370,379,449,491,477,481,461,457,417,402,411,316,356,391,371,371,374,345,325,309,268,252,249,196,195,166,184,153,143,179,171,118,98,90,104,90,115,79,79,81,75,51,68,56,44,29,32,25,21,18,8,4,3,12,6,6
제주특별자치도 제주시 삼도1동(5011055000),6565,6565,30,32,50,36,41,55,62,65,48,78,67,72,55,65,67,63,70,62,72,77,71,103,89,91,91,78,75,81,81,101,93,67,78,53,76,66,74,66,80,91,98,102,106,91,108,110,91,132,116,142,111,114,129,105,111,121,128,103,98,108,104,104,84,80,87,74,78,73,49,55,42,47,53,43,66,61,52,50,50,58,40,38,39,29,24,16,23,13,14,8,5,2,4,1,1,1,0,0,1,0,0,6836,6836,35,35,27,40,49,52,60,70,65,70,70,64,70,70,64,71,67,75,65,72,82,84,94,69,93,63,75,89,81,71,74,65,55,57,65,65,60,67,88,96,81,94,99,106,85,91,98,104,127,131,132,121,114,122,109,114,102,87,102,121,102,99,97,97,99,91,86,73,74,76,66,59,67,82,76,85,77,56,61,63,58,51,47,51,31,34,26,20,20,14,17,14,10,8,5,4,5,2,3,2,4
제주특별자치도 제주시 삼도2동(5011056000),4170,4170,25,22,18,31,24,27,21,31,26,32,32,29,31,35,43,36,31,33,46,36,55,42,48,45,60,52,62,55,54,50,65,62,56,40,41,36,53,50,59,74,56,55,47,50,59,55,73,74,80,80,78,92,83,85,67,74,73,77,77,79,81,84,79,72,61,74,60,56,37,40,41,26,35,26,28,38,28,28,20,25,27,20,19,21,9,10,9,11,10,1,6,3,0,0,1,1,0,0,0,1,0,3868,3868,15,25,20,22,25,15,25,27,23,27,25,29,40,24,24,29,28,29,29,36,43,33,34,26,29,35,45,52,66,41,46,64,31,40,39,35,41,41,31,60,43,59,47,44,46,42,56,64,56,85,68,63,67,64,72,68,66,60,73,62,50,83,75,81,69,84,74,47,40,29,23,43,35,60,35,46,39,47,33,28,38,22,27,26,18,24,20,17,22,18,12,14,9,8,4,1,2,2,3,2,4
제주특별자치도 제주시 용담1동(5011057000),3529,3529,8,12,17,15,11,29,16,23,29,29,30,30,30,31,31,29,32,36,32,33,38,55,43,38,53,45,44,62,50,31,50,32,38,24,29,38,40,37,31,42,37,44,47,40,54,58,55,71,74,67,76,66,73,68,85,70,56,52,62,83,61,84,61,53,56,53,50,49,39,36,21,27,33,43,22,28,36,32,24,18,26,26,17,15,18,7,6,5,8,6,2,2,2,1,0,0,0,1,0,0,0,3328,3328,12,10,16,17,23,16,15,23,26,25,26,33,24,24,33,33,25,29,38,26,39,38,24,43,39,40,43,45,28,31,34,23,29,32,29,23,22,29,34,38,27,49,42,39,39,39,56,64,46,57,67,61,67,55,68,46,63,51,63,48,61,83,55,58,44,51,43,48,32,42,48,41,33,38,38,39,32,40,24,38,32,26,26,14,20,17,16,18,17,9,21,8,9,4,4,2,3,2,1,2,5
제주특별자치도 제주시 용담2동(5011058000),7278,7278,23,30,42,40,48,56,54,55,66,75,70,55,70,65,85,90,76,66,73,78,84,81,92,77,92,97,93,115,98,102,99,84,102,73,62,74,79,68,98,96,107,108,127,95,107,104,89,133,113,139,128,133,129,144,129,134,125,111,103,139,121,135,106,112,105,113,99,103,76,80,77,73,59,57,61,52,56,68,53,42,51,26,32,33,19,22,17,14,17,9,4,1,3,0,1,0,0,0,1,0,0,7074,7074,26,30,49,42,42,51,50,62,45,74,63,69,57,59,72,70,62,73,61,60,52,88,84,79,72,69,100,72,85,76,69,66,62,59,61,66,75,61,98,80,95,91,111,74,88,94,84,97,112,127,123,101,101,128,109,108,157,112,112,121,132,126,129,118,126,102,115,91,76,91,84,71,72,63,95,70,56,70,66,79,56,52,50,30,48,44,40,38,29,21,21,14,15,14,10,4,3,2,4,6,5
제주특별자치도 제주시 건입동(5011059000),4522,4522,19,24,21,35,28,32,36,33,40,31,44,38,32,36,47,37,49,47,40,44,53,46,59,51,61,47,56,57,62,56,58,48,43,41,44,29,44,49,56,60,74,52,76,57,65,59,47,81,58,81,83,74,83,83,92,78,75,63,85,101,87,93,94,78,86,70,89,55,43,61,55,48,43,57,36,35,32,33,30,28,30,26,17,14,14,10,14,13,7,3,6,3,5,4,1,1,0,1,0,0,0,4328,4328,14,20,24,32,30,27,36,36,38,43,36,35,37,33,39,31,27,34,44,29,34,37,40,44,38,42,45,56,42,54,47,38,45,29,42,36,58,36,56,68,57,60,65,49,42,53,64,50,69,69,76,70,65,68,64,72,68,65,80,68,71,89,95,73,79,77,80,68,61,66,56,61,42,51,41,43,28,49,41,45,30,39,41,19,30,28,24,11,14,14,11,11,8,8,0,1,5,0,7,3,2
제주특별자치도 제주시 화북동(5011060000),11916,11916,73,87,105,113,99,102,129,136,140,171,152,165,172,153,170,156,157,152,151,143,168,183,170,158,158,163,144,175,157,141,138,129,119,121,117,127,125,153,159,195,179,209,219,178,176,175,176,221,207,226,237,215,201,205,207,207,181,183,192,194,183,198,169,152,142,135,117,123,78,90,82,76,71,68,45,56,44,56,46,45,37,27,32,29,23,10,18,13,9,10,7,5,4,1,0,0,1,0,0,0,0,12008,12008,52,73,88,100,112,103,120,125,152,142,160,131,137,140,156,120,127,138,127,120,140,149,145,144,140,130,132,146,133,122,149,121,122,110,104,112,135,137,155,205,181,218,210,171,182,160,188,203,222,225,239,237,211,222,225,181,208,213,185,195,197,181,182,151,145,149,133,119,100,95,82,88,85,82,78,77,69,76,56,68,68,48,59,52,51,46,35,41,28,28,22,13,17,13,10,6,4,4,7,6,7
제주특별자치도 제주시 삼양동(5011061000),12986,12986,91,113,142,151,172,181,222,231,209,219,243,213,186,180,193,160,145,164,170,140,148,151,149,153,147,149,141,144,133,173,154,128,142,138,160,166,169,208,237,295,289,285,303,222,237,237,240,227,222,231,225,212,191,202,171,184,161,153,166,148,148,171,120,109,120,104,117,112,59,80,47,68,65,71,63,54,39,34,38,22,36,20,41,26,21,22,15,14,12,7,2,2,6,2,1,1,0,0,1,0,0,12923,12923,95,107,133,151,172,184,205,219,196,219,203,189,196,162,171,124,142,128,125,138,106,146,110,129,145,112,113,130,142,163,132,141,127,146,169,184,177,215,241,293,296,251,343,235,236,212,218,208,229,225,220,194,204,218,176,170,151,153,174,148,143,141,151,128,123,122,117,100,77,83,71,81,62,55,76,58,50,50,62,55,47,49,44,51,38,34,31,29,32,20,17,13,19,11,4,7,3,4,13,5,6
제주특별자치도 제주시 봉개동(5011062000),2719,2719,22,29,25,41,36,31,22,26,33,17,21,30,22,28,24,30,14,23,26,14,28,29,35,41,38,35,28,24,42,39,38,38,27,39,27,41,42,41,38,55,54,47,49,31,41,38,33,40,51,46,51,42,53,47,51,34,39,49,44,43,34,47,50,23,32,46,28,35,25,19,20,19,17,11,20,16,14,11,15,17,18,10,9,8,12,10,6,7,6,4,4,0,1,1,1,0,0,0,0,1,0,2547,2547,21,22,29,28,28,34,17,19,18,16,17,25,17,17,17,29,19,23,26,21,21,23,23,17,25,26,33,34,34,37,47,36,28,36,43,39,39,29,40,34,48,38,38,48,32,38,34,32,39,54,48,46,46,35,39,31,36,30,31,32,50,24,49,28,31,20,39,24,21,24,20,13,22,20,20,22,11,12,17,25,17,20,9,19,19,17,16,11,17,8,6,5,6,6,2,6,1,3,0,2,3
제주특별자치도 제주시 아라동(5011063000),19150,19150,173,184,218,233,241,259,260,230,232,267,216,253,240,225,240,201,200,198,215,205,242,281,276,275,234,256,259,250,289,298,281,261,236,275,279,307,311,284,351,364,386,375,359,292,299,312,311,351,385,394,356,339,356,321,282,318,283,228,256,216,207,221,227,179,161,159,148,166,115,103,93,92,85,67,63,67,56,55,58,56,31,29,38,34,23,28,19,16,10,5,10,4,4,0,0,1,1,1,0,0,0,19683,19683,169,158,187,210,231,232,254,269,234,263,272,254,241,233,264,235,208,210,225,216,244,285,295,269,260,255,311,251,295,322,316,291,261,282,284,268,279,308,348,396,377,379,332,307,330,330,287,357,367,400,397,339,324,296,272,240,242,216,245,237,223,196,214,178,161,163,163,138,123,103,76,82,84,79,82,81,64,60,72,72,77,51,54,50,40,54,44,43,34,32,21,25,28,16,8,9,5,2,6,5,6
제주특별자치도 제주시 오라동(5011064000),8028,8028,71,72,103,117,123,114,124,112,109,108,98,108,84,108,89,87,83,83,99,112,129,100,91,98,92,90,95,111,96,101,96,99,103,95,109,128,134,138,125,171,154,196,166,137,120,175,132,128,126,142,155,140,129,125,122,126,107,117,92,74,91,91,80,81,88,73,76,66,43,49,34,25,43,37,32,30,16,19,24,22,26,17,15,15,15,15,7,7,7,3,3,4,1,3,0,1,1,0,0,0,0,7861,7861,71,74,106,117,116,121,105,106,108,119,129,100,78,74,70,56,79,79,83,68,74,92,85,57,89,75,72,77,82,102,111,82,110,115,107,140,133,139,152,177,153,154,171,134,131,116,135,126,155,136,133,146,144,139,105,120,90,101,91,99,98,97,90,91,80,61,68,51,42,47,42,27,44,38,38,39,18,36,35,38,21,29,26,32,28,19,8,16,15,16,11,11,6,6,5,6,3,1,1,7,5
제주특별자치도 제주시 연동(5011065000),20634,20634,92,112,100,124,127,163,184,181,179,189,207,233,171,235,235,217,218,192,220,226,269,300,290,292,345,377,424,413,450,428,387,348,285,303,279,277,268,298,314,362,375,347,330,331,291,313,296,366,332,382,388,397,396,383,358,320,315,282,316,275,320,282,288,258,228,210,226,172,146,153,124,106,92,120,119,103,71,61,54,71,72,47,33,33,19,31,19,13,16,9,4,8,6,5,2,1,1,1,0,2,1,21573,21573,99,100,116,119,142,132,175,189,175,214,179,199,171,202,208,203,181,195,199,182,241,322,292,336,395,401,427,424,376,400,315,314,295,263,240,273,296,275,305,366,376,359,385,336,347,326,353,360,417,427,450,449,427,422,317,365,323,324,319,310,372,342,294,276,256,253,231,216,154,143,145,122,123,138,114,125,85,82,89,95,65,57,46,58,51,59,29,32,45,38,17,19,19,14,12,7,3,3,3,6,7
제주특별자치도 제주시 노형동(5011066000),27103,27103,156,176,192,238,263,260,284,322,324,345,340,343,328,364,395,381,358,386,425,425,445,503,461,416,432,415,454,389,436,441,364,345,289,290,291,302,366,347,343,412,445,439,429,315,394,414,420,483,524,500,548,524,561,550,477,490,441,436,445,381,377,329,314,287,258,215,213,205,144,159,124,124,106,100,132,98,82,78,60,75,52,56,33,50,38,31,25,25,12,13,7,5,5,3,2,1,1,1,1,0,0,28280,28280,172,161,174,195,228,262,302,279,288,318,355,310,307,327,341,359,323,357,398,348,366,435,400,404,384,424,398,415,388,403,343,332,339,310,295,329,318,353,396,458,462,481,480,439,472,452,526,579,619,642,651,634,618,563,514,489,451,442,401,379,366,363,332,280,286,259,248,240,169,168,138,143,123,126,144,121,88,103,96,98,100,78,87,73,74,56,44,53,49,26,28,33,23,15,17,6,8,5,13,7,6
제주특별자치도 제주시 외도동(5011067000),11109,11109,105,111,119,129,145,134,152,166,161,170,157,173,138,134,178,149,159,160,167,135,149,135,146,138,138,134,96,136,121,137,103,144,120,120,134,125,173,155,204,194,233,228,224,174,202,204,202,217,208,237,230,201,225,210,165,155,160,158,153,133,116,131,102,90,112,89,63,73,65,48,40,52,35,52,49,42,30,31,36,35,24,17,24,19,13,11,10,12,12,2,4,2,4,0,0,1,0,0,0,0,0,11152,11152,85,109,105,119,104,122,156,163,168,193,138,172,148,127,172,132,127,117,140,108,128,132,126,103,92,120,120,108,128,135,141,123,141,144,110,157,168,170,196,228,228,201,252,209,215,182,194,207,244,209,250,229,194,184,167,141,131,141,132,114,113,144,102,101,89,89,101,76,52,63,53,61,55,46,67,45,45,37,39,41,46,40,43,45,40,31,27,34,17,20,19,13,15,11,9,4,3,2,7,2,6
제주특별자치도 제주시 이호동(5011068000),2335,2335,11,17,13,11,22,20,12,19,20,26,16,18,19,18,24,17,21,17,34,20,21,36,33,31,32,37,29,37,28,30,30,33,33,32,26,25,39,32,27,47,41,35,43,28,36,34,37,43,44,48,43,47,47,38,38,52,43,33,48,41,38,41,37,37,27,45,24,25,21,15,15,13,15,12,3,18,11,11,7,12,13,9,6,8,13,6,4,8,5,1,1,1,1,0,0,0,0,0,0,0,0,2132,2132,17,23,19,15,22,17,11,14,13,22,18,21,25,14,20,20,15,13,14,21,20,17,26,22,20,23,26,35,35,36,22,27,21,25,29,24,22,24,33,36,31,29,28,11,23,36,31,29,39,37,37,42,49,28,31,50,44,31,35,27,46,46,33,34,25,33,31,29,15,17,12,8,18,13,17,17,16,17,18,13,14,16,16,7,13,12,11,9,10,8,2,3,3,2,0,2,0,0,0,0,1
제주특별자치도 제주시 도두동(5011069000),1751,1751,8,13,11,18,15,11,20,18,18,19,15,15,13,8,23,19,18,14,24,10,23,14,18,19,28,20,22,14,21,22,25,22,15,23,18,22,29,19,26,29,32,35,39,26,37,27,32,37,31,32,35,35,34,34,35,29,37,33,35,30,27,22,26,32,25,19,20,27,16,12,10,10,10,11,8,2,7,5,6,9,2,4,8,5,4,3,3,4,6,0,3,0,0,0,0,0,0,0,0,1,0,1574,1574,14,8,11,14,16,25,15,13,15,13,19,17,16,18,19,18,19,13,17,24,17,13,13,10,6,21,19,24,23,19,15,16,22,19,24,19,14,21,19,29,31,19,19,22,26,29,23,26,20,20,26,24,28,30,24,31,24,28,28,20,32,31,16,21,18,21,16,10,12,10,12,11,12,7,9,7,6,10,11,9,8,15,11,4,6,7,8,11,3,7,3,8,5,2,2,3,1,1,0,1,2
제주특별자치도 서귀포시 (5013000000),92865,92865,407,532,588,621,688,819,922,848,897,1009,1058,997,911,929,949,924,879,854,883,865,944,1041,989,955,1024,982,1026,1038,999,980,925,863,847,837,825,880,939,1009,1109,1455,1416,1457,1506,1327,1469,1487,1568,1782,1698,1791,1945,1913,1805,1759,1681,1736,1622,1626,1619,1658,1624,1691,1642,1436,1358,1373,1266,1140,844,900,845,793,724,931,793,741,626,578,517,630,530,456,427,371,299,265,234,213,155,118,74,52,38,24,10,12,2,9,2,7,3,91359,91359,410,420,540,554,688,770,862,872,891,938,908,944,894,868,947,787,727,757,785,749,800,924,863,800,854,810,857,859,888,866,899,809,830,836,860,885,942,1061,1235,1386,1463,1410,1499,1238,1342,1329,1324,1458,1430,1516,1640,1494,1572,1617,1481,1452,1438,1474,1456,1461,1568,1667,1550,1395,1344,1362,1297,1203,920,1013,842,871,900,942,897,833,761,736,686,823,838,702,719,637,595,512,525,520,428,385,276,238,182,121,100,61,42,29,55,42,73
제주특별자치도 서귀포시 대정읍(5013025000),10805,10805,38,53,57,65,73,117,126,114,156,176,182,149,137,146,158,145,142,129,94,108,111,112,107,88,96,99,91,93,77,83,82,96,72,67,74,71,90,92,119,125,154,162,173,173,187,184,213,251,222,215,212,248,193,196,195,203,162,179,180,168,156,167,194,176,148,149,139,110,94,115,98,82,79,105,81,86,76,73,72,81,62,63,56,41,35,48,24,47,20,13,16,6,4,4,0,3,0,1,0,1,0,11503,11503,36,50,54,66,73,91,114,134,117,143,168,155,146,132,142,109,125,118,119,88,90,107,68,75,87,77,66,80,91,83,85,75,66,99,88,99,106,127,177,186,211,219,232,194,189,212,230,220,218,223,231,165,209,143,173,155,170,152,183,168,192,173,163,154,150,133,164,139,103,126,104,90,101,101,96,109,101,109,104,90,109,81,106,81,86,64,80,78,57,70,38,27,34,17,25,6,3,3,10,7,10
제주특별자치도 서귀포시 남원읍(5013025300),9665,9665,35,49,49,47,50,66,73,66,68,72,93,80,70,73,86,73,72,63,101,94,90,119,102,111,124,112,100,107,99,80,83,73,76,82,66,73,69,93,76,128,115,109,132,94,132,157,150,165,194,182,210,179,205,171,195,220,204,223,196,217,206,218,171,182,156,147,155,127,107,117,78,93,81,104,100,101,84,67,61,100,84,74,71,59,42,38,41,23,31,20,8,8,7,2,2,1,1,2,1,2,0,9007,9007,33,33,38,43,38,54,67,58,62,69,60,68,68,70,87,70,64,68,66,59,81,112,82,74,87,57,85,71,84,55,78,73,69,76,54,57,64,67,104,97,107,114,108,95,109,117,111,133,138,123,176,153,148,203,159,159,141,156,162,172,179,193,181,156,144,142,144,140,108,112,96,106,96,118,89,103,105,94,104,114,116,117,100,107,82,83,62,71,56,49,42,29,20,16,8,8,6,4,4,8,9
제주특별자치도 서귀포시 성산읍(5013025900),8151,8151,35,31,42,40,43,50,67,45,48,74,52,57,52,54,60,51,51,57,63,49,65,61,59,79,69,74,88,78,77,85,80,79,78,66,60,82,62,75,94,99,106,112,99,107,105,123,126,146,124,164,172,156,167,176,177,191,166,180,182,186,172,207,194,166,161,174,151,134,107,96,93,86,77,99,86,85,60,47,48,67,56,35,55,33,40,27,21,24,19,7,9,5,5,3,0,2,0,3,0,1,0,7401,7401,25,29,35,34,45,43,49,55,54,70,54,69,45,56,46,47,33,44,43,53,48,58,52,73,65,60,82,47,61,67,64,48,64,61,54,58,71,61,79,81,104,90,93,67,86,83,108,81,76,91,139,96,117,135,139,129,146,156,141,178,166,169,167,151,126,142,128,98,90,91,90,81,86,85,88,78,74,68,73,100,81,66,86,83,69,56,48,51,52,53,35,45,23,14,10,8,6,3,6,4,13
제주특별자치도 서귀포시 안덕면(5013031000),6314,6314,12,25,32,35,48,49,50,46,64,61,57,61,55,56,54,41,53,50,47,59,50,66,67,61,75,72,96,75,85,97,63,67,71,42,59,57,64,83,71,107,83,93,104,98,116,91,93,115,110,101,151,137,132,139,121,127,133,130,114,118,106,115,113,95,102,88,83,89,52,56,69,45,55,67,58,47,44,45,26,46,34,33,31,28,20,22,21,10,3,7,4,1,4,1,1,1,0,0,1,1,1,5872,5872,28,20,36,37,40,45,53,49,45,50,60,64,53,42,39,36,40,38,40,44,55,54,52,61,57,73,65,69,46,59,66,53,53,53,50,70,56,68,80,81,77,85,109,82,84,87,76,66,111,76,96,96,107,115,110,94,101,75,95,87,114,92,94,86,97,91,81,78,57,60,50,53,48,67,56,59,54,46,49,58,62,55,60,54,48,46,40,36,37,20,28,22,20,11,3,2,5,1,9,7,7
제주특별자치도 서귀포시 표선면(5013032000),6396,6396,14,23,22,33,41,41,56,68,63,62,81,57,55,65,73,57,49,43,47,37,60,62,66,73,73,73,65,72,74,60,56,41,32,44,45,41,57,50,68,81,83,90,101,88,90,109,115,119,131,120,140,122,124,147,127,119,136,116,150,128,118,131,126,107,103,118,98,88,74,76,73,70,53,86,71,52,40,43,41,45,50,34,27,30,19,17,22,13,13,13,3,2,2,3,0,0,0,0,0,0,0,6160,6160,15,21,25,35,37,50,59,50,53,62,58,55,56,52,43,40,32,39,48,38,54,65,48,45,50,54,42,64,63,45,44,45,48,48,49,55,50,67,63,83,81,96,96,75,86,66,91,103,89,109,91,105,117,123,108,92,112,112,127,112,118,139,134,95,116,118,80,103,72,69,63,72,80,65,62,61,48,57,57,70,60,61,45,49,57,35,43,48,38,24,14,18,13,4,8,4,3,6,4,1,5
제주특별자치도 서귀포시 송산동(5013051000),2100,2100,6,10,8,12,11,10,16,8,13,19,18,20,13,17,11,14,19,16,16,20,26,35,17,20,23,21,29,21,19,24,17,21,15,12,20,26,15,21,20,27,25,22,25,21,37,23,36,44,43,44,50,45,36,47,33,37,40,48,32,49,45,38,45,42,28,39,28,31,23,24,26,33,27,23,28,12,26,29,14,13,13,13,13,9,6,5,10,7,2,0,1,1,0,2,0,0,1,0,0,0,0,1887,1887,8,5,7,8,7,12,8,15,11,19,16,11,19,10,21,11,17,11,12,12,17,19,22,19,14,17,21,17,20,17,17,11,17,14,20,15,18,14,21,22,15,20,28,20,29,25,9,16,23,30,37,30,38,32,36,26,42,22,29,41,38,38,36,38,29,30,38,34,20,21,21,22,37,33,28,27,26,13,19,22,25,18,15,21,10,14,11,13,9,11,4,8,4,2,4,2,0,1,2,1,2
제주특별자치도 서귀포시 정방동(5013052000),1080,1080,4,2,6,7,4,5,3,6,5,7,8,14,11,6,4,7,7,6,8,10,8,7,7,12,11,3,12,12,12,8,13,12,10,11,9,14,10,6,13,23,24,20,11,18,16,15,14,16,23,15,33,27,16,23,13,23,22,20,17,19,29,22,27,18,19,24,22,18,16,13,17,11,15,14,11,4,6,7,10,11,5,6,7,4,2,3,2,5,1,0,2,1,0,0,0,0,0,0,0,0,0,1055,1055,4,2,5,3,7,6,6,3,6,6,6,3,3,2,10,8,1,3,6,5,9,8,11,6,6,17,9,8,9,6,7,6,6,13,4,6,5,9,7,22,12,15,21,10,21,12,15,14,17,17,15,16,25,33,16,18,15,14,22,22,20,35,21,24,31,28,24,17,14,19,15,21,13,16,14,15,5,9,9,6,9,8,5,6,9,8,4,5,4,4,3,6,3,2,1,0,0,0,2,0,1
제주특별자치도 서귀포시 중앙동(5013053000),1561,1561,3,8,5,4,8,9,12,12,8,10,7,13,7,15,8,6,18,8,10,12,17,21,22,9,17,23,17,22,19,9,18,10,9,12,15,5,13,15,14,18,16,22,26,16,17,23,19,31,26,35,25,28,31,39,30,28,40,27,44,37,29,37,35,28,27,26,32,33,23,11,12,24,11,13,17,16,12,18,12,13,18,10,13,6,9,5,4,7,5,3,3,0,0,0,0,0,0,1,0,0,0,1716,1716,8,1,5,6,4,8,8,17,11,12,9,10,7,9,9,7,4,14,10,17,14,12,12,15,13,19,13,16,13,8,14,6,8,10,6,18,11,10,15,15,19,20,19,15,25,21,16,13,17,21,24,28,24,29,33,30,40,32,37,56,42,49,52,40,44,47,39,34,30,30,21,33,26,26,25,19,20,17,18,21,15,18,23,12,15,7,8,10,8,8,9,1,1,4,1,0,0,0,0,0,0
제주특별자치도 서귀포시 천지동(5013054000),1726,1726,5,7,5,9,7,11,7,10,7,9,5,9,12,12,15,13,12,12,15,19,14,19,15,15,18,14,21,23,17,23,15,22,9,14,17,22,17,12,19,28,31,16,26,23,22,26,25,32,27,32,44,41,46,33,33,38,36,37,47,30,32,41,46,20,28,39,31,24,12,21,22,11,14,24,20,17,13,14,13,10,15,11,11,8,5,5,7,1,2,4,2,0,0,1,1,0,0,0,0,0,1,1698,1698,4,2,9,3,11,12,9,4,10,6,6,8,6,8,12,6,13,16,10,14,13,20,22,15,14,19,17,16,11,13,12,7,11,9,23,15,16,17,17,25,25,18,23,15,21,16,20,24,26,36,27,45,29,29,28,37,20,31,35,30,43,49,37,27,29,31,29,39,34,24,19,25,27,24,29,24,12,14,13,22,14,15,14,12,9,6,16,11,10,5,7,4,2,0,1,3,0,0,1,1,0
제주특별자치도 서귀포시 효돈동(5013055000),2689,2689,15,7,21,18,16,21,13,23,21,25,24,22,26,14,19,34,19,31,19,21,23,27,25,31,30,30,26,35,22,20,21,23,23,20,20,23,31,34,35,52,35,44,33,32,38,36,46,47,51,51,41,57,51,49,46,52,44,53,41,63,45,51,51,57,48,36,46,24,33,30,36,30,24,29,25,36,23,18,19,26,13,16,17,17,10,14,9,10,7,9,4,1,1,1,0,1,0,1,0,1,0,2639,2639,15,21,22,21,22,19,18,18,15,23,27,19,26,18,20,25,15,13,9,20,19,26,36,27,21,30,24,26,33,20,29,27,19,15,35,26,25,28,25,34,41,31,36,25,26,23,23,36,46,41,41,44,36,43,43,34,34,38,49,46,41,55,54,43,36,44,47,41,34,29,24,23,32,41,32,28,35,28,17,34,31,27,26,31,17,21,14,28,23,16,11,7,7,4,1,5,1,1,1,0,2
제주특별자치도 서귀포시 영천동(5013056000),2631,2631,8,5,6,20,7,12,13,13,18,21,22,19,26,20,17,19,23,24,19,24,31,38,41,40,29,32,26,29,28,28,28,16,21,18,15,17,18,27,28,30,40,31,37,29,43,34,34,41,40,68,53,50,48,57,55,63,43,52,50,65,58,49,48,42,43,53,43,31,19,30,22,22,25,52,27,24,24,21,23,27,23,16,14,7,19,18,5,10,9,7,4,3,2,0,1,1,0,0,0,0,0,2558,2558,10,9,8,13,13,15,16,26,28,19,20,25,17,19,21,23,17,20,29,23,27,13,20,26,27,29,28,22,29,19,18,17,23,11,16,29,18,19,28,33,26,22,29,15,28,31,27,39,34,54,58,45,43,42,52,51,55,40,38,37,49,50,41,43,42,46,29,30,28,22,33,28,37,31,32,31,27,26,27,25,39,27,24,23,21,14,21,22,19,19,15,6,9,6,5,6,0,5,3,2,6
제주특별자치도 서귀포시 동홍동(5013057000),11304,11304,48,83,66,89,96,105,129,110,114,114,146,154,150,154,178,158,151,171,183,158,177,181,162,138,152,139,131,111,130,128,118,91,101,111,88,85,117,124,128,174,178,184,188,162,182,173,189,236,211,221,231,245,214,205,225,198,172,163,181,178,185,180,173,141,131,135,114,114,86,77,76,77,62,72,82,63,58,52,49,59,40,43,29,30,22,13,12,11,10,8,5,11,3,2,0,0,0,0,0,0,0,11989,11989,60,70,74,67,127,101,117,124,133,141,133,158,155,153,184,150,135,158,160,139,132,140,143,108,155,106,132,122,121,125,114,105,100,104,105,98,126,142,144,162,209,211,192,184,185,201,192,193,224,241,251,212,223,243,204,218,172,223,167,152,173,197,183,162,147,154,153,139,114,125,91,85,91,97,107,81,70,70,66,67,78,54,46,41,43,25,51,35,24,20,19,13,11,9,8,5,5,3,2,3,2
제주특별자치도 서귀포시 서홍동(5013058000),5536,5536,41,42,49,48,52,67,80,67,83,75,93,84,81,77,68,82,67,56,66,60,70,65,73,59,71,64,75,77,55,66,43,47,38,55,53,55,56,69,74,96,101,106,119,93,89,93,102,110,110,103,105,118,106,94,75,81,77,72,62,84,82,65,74,58,60,57,61,48,29,41,38,41,33,54,29,40,19,30,32,24,24,19,15,21,7,8,6,5,2,3,3,3,1,2,1,0,0,1,0,0,1,5656,5656,38,30,40,50,65,76,87,77,76,78,73,80,80,97,75,81,66,64,60,60,56,71,71,55,59,55,41,57,45,64,57,58,59,44,51,56,79,83,88,121,95,73,123,94,97,81,98,129,104,98,89,94,85,105,72,83,74,62,68,61,72,87,75,66,67,60,55,50,46,56,38,41,41,47,36,42,37,29,24,40,39,21,32,14,22,13,18,11,20,15,8,5,3,8,1,1,2,0,0,2,4
제주특별자치도 서귀포시 대륜동(5013059000),7786,7786,57,76,95,80,78,99,84,95,80,87,89,93,74,76,74,91,60,68,64,65,65,73,75,75,79,58,85,84,96,83,102,78,104,99,116,101,112,111,107,158,158,156,158,112,141,153,141,136,141,156,153,174,131,112,122,115,107,110,105,104,117,125,103,110,109,88,91,107,65,60,53,53,63,64,60,48,45,39,27,34,32,28,19,16,20,19,14,13,12,10,3,4,1,1,2,0,0,0,0,0,0,7604,7604,48,49,73,60,76,84,82,82,78,91,69,73,63,61,82,59,58,56,64,64,54,67,68,46,57,70,68,65,79,99,95,86,116,116,102,96,102,124,133,142,153,123,138,121,127,117,107,159,119,131,119,118,123,126,112,102,111,134,100,106,115,124,129,103,102,113,117,97,49,84,55,77,60,58,69,55,53,58,35,57,54,41,35,37,25,30,30,30,19,20,13,15,8,7,7,3,4,0,4,4,5
제주특별자치도 서귀포시 대천동(5013060000),7019,7019,49,60,76,59,95,105,110,94,89,98,89,83,67,68,59,73,55,56,61,60,72,64,71,71,71,66,73,77,88,73,78,79,85,89,82,101,95,94,129,168,140,147,135,113,137,129,126,137,124,135,148,127,143,105,109,91,105,89,89,92,104,105,110,89,82,74,65,64,48,54,55,53,48,49,30,53,51,31,27,32,24,23,12,19,14,9,11,9,5,4,5,2,1,0,1,2,0,0,0,1,0,6802,6802,35,44,59,58,88,97,97,99,100,69,78,75,63,66,72,51,51,43,44,49,56,73,62,66,54,58,64,81,90,77,88,89,86,80,118,103,98,126,149,141,153,136,123,112,108,114,97,105,88,102,113,115,128,92,78,93,96,96,94,85,84,90,77,102,74,82,73,75,56,70,53,43,56,49,63,41,39,37,30,43,39,30,40,24,31,29,23,21,23,22,10,13,8,8,7,4,2,1,1,1,3
제주특별자치도 서귀포시 중문동(5013061000),6094,6094,32,43,44,40,49,40,67,56,51,78,78,74,62,66,55,54,65,43,55,60,51,68,60,50,69,77,70,91,74,81,76,78,82,79,74,83,90,79,94,110,99,108,114,111,99,94,103,130,95,113,141,118,117,122,91,107,98,88,89,78,105,91,85,76,88,75,72,68,42,55,47,38,42,49,52,38,30,33,32,28,22,21,26,30,21,10,16,11,11,5,2,3,4,2,0,1,0,0,0,0,0,5904,5904,33,28,45,42,23,49,58,46,81,63,56,59,72,55,69,52,45,46,55,54,61,60,70,64,54,58,70,71,69,80,88,76,66,71,64,67,76,81,92,120,112,110,107,97,93,102,83,108,76,102,100,104,101,87,95,96,79,87,78,82,83,88,67,71,81,64,72,61,45,50,49,56,47,62,47,39,33,45,28,32,44,47,44,27,32,42,38,33,15,17,11,12,9,7,5,2,4,1,2,0,4
제주특별자치도 서귀포시 예래동(5013062000),2008,2008,5,8,5,15,10,12,16,15,9,21,14,8,13,10,10,6,16,21,15,9,14,23,20,23,17,25,21,31,27,32,32,30,21,16,12,24,23,24,20,31,28,35,25,37,18,24,36,26,26,36,36,41,45,44,34,43,37,39,40,42,35,49,47,29,25,51,35,30,14,24,30,24,15,27,16,19,15,11,11,14,15,11,11,13,8,4,9,7,3,5,0,1,3,0,1,0,0,0,0,0,0,1908,1908,10,6,5,8,12,8,14,15,11,17,15,12,15,18,15,12,11,6,10,10,14,19,24,25,34,11,30,27,24,29,23,27,19,12,21,17,21,18,13,21,23,27,22,17,28,21,21,19,24,21,33,28,19,37,23,35,30,44,31,26,39,39,39,34,29,37,24,28,20,25,20,15,22,22,24,21,22,16,13,22,23,16,18,15,19,19,18,17,14,12,9,7,7,2,5,2,1,0,4,1,0
