울산광역시  (3100000000),575165,575165,2931,3220,3581,4042,4553,5235,5614,5687,5529,6140,5951,5982,5635,5806,6126,5506,5327,5614,5991,5615,6685,7423,7256,7287,7670,8044,8120,8139,8194,8057,7835,7176,7505,7320,6978,7117,7361,7395,8442,9404,9943,10054,9961,8804,9094,8670,8630,9469,9557,9933,10437,10434,10509,11039,10253,10721,10818,10546,9297,10640,10720,10704,9596,8638,8090,7459,7018,6463,5289,5315,4298,4057,3799,3826,3414,2756,1948,2112,1928,2387,1705,1355,1266,1049,796,660,525,493,344,249,181,125,103,65,49,30,13,13,15,7,3,544281,544281,2831,3098,3537,3794,4185,4891,5247,5350,5358,5811,5481,5538,5078,5363,5709,5057,4821,4921,5215,4774,5208,5961,5807,5684,6045,5875,6145,6177,6127,6331,6532,5969,6042,5903,6024,6283,6510,6757,7967,8895,9261,9310,9157,8009,8535,7884,8551,9212,10006,9792,10497,10684,10610,11145,10699,9857,10288,9716,8719,9636,10130,10574,9336,8336,7996,7441,7236,6291,5393,5447,4384,3997,3911,3851,3601,2972,2130,2785,2527,3082,2427,2153,2098,1849,1688,1519,1384,1216,1001,829,706,477,427,361,261,182,137,97,74,43,63
울산광역시 중구 (3111000000),107338,107338,440,472,577,637,790,864,909,945,941,1114,1096,1052,1037,1037,1049,991,927,1018,1096,1003,1274,1338,1280,1300,1407,1401,1483,1495,1488,1488,1367,1298,1293,1196,1172,1170,1237,1252,1501,1571,1699,1799,1776,1602,1623,1530,1508,1691,1800,1852,1912,1932,1925,2053,1998,2006,2070,2106,1757,2115,2200,2098,1932,1766,1706,1583,1456,1362,1191,1199,1005,877,900,810,760,617,454,511,440,577,413,310,308,250,202,159,133,107,75,53,44,27,22,11,8,6,1,1,2,1,1,104610,104610,425,464,554,610,699,798,864,909,938,982,983,962,864,904,987,865,803,895,903,859,926,1035,1067,1032,1101,1119,1188,1170,1193,1132,1204,1060,1072,1055,1066,1067,1089,1195,1370,1529,1657,1622,1647,1437,1520,1414,1509,1634,1838,1828,1975,2012,2061,2180,2060,1966,2056,1988,1806,1976,2124,2195,1985,1849,1721,1739,1691,1447,1252,1268,1072,950,936,947,883,700,508,696,637,723,595,482,511,404,364,351,278,222,204,182,143,93,82,92,59,35,21,14,13,8,10
울산광역시 중구 학성동(3111051000),5720,5720,24,21,24,33,23,21,27,27,29,24,37,42,30,30,34,36,40,38,31,37,47,43,56,70,60,68,67,97,98,81,87,71,87,84,69,78,75,69,59,84,87,75,77,72,71,78,90,91,102,97,103,94,111,102,101,83,119,104,109,131,120,111,104,111,130,110,89,78,88,89,73,66,59,63,61,54,36,55,36,63,31,25,28,15,23,12,9,9,9,1,1,5,0,1,0,0,0,0,0,0,0,5509,5509,21,19,23,24,26,33,26,24,35,28,25,37,28,32,41,24,27,38,31,37,39,47,43,52,53,61,71,60,85,74,70,56,68,62,65,52,53,42,69,51,76,68,66,47,54,44,74,61,93,80,75,85,89,83,91,87,91,85,91,117,120,125,112,121,110,110,106,116,101,109,68,77,88,83,91,65,40,71,57,81,52,42,42,36,34,29,22,14,12,15,13,12,9,3,5,5,0,0,1,0,3
울산광역시 중구 반구1동(3111052000),8647,8647,51,34,58,46,57,73,84,78,70,86,86,67,96,68,58,54,51,64,62,58,74,88,100,86,105,104,135,135,109,120,125,109,119,128,118,107,95,125,153,152,164,169,151,132,128,117,133,141,125,138,162,128,155,157,153,189,196,181,147,198,213,183,143,149,111,124,110,108,101,88,80,68,57,63,63,50,35,46,30,27,29,29,18,17,13,10,9,7,6,4,0,1,0,0,1,1,0,0,1,0,0,7965,7965,35,47,54,66,58,73,65,82,59,66,75,63,64,67,63,65,53,48,58,58,58,63,73,64,94,80,102,101,98,98,96,97,107,88,115,91,85,101,108,134,136,127,126,108,115,101,103,106,122,121,147,142,149,177,162,173,166,162,122,137,173,226,143,157,110,125,147,117,93,88,84,72,70,67,54,44,42,37,41,43,32,21,41,29,21,23,13,9,11,15,9,4,11,11,1,0,2,1,2,2,0
울산광역시 중구 반구2동(3111053000),4400,4400,10,10,18,15,26,27,30,23,17,26,24,18,33,28,30,25,29,33,36,48,45,50,56,54,69,67,75,76,89,98,59,79,60,61,53,38,46,49,45,49,56,69,49,52,51,57,56,57,61,70,78,69,95,84,81,107,95,82,74,89,88,83,84,79,76,71,73,72,54,54,48,52,52,36,43,27,29,37,34,32,26,13,16,13,13,9,8,8,2,4,1,2,5,0,0,0,0,0,0,0,0,4248,4248,8,6,19,17,15,16,19,20,24,18,26,17,16,21,33,23,28,31,29,36,40,57,42,49,51,64,65,65,74,54,72,51,47,37,38,35,31,41,44,51,60,48,44,44,46,35,50,61,75,62,84,97,81,95,96,71,95,83,89,71,91,100,94,81,86,70,90,71,61,65,55,44,55,61,53,31,21,33,29,30,23,24,28,23,14,18,17,10,7,9,12,7,2,4,5,3,1,2,1,0,0
울산광역시 중구 복산1동(3111054000),2125,2125,7,9,11,7,11,12,15,14,14,12,14,19,9,7,13,14,10,22,21,21,24,18,20,18,24,26,33,37,34,34,28,28,28,21,28,21,29,22,24,39,17,19,22,20,22,22,23,25,31,40,36,47,35,32,39,40,28,50,35,45,58,60,45,47,50,41,45,31,35,34,29,28,21,19,18,20,17,16,14,11,14,10,7,9,1,9,4,3,0,0,1,0,0,1,1,0,0,0,0,0,0,2126,2126,5,13,9,7,9,5,5,7,7,8,12,11,18,6,16,11,12,16,16,12,19,29,29,20,19,22,28,22,21,23,19,27,19,20,11,21,12,22,21,18,23,20,20,6,18,17,28,29,27,40,45,41,46,47,39,33,53,55,39,50,51,63,68,43,54,48,52,34,29,24,39,26,30,24,34,19,15,27,16,23,15,14,18,9,7,4,8,7,5,4,4,3,2,0,1,1,0,1,1,0,0
울산광역시 중구 복산2동(3111055000),5582,5582,35,34,32,35,46,44,46,46,50,59,43,43,51,44,60,50,47,78,60,72,80,77,74,73,65,86,85,61,76,105,94,72,112,72,65,72,92,91,92,95,84,93,92,71,67,85,85,75,98,91,99,90,104,96,97,96,104,106,78,102,108,91,87,67,87,64,66,63,50,45,45,37,37,55,44,23,20,23,23,31,13,16,9,15,8,3,5,3,5,3,3,3,3,0,0,0,0,0,0,0,0,5603,5603,29,38,30,41,60,41,55,57,37,51,49,54,45,46,53,45,39,61,62,52,49,54,64,56,59,67,62,80,62,76,73,70,76,75,69,61,68,70,89,74,63,77,80,69,78,83,94,93,96,121,122,89,118,123,115,99,108,102,83,112,101,104,86,82,82,81,83,79,72,57,41,45,34,41,41,37,28,27,24,35,22,16,31,19,11,23,18,11,10,10,7,5,4,6,2,2,1,1,0,0,0
울산광역시 중구 중앙동(3111058500),6483,6483,17,17,26,24,19,26,12,21,27,20,27,22,26,30,31,25,34,40,40,31,49,65,77,74,73,95,82,108,87,105,82,85,75,78,62,80,55,54,73,93,73,85,84,80,72,70,67,116,84,89,117,119,109,117,127,130,141,138,110,113,163,172,168,157,151,149,138,135,119,118,89,79,81,73,74,63,45,51,46,70,39,38,30,38,20,18,11,11,7,11,4,2,1,0,1,1,0,1,0,1,0,6099,6099,14,18,17,12,17,19,13,18,21,28,20,26,32,18,31,25,35,28,24,40,40,57,48,53,56,79,70,80,81,72,72,65,48,47,52,41,44,50,45,40,51,60,67,54,63,63,66,75,85,83,79,118,110,103,126,129,114,99,122,156,152,161,149,139,143,138,154,114,124,127,92,92,107,97,101,67,61,87,75,81,65,43,44,41,40,42,33,24,24,25,10,4,4,8,6,2,2,2,0,0,0
울산광역시 중구 우정동(3111059000),8993,8993,38,45,52,52,55,71,74,80,78,93,83,94,69,90,101,85,73,66,89,76,92,81,87,104,113,132,119,130,141,119,146,114,94,104,102,94,110,96,132,105,152,150,130,121,127,133,112,130,142,164,133,153,157,173,137,148,162,174,155,187,185,182,170,156,158,149,135,144,110,125,83,73,86,67,66,65,43,41,49,45,47,25,36,21,36,22,11,9,10,6,7,3,5,2,1,1,0,0,0,0,0,9075,9075,47,42,49,41,48,62,59,77,60,65,79,83,66,75,64,67,65,74,58,57,68,76,72,76,85,126,99,104,126,115,85,108,106,103,122,89,79,100,137,106,119,137,141,108,128,123,110,127,142,145,158,160,170,178,156,160,167,179,170,155,211,201,178,177,162,170,147,136,133,124,124,106,88,111,79,71,54,75,55,63,63,62,48,36,41,47,35,28,31,16,13,5,5,15,6,2,2,2,0,0,0
울산광역시 중구 태화동(3111060000),16412,16412,99,97,114,133,186,187,203,200,204,236,238,244,198,204,198,199,170,168,169,149,200,213,212,194,189,173,187,228,195,215,184,164,180,165,178,184,216,202,230,257,281,295,332,277,309,265,224,283,291,284,306,291,273,254,271,256,268,299,233,280,273,293,288,229,216,216,198,172,143,154,139,116,123,89,91,76,52,61,57,65,48,33,34,36,14,14,10,10,9,6,3,2,3,3,1,1,0,0,0,0,0,16506,16506,76,83,111,123,129,183,171,182,191,188,198,197,178,172,182,168,160,151,174,143,148,148,164,149,161,139,149,160,158,159,195,163,170,160,202,171,213,226,260,304,327,336,326,284,295,272,284,284,296,283,320,300,292,326,331,278,300,321,268,291,302,299,283,246,233,247,221,185,158,161,143,120,106,113,85,86,49,75,90,79,68,48,48,46,49,37,26,27,16,15,15,10,10,10,9,3,6,2,3,2,2
울산광역시 중구 다운동(3111061000),11576,11576,27,30,33,46,44,48,67,47,47,69,86,75,88,102,95,103,107,119,134,124,183,191,158,164,178,193,206,176,159,164,167,126,120,109,110,92,105,97,109,110,120,131,130,135,134,136,148,158,219,230,234,252,214,228,245,272,264,256,215,282,282,257,248,212,194,180,178,171,132,149,126,111,113,108,104,72,52,50,51,86,59,43,44,24,22,19,25,18,14,3,7,2,3,3,0,2,0,0,1,0,0,11117,11117,23,31,31,34,41,42,50,59,67,75,83,80,73,80,84,77,79,101,83,108,107,125,142,134,126,125,121,142,123,112,112,85,94,101,70,86,66,86,77,103,123,111,128,122,134,143,157,192,221,208,249,230,247,274,247,249,253,255,232,243,278,235,240,216,216,230,181,175,146,148,128,118,106,120,109,85,64,85,85,86,103,74,69,53,53,54,38,28,34,34,22,13,9,11,5,5,2,1,1,0,1
울산광역시 중구 병영1동(3111062000),11190,11190,25,38,49,57,53,73,76,84,95,126,105,103,115,105,114,117,107,129,140,129,159,161,143,142,172,158,174,152,174,152,118,139,119,107,88,104,101,107,135,151,133,156,186,129,162,147,131,147,190,188,187,220,228,232,226,242,236,240,205,250,287,219,211,215,172,165,166,154,131,116,109,91,82,93,88,55,52,47,48,53,36,30,37,16,26,15,15,8,4,4,10,2,1,1,0,0,0,0,0,0,0,10808,10808,22,34,37,50,53,71,92,93,114,100,104,90,78,98,104,113,89,95,123,95,105,120,127,120,143,120,120,102,118,106,122,95,85,78,75,109,100,94,133,148,147,148,145,136,164,146,155,166,189,209,197,211,249,256,242,244,236,238,220,227,226,234,225,222,160,197,178,172,141,134,104,87,89,78,94,71,58,63,63,56,51,46,48,34,32,27,17,20,12,13,16,6,11,7,7,4,0,1,3,0,1
울산광역시 중구 병영2동(3111063000),10164,10164,35,55,58,84,103,104,108,122,104,133,146,120,119,119,93,93,91,64,96,80,116,128,98,115,121,109,128,116,129,125,117,139,131,103,134,101,134,145,156,184,199,225,198,205,177,142,159,166,159,155,179,151,165,207,155,167,172,176,168,202,195,220,176,161,172,151,125,102,97,107,76,63,80,75,49,45,35,38,27,35,31,26,21,21,7,17,12,8,2,2,3,0,0,0,2,0,0,0,0,0,0,10016,10016,56,52,63,64,110,91,116,115,139,138,111,126,104,93,110,75,60,80,78,68,84,82,83,87,93,93,123,88,82,90,108,110,98,103,98,113,140,157,163,187,200,183,183,170,147,130,122,140,165,166,165,187,161,181,172,191,226,176,165,207,204,214,196,182,163,143,175,116,82,110,96,59,72,70,71,56,36,48,48,81,38,46,42,37,24,21,26,24,20,6,10,11,4,4,4,4,1,0,0,3,1
울산광역시 중구 약사동(3111064000),5400,5400,42,38,48,53,70,63,64,83,67,96,81,67,73,63,66,64,55,64,79,56,70,67,85,69,81,60,67,61,68,54,41,55,60,65,78,84,75,70,114,97,115,103,111,111,92,70,61,68,78,82,95,87,103,116,127,106,89,108,80,86,77,87,78,63,58,52,42,40,33,31,29,21,32,18,11,14,15,15,1,16,11,12,9,7,8,3,2,3,3,1,2,4,0,0,0,0,1,0,0,0,0,5390,5390,44,41,52,63,56,79,83,65,77,75,62,67,52,68,64,59,46,68,57,53,61,67,68,53,53,49,52,55,54,50,66,55,64,86,62,86,86,92,83,114,132,87,103,91,87,84,84,86,95,106,104,121,136,108,97,106,82,70,79,77,83,71,74,50,64,52,43,49,30,32,23,29,24,16,24,25,12,16,14,27,16,8,14,12,10,7,5,5,8,6,3,3,5,5,0,2,0,0,0,0,1
울산광역시 중구 성안동(3111065000),10646,10646,30,44,54,52,97,115,103,120,139,134,126,138,130,147,156,126,113,133,139,122,135,156,114,137,157,130,125,118,129,116,119,117,108,99,87,115,104,125,179,155,218,229,214,197,211,208,219,234,220,224,183,231,176,255,239,170,196,192,148,150,151,140,130,120,131,111,91,92,98,89,79,72,77,51,48,53,23,31,24,43,29,10,19,18,11,8,12,10,4,8,2,1,1,0,1,0,0,0,0,0,1,10148,10148,45,40,59,68,77,83,110,110,107,142,139,111,110,128,142,113,110,104,110,100,108,110,112,119,108,94,126,111,111,103,114,78,90,95,87,112,112,114,141,199,200,220,218,198,191,173,182,214,232,204,230,231,213,229,186,146,165,163,126,133,132,162,137,133,138,128,114,83,82,89,75,75,67,66,47,43,28,52,40,38,47,38,38,29,28,19,20,15,14,14,9,10,6,8,8,2,4,1,1,1,1
울산광역시 남구 (3114000000),159629,159629,783,801,875,944,1077,1308,1374,1401,1384,1504,1443,1491,1444,1487,1620,1453,1450,1601,1718,1600,1992,2185,2224,2276,2396,2568,2534,2552,2646,2595,2506,2208,2266,2222,2055,1979,2038,1932,2162,2430,2563,2531,2507,2234,2242,2158,2238,2520,2580,2774,3008,3061,3102,3205,2990,3094,3103,3010,2611,2996,2964,2971,2643,2336,2247,2044,2005,1825,1481,1478,1140,1111,1044,1089,923,718,512,568,519,634,440,372,328,255,208,168,132,126,88,68,46,31,24,13,6,8,1,6,4,2,0,153256,153256,751,780,857,955,951,1199,1295,1314,1302,1437,1314,1330,1284,1415,1421,1369,1320,1337,1470,1360,1558,1908,1811,1805,1936,1897,1969,1971,2025,2002,2072,1808,1814,1682,1732,1713,1729,1818,2062,2315,2425,2417,2421,2143,2284,2208,2495,2720,2970,2970,3229,3223,3244,3305,3183,2861,3016,2800,2580,2810,2875,3009,2691,2422,2286,2060,2049,1799,1539,1517,1246,1153,1078,1083,964,840,580,724,622,794,614,539,515,441,413,346,337,285,252,182,140,118,92,73,50,47,32,26,11,7,13
울산광역시 남구 신정1동(3114051000),9071,9071,29,26,30,37,37,55,44,30,44,57,41,51,50,51,54,54,53,49,54,80,67,71,96,126,109,123,137,172,183,190,166,154,133,124,115,126,102,89,103,129,119,125,127,115,108,118,122,148,122,140,160,140,172,184,145,164,172,160,149,193,223,216,193,188,179,150,162,144,150,127,101,105,113,102,79,65,39,52,55,75,39,49,40,27,14,13,15,13,5,5,0,3,2,0,2,0,0,0,2,0,0,8972,8972,35,27,30,29,31,48,37,36,49,42,60,50,41,49,47,49,42,48,61,56,76,79,73,86,92,112,133,115,137,115,134,123,105,84,73,95,71,79,97,101,114,96,101,74,104,120,107,120,127,119,133,156,145,189,186,171,203,189,163,199,208,235,215,195,203,191,205,175,138,154,157,98,109,114,100,90,51,76,74,96,63,56,50,36,40,35,31,22,21,19,12,12,5,6,1,5,4,0,1,0,6
울산광역시 남구 신정2동(3114052000),12261,12261,51,47,56,65,91,116,132,144,125,145,145,173,147,165,164,174,162,185,174,152,184,165,185,164,157,179,165,149,191,151,146,134,141,132,125,136,129,119,143,166,194,191,191,185,179,193,195,199,186,231,254,266,267,295,220,230,231,215,198,219,214,221,175,150,140,134,127,121,81,106,77,80,70,76,78,61,44,40,44,40,41,33,17,15,17,9,6,7,9,8,3,1,2,0,0,1,0,0,0,0,0,11722,11722,46,54,58,65,66,99,106,113,124,159,118,142,142,144,157,145,138,140,133,122,121,134,139,129,147,117,126,125,120,134,118,114,103,94,112,108,124,137,150,193,208,208,232,187,200,215,207,274,272,247,253,256,267,212,261,219,237,200,198,171,181,202,170,167,122,138,129,103,103,104,103,79,93,83,78,61,47,49,34,56,42,23,37,24,24,27,15,23,11,13,11,9,5,3,4,1,3,3,2,0,0
울산광역시 남구 신정3동(3114053000),8307,8307,45,47,54,46,54,71,74,74,68,75,83,84,67,60,53,49,48,74,63,54,93,92,97,113,122,113,121,137,116,115,107,107,112,104,99,103,96,90,115,139,128,129,150,122,109,107,97,145,134,146,138,144,157,152,165,167,179,189,155,186,159,186,150,145,135,110,122,96,101,91,69,59,72,70,62,47,41,35,23,36,26,28,18,16,17,9,16,11,11,3,3,2,2,0,0,2,0,1,0,0,0,8017,8017,39,55,49,71,48,59,74,70,71,64,60,64,60,53,64,61,48,37,50,57,60,80,65,87,100,95,102,99,108,112,113,77,96,100,107,82,72,91,99,132,98,130,111,100,107,109,110,119,123,149,162,155,152,168,195,149,146,148,167,159,169,181,166,143,113,119,134,114,106,93,88,87,84,59,68,56,29,49,42,36,42,38,35,29,24,21,14,16,15,13,9,11,7,7,2,5,4,1,0,0,0
울산광역시 남구 신정4동(3114054000),10549,10549,44,66,62,82,85,76,99,120,120,138,118,120,113,114,130,119,111,119,134,110,140,133,160,119,135,128,163,158,153,173,170,132,139,158,144,142,128,123,127,139,165,207,170,156,179,151,146,158,187,169,220,205,199,194,168,205,188,173,163,166,171,178,162,121,139,141,119,128,74,92,77,66,63,75,61,50,36,51,38,42,19,26,24,17,19,11,6,10,3,5,3,2,2,2,0,2,0,0,0,1,0,10338,10338,58,51,65,79,58,99,90,109,93,121,113,114,110,106,127,114,95,105,108,93,113,124,109,106,131,127,122,142,107,145,108,102,117,105,110,116,113,134,142,145,201,206,174,159,188,167,205,169,195,191,248,218,194,205,194,159,201,163,131,162,158,191,194,144,136,121,124,125,110,103,85,72,57,78,55,54,50,58,46,49,42,36,28,25,21,17,16,17,14,11,13,3,7,6,2,7,2,5,0,0,0
울산광역시 남구 신정5동(3114055000),4758,4758,13,24,22,19,17,20,26,36,19,24,25,34,29,36,33,34,27,33,38,24,45,49,51,56,63,84,107,87,118,122,114,88,84,63,73,63,71,57,68,66,75,82,72,72,72,74,58,78,84,79,82,87,93,88,96,89,82,77,84,101,87,80,97,67,67,80,45,53,54,63,30,38,37,42,40,28,13,21,21,25,17,18,11,13,5,2,7,3,3,2,0,0,0,0,0,0,0,0,1,1,0,4127,4127,18,19,16,26,24,11,13,23,36,27,31,23,15,28,32,26,33,23,32,36,40,37,56,49,65,56,70,69,79,53,59,66,53,47,51,42,44,50,57,59,59,53,79,60,52,58,60,82,63,73,70,79,89,77,91,80,77,72,78,79,87,81,83,60,79,63,62,45,44,42,39,42,27,49,43,26,17,25,18,23,24,18,16,14,8,15,17,9,7,1,2,5,3,1,2,2,1,1,1,0,0
울산광역시 남구 달동(3114056000),13710,13710,55,56,60,67,74,84,84,88,99,103,90,101,98,109,112,118,72,88,123,131,153,182,176,170,217,242,247,270,280,276,269,243,227,219,198,181,179,189,188,226,236,218,220,175,150,180,205,217,219,229,253,223,244,262,235,259,249,265,242,283,267,265,265,241,200,197,194,176,121,119,106,104,81,82,85,59,58,46,42,58,46,38,36,19,19,20,11,13,13,5,7,2,4,2,0,1,0,0,0,0,0,13471,13471,54,66,61,70,62,78,74,85,89,98,93,71,79,99,88,93,94,85,117,107,116,171,148,152,196,182,234,213,226,203,207,177,194,151,140,155,171,167,162,197,205,177,188,179,168,198,198,218,253,243,246,261,263,287,281,279,267,269,238,291,272,305,270,248,240,189,188,177,152,140,106,109,91,111,86,83,41,73,64,81,75,56,52,57,49,49,42,32,25,14,11,14,11,5,6,3,3,4,1,0,2
울산광역시 남구 삼산동(3114057000),25552,25552,150,132,130,132,155,177,213,193,209,217,215,195,221,217,232,191,229,244,266,229,287,359,348,344,420,491,494,512,510,535,517,420,453,446,406,361,414,337,403,455,476,405,449,359,398,365,384,396,437,451,480,501,512,486,484,519,466,451,378,471,409,439,362,318,322,257,278,254,186,200,178,147,128,124,102,80,58,65,57,57,38,27,36,20,17,15,14,6,8,5,6,5,1,2,3,0,0,1,0,0,0,23512,23512,124,115,146,147,159,184,213,176,186,196,177,183,188,210,201,209,213,204,212,205,223,311,308,328,338,383,365,368,418,399,433,354,350,298,327,279,294,296,361,401,407,411,388,364,383,350,431,437,501,490,530,509,542,528,447,441,458,420,364,407,431,392,350,299,306,279,288,221,158,187,150,114,104,104,102,66,60,72,55,64,35,50,46,39,40,34,33,26,28,23,11,16,16,8,6,0,4,1,2,2,0
울산광역시 남구 삼호동(3114058500),10371,10371,36,42,47,57,48,66,74,71,71,97,77,82,66,67,92,76,83,84,105,92,134,168,136,169,173,200,170,177,183,158,158,130,136,121,101,103,120,101,120,138,135,130,132,126,131,108,123,148,173,189,173,195,234,249,270,236,241,238,183,218,241,235,192,160,179,134,169,130,102,108,73,67,69,64,65,59,33,40,56,43,31,38,23,21,16,11,14,10,8,7,3,2,3,1,0,1,0,2,0,0,0,9961,9961,37,29,32,43,45,58,60,60,61,67,58,59,51,73,90,71,78,83,104,73,104,131,111,129,142,137,145,148,121,136,130,101,82,106,85,107,105,81,106,112,109,111,127,115,107,138,125,133,187,190,216,265,226,254,251,220,230,237,192,235,218,203,198,190,191,148,150,138,92,99,84,102,80,71,74,67,47,63,48,77,54,49,45,39,45,23,25,25,29,13,17,9,8,5,8,1,3,1,1,1,1
울산광역시 남구 무거동(3114059500),16261,16261,67,66,70,63,117,105,121,123,131,142,139,132,152,155,185,156,177,192,210,198,270,307,372,393,384,412,330,261,279,260,240,194,199,236,183,150,174,168,178,181,218,219,218,198,187,190,223,264,278,273,354,339,342,349,371,349,346,316,259,300,311,289,230,213,206,188,149,128,125,117,78,85,77,90,67,59,45,40,31,59,37,27,23,21,17,20,14,20,9,9,4,2,1,3,1,0,0,0,1,0,0,15399,15399,68,64,79,77,80,119,104,123,114,128,119,131,123,157,164,154,147,181,200,182,222,286,273,262,229,232,200,221,203,192,208,161,148,132,147,160,143,139,169,176,206,217,205,216,240,203,271,297,335,356,432,364,406,408,352,329,318,282,253,290,259,292,234,206,184,155,156,127,132,111,85,99,85,80,70,69,47,59,58,78,55,52,58,36,37,29,34,25,14,23,11,7,9,8,6,6,1,2,1,2,0
울산광역시 남구 옥동(3114060000),13225,13225,76,68,79,84,116,143,146,122,113,135,136,147,136,168,171,145,180,186,187,194,214,229,217,195,208,204,180,174,166,175,171,166,163,147,156,159,154,144,165,170,187,186,182,162,164,164,173,206,200,222,239,277,248,302,263,228,276,257,245,239,229,241,221,202,159,184,149,166,128,112,92,76,78,84,65,40,26,42,33,40,33,15,20,23,11,14,6,8,5,4,3,2,2,1,0,1,0,1,0,0,0,13081,13081,68,66,73,79,72,98,119,137,133,148,128,123,147,169,133,145,132,119,142,139,138,155,164,136,154,129,130,149,159,129,152,125,144,142,138,147,148,152,166,208,225,210,208,186,216,190,233,256,266,294,302,306,305,320,307,262,269,261,236,237,237,259,189,238,200,147,157,133,101,112,67,81,68,76,54,63,39,47,41,38,39,30,33,29,26,26,26,26,24,10,13,7,5,3,2,5,3,2,1,0,0
울산광역시 남구 대현동(3114062500),14818,14818,86,102,116,155,143,203,202,216,194,188,198,201,172,184,176,156,148,171,154,143,167,180,150,169,173,153,150,184,168,181,176,174,173,199,179,213,221,206,240,291,285,307,306,285,268,237,219,253,233,260,288,286,243,249,212,239,262,216,200,239,222,216,215,187,172,168,160,165,111,136,91,105,100,90,89,63,33,56,46,53,45,21,31,24,24,14,8,7,3,8,3,6,1,2,0,0,1,0,0,0,0,14843,14843,85,100,123,123,153,167,213,205,189,208,195,176,140,161,160,147,154,153,147,145,149,165,134,136,136,133,134,137,119,159,173,174,175,184,183,189,204,255,275,315,301,319,319,262,260,222,260,274,298,253,267,246,242,257,247,212,221,216,217,229,247,240,234,199,190,202,167,148,143,130,99,110,97,96,89,68,54,61,43,69,53,51,48,44,32,29,22,15,19,14,9,4,5,4,4,5,1,2,0,0,1
울산광역시 남구 수암동(3114063500),8336,8336,57,53,73,65,55,94,69,99,97,89,82,87,103,79,115,88,79,77,114,96,124,113,102,117,110,102,115,104,116,110,103,106,126,113,105,94,97,121,126,144,134,122,122,100,118,109,123,104,127,144,146,166,154,161,154,168,174,173,123,151,163,160,143,101,122,111,122,88,86,67,62,58,48,59,37,42,22,14,17,31,18,12,15,11,8,10,3,3,3,3,2,1,2,0,0,0,0,0,0,0,0,8317,8317,62,59,49,58,65,91,97,90,88,91,82,110,89,86,87,77,88,85,74,71,91,99,111,90,97,93,86,77,92,101,110,99,119,93,111,104,105,111,128,120,139,127,134,108,123,99,127,158,167,163,177,196,177,176,174,154,155,132,141,134,171,155,145,130,110,103,87,94,87,75,59,48,49,43,48,32,31,19,27,29,21,19,20,12,13,13,22,9,9,11,3,4,3,7,2,3,1,2,1,1,2
울산광역시 남구 선암동(3114064000),7352,7352,45,43,48,41,62,62,57,55,59,62,73,57,61,61,62,65,50,74,63,72,76,85,86,96,81,87,105,106,115,101,100,88,104,90,107,88,92,120,108,105,129,129,102,105,110,102,100,129,128,149,128,139,132,144,123,141,134,173,131,125,140,140,126,139,130,121,112,92,80,73,53,60,50,66,44,33,38,27,23,39,19,14,15,10,11,10,5,7,4,0,4,1,1,0,0,0,0,0,0,0,0,6913,6913,27,48,48,53,54,46,63,62,47,62,53,59,71,59,53,52,42,50,64,56,71,100,83,83,74,70,78,68,85,73,83,84,72,87,95,74,80,69,105,102,94,104,95,94,90,91,109,127,125,129,121,144,157,144,130,123,150,123,116,120,149,175,137,109,105,109,106,99,90,79,53,49,59,49,35,48,23,38,24,43,32,27,23,28,22,16,19,26,15,7,8,6,6,5,1,1,0,1,0,0,0
울산광역시 남구 야음장생포동(3114067000),5058,5058,29,29,28,31,23,36,33,30,35,32,21,27,29,21,41,28,31,25,33,25,38,52,48,45,44,50,50,61,68,48,69,72,76,70,64,60,61,68,78,81,82,81,66,74,69,60,70,75,72,92,93,93,105,90,84,100,103,107,101,105,128,105,112,104,97,69,97,84,82,67,53,61,58,65,49,32,26,39,33,36,31,26,19,18,13,10,7,8,4,4,5,2,1,0,0,0,0,1,0,0,0,4583,4583,30,27,28,35,34,42,32,25,22,26,27,25,28,21,18,26,16,24,26,18,34,36,37,32,35,31,44,40,51,51,44,51,56,59,53,55,55,57,45,54,59,48,60,39,46,48,52,56,58,73,72,68,79,80,67,63,84,88,86,97,88,98,106,94,107,96,96,100,83,88,71,63,75,70,62,57,44,35,48,55,37,34,24,29,32,12,21,14,21,10,10,11,2,5,4,3,2,1,0,1,1
울산광역시 동구 (3117000000),80173,80173,348,415,484,574,679,818,844,891,828,953,902,957,844,870,874,811,741,739,825,724,758,894,883,833,905,1049,1057,987,954,996,995,930,1006,1071,1001,1111,1166,1233,1409,1628,1625,1679,1563,1359,1409,1315,1274,1411,1353,1302,1339,1257,1309,1299,1125,1241,1225,1206,1129,1316,1361,1494,1471,1417,1251,1120,1068,972,814,831,722,640,569,576,541,449,294,286,278,305,201,168,155,123,73,59,54,38,42,24,15,5,10,7,8,2,1,1,3,1,1,73419,73419,350,402,515,524,675,771,787,856,834,872,810,831,763,745,834,715,641,649,679,643,656,737,679,730,770,779,754,744,725,748,763,736,763,742,796,977,1025,976,1269,1421,1315,1381,1311,1144,1208,1073,1117,1110,1186,1090,1131,1188,1166,1274,1258,1148,1260,1214,1184,1373,1517,1716,1491,1299,1286,1145,1069,948,838,807,651,555,565,516,477,385,281,305,309,358,290,228,222,217,171,174,156,128,103,80,84,52,41,36,25,18,24,12,11,5,7
울산광역시 동구 방어동(3117051000),21579,21579,100,109,139,136,176,177,194,210,192,249,232,270,254,240,242,227,193,181,217,188,188,238,268,230,230,292,302,273,248,275,278,244,282,281,288,310,353,369,383,436,462,482,487,397,406,394,353,436,431,399,400,370,377,409,329,365,311,307,321,326,337,374,346,330,287,272,236,237,205,181,163,159,133,137,121,97,52,69,77,81,52,39,38,25,13,19,17,6,8,4,5,2,0,0,0,1,0,0,0,0,0,18511,18511,98,91,137,128,185,190,199,215,180,212,217,224,189,186,208,171,177,182,170,173,167,190,170,190,192,199,185,194,187,193,199,196,173,189,196,261,249,236,313,356,298,377,352,290,321,251,304,298,333,307,324,317,296,330,362,282,289,293,292,330,344,411,362,258,289,260,284,243,200,197,149,120,144,117,133,89,68,80,80,112,75,58,58,61,36,45,48,38,31,17,21,17,18,10,6,7,6,3,0,1,2
울산광역시 동구 일산동(3117052000),3071,3071,13,7,6,11,5,9,13,16,21,13,11,20,20,16,20,19,21,20,22,18,22,30,33,27,36,60,49,46,44,54,46,36,46,68,38,39,37,37,53,56,50,55,50,43,49,42,41,59,49,46,42,31,67,59,53,52,59,53,44,58,65,62,69,66,71,60,48,40,41,39,43,43,24,37,39,24,22,22,15,16,12,16,9,5,5,3,2,3,5,1,0,0,0,1,1,1,0,0,1,0,0,2678,2678,7,8,11,9,12,12,12,11,20,14,12,19,22,21,15,11,15,8,20,21,26,19,18,25,37,40,36,38,29,40,37,24,29,29,21,13,23,26,31,38,37,36,44,27,29,25,43,31,27,39,44,38,35,47,40,56,50,55,47,67,67,68,73,81,62,60,64,55,45,53,40,30,30,35,32,23,16,27,14,14,14,16,12,12,14,12,4,4,7,3,2,5,0,3,1,1,1,2,0,0,0
울산광역시 동구 화정동(3117053000),9941,9941,49,57,75,94,91,132,135,131,121,139,130,122,95,104,99,79,72,108,102,86,111,115,111,115,92,105,98,89,96,114,97,89,102,117,118,136,150,147,182,216,220,241,199,175,150,153,166,156,160,159,180,171,168,138,162,152,168,146,135,158,164,185,203,162,163,121,125,123,98,92,92,81,80,60,63,60,40,35,34,31,30,27,19,13,17,8,5,6,8,7,2,2,2,1,1,0,1,1,1,0,0,9414,9414,60,67,77,76,106,117,108,121,124,130,110,117,106,83,98,76,71,74,78,87,90,101,99,78,93,83,67,84,79,79,84,83,98,100,111,135,159,157,174,197,192,167,175,155,142,136,128,114,147,128,135,171,144,145,157,152,153,158,131,165,173,195,184,159,163,134,119,124,99,103,88,71,61,78,52,63,41,43,44,42,51,35,36,34,37,34,28,21,17,12,9,6,5,5,6,1,3,0,3,1,2
울산광역시 동구 대송동(3117054000),6045,6045,19,23,32,42,51,49,50,51,51,57,51,55,46,46,68,50,72,66,88,66,69,71,72,84,88,91,83,99,72,68,79,73,82,65,65,77,74,74,94,104,117,92,98,97,94,102,93,95,104,110,120,111,133,135,100,119,108,110,79,119,113,131,140,114,85,72,80,62,69,59,47,48,35,33,38,33,11,13,19,18,10,9,14,15,6,1,6,5,3,1,0,0,0,2,0,0,0,0,0,0,0,5481,5481,28,26,36,37,29,46,43,51,57,43,56,54,48,42,57,50,42,53,57,62,64,62,78,64,74,70,67,53,49,62,56,58,58,50,45,63,67,57,72,86,89,100,90,82,76,90,80,109,102,103,114,88,107,134,109,113,105,87,105,114,117,135,98,96,96,90,77,70,59,54,47,29,34,31,35,26,17,21,21,22,18,13,14,10,17,12,12,9,7,4,9,1,0,3,0,2,4,0,1,0,1
울산광역시 동구 전하1동(3117055000),7570,7570,37,42,41,52,56,67,80,88,75,104,81,93,66,85,71,88,81,52,74,63,63,86,80,65,86,96,112,98,100,116,104,99,98,128,92,95,107,109,120,130,155,154,122,117,142,136,113,133,94,124,116,97,127,115,102,102,115,119,105,132,130,147,128,153,100,97,105,85,66,95,73,67,74,63,67,60,41,37,36,39,26,20,17,14,6,5,2,2,3,4,1,0,2,1,2,0,0,0,0,1,1,7135,7135,42,28,50,42,62,65,70,75,86,75,66,70,61,65,70,63,60,51,53,56,54,69,57,112,94,107,113,114,97,95,92,64,84,79,80,85,87,93,113,134,127,113,103,91,124,109,107,104,84,87,106,125,97,108,114,103,129,121,122,137,142,146,136,133,122,121,113,106,93,96,72,63,84,52,47,36,28,35,34,30,39,17,20,24,16,11,15,13,5,14,10,3,1,3,3,1,2,1,2,1,1
울산광역시 동구 전하2동(3117056000),10402,10402,38,52,60,67,99,128,122,138,111,126,128,128,108,129,118,117,104,116,117,113,110,128,125,117,135,133,133,114,125,111,116,105,104,98,115,134,119,129,149,206,208,199,183,155,184,166,176,166,172,159,183,169,168,160,157,188,190,208,187,209,195,190,211,191,149,149,135,113,108,96,75,80,80,70,69,47,32,27,26,37,14,16,19,15,9,10,7,5,4,5,3,1,1,0,1,0,0,0,0,0,0,10063,10063,33,69,74,66,96,113,109,135,136,135,131,125,122,113,141,114,108,101,112,82,102,106,106,102,100,106,99,88,93,88,92,89,93,74,106,120,126,128,190,206,169,179,157,175,203,144,167,145,186,156,143,177,193,218,185,170,179,187,183,171,209,212,191,145,186,146,119,103,106,92,91,68,54,61,46,44,31,25,39,34,31,25,32,22,19,22,15,13,11,9,9,7,8,6,3,3,3,2,2,2,1
울산광역시 동구 남목1동(3117058000),4446,4446,10,15,21,18,24,42,43,37,45,46,49,59,52,56,37,44,37,43,49,40,51,52,45,50,47,40,53,40,47,61,51,39,56,51,40,42,41,72,80,83,71,67,101,69,90,63,62,76,67,74,61,70,64,58,57,77,75,62,65,71,83,95,89,103,85,84,91,67,60,66,58,30,39,50,32,40,21,27,20,26,17,8,12,11,7,3,4,4,3,1,1,0,0,1,0,0,0,0,0,0,0,4262,4262,10,9,17,15,31,37,41,37,35,46,56,43,46,64,40,56,46,36,35,37,37,37,36,36,42,35,27,36,41,29,29,35,30,29,38,57,39,43,60,78,85,78,75,65,56,57,58,62,75,60,68,62,61,66,66,63,89,80,53,81,115,140,111,99,97,84,67,67,54,56,38,48,50,49,32,34,18,21,25,23,21,21,20,18,9,8,13,4,6,5,3,3,5,1,2,2,1,1,0,0,0
울산광역시 동구 남목2동(3117059000),11088,11088,61,79,87,95,115,142,143,136,137,137,139,124,136,127,133,120,96,105,96,106,86,111,99,81,148,165,172,164,151,141,171,163,170,186,181,193,192,203,231,275,226,249,209,199,181,171,181,166,163,141,153,154,120,139,92,119,121,118,110,151,170,181,169,182,196,160,155,162,118,128,113,75,58,83,72,50,55,40,30,27,21,21,16,19,3,4,5,5,2,1,2,0,3,1,0,0,0,0,1,0,0,9940,9940,53,76,71,96,106,115,143,150,112,139,101,111,120,101,125,96,84,91,88,70,73,95,75,90,89,94,107,94,92,113,112,136,140,139,139,167,187,154,201,197,215,209,187,158,161,161,136,147,151,137,119,125,142,142,133,132,161,132,158,190,213,239,216,207,175,162,145,106,122,95,71,74,64,52,59,38,28,23,27,41,18,18,10,13,9,12,10,13,10,6,9,4,2,2,1,1,4,2,1,0,0
울산광역시 동구 남목3동(3117060000),6031,6031,21,31,23,59,62,72,64,84,75,82,81,86,67,67,86,67,65,48,60,44,58,63,50,64,43,67,55,64,71,56,53,82,66,77,64,85,93,93,117,122,116,140,114,107,113,88,89,124,113,90,84,84,85,86,73,67,78,83,83,92,104,129,116,116,115,105,93,83,49,75,58,57,46,43,40,38,20,16,21,30,19,12,11,6,7,6,6,2,6,0,1,0,2,0,3,0,0,0,0,0,0,5935,5935,19,28,42,55,48,76,62,61,84,78,61,68,49,70,80,78,38,53,66,55,43,58,40,33,49,45,53,43,58,49,62,51,58,53,60,76,88,82,115,129,103,122,128,101,96,100,94,100,81,73,78,85,91,84,92,77,105,101,93,118,137,170,120,121,96,88,81,74,60,61,55,52,44,41,41,32,34,30,25,40,23,25,20,23,14,18,11,13,9,10,12,6,2,3,3,0,0,1,2,0,0
울산광역시 북구 (3120000000),113338,113338,747,923,1010,1128,1199,1357,1509,1439,1392,1502,1389,1394,1263,1303,1384,1144,1107,1096,1171,1091,1277,1416,1426,1412,1541,1536,1568,1549,1594,1581,1596,1497,1675,1626,1571,1591,1681,1705,1929,2146,2234,2286,2316,1995,2034,1905,1877,1853,1811,1825,1885,1863,1901,2050,1949,2183,2099,2002,1892,1981,1926,1883,1543,1269,1175,1062,957,874,656,700,536,484,453,479,406,351,245,283,231,313,209,164,150,132,95,80,58,65,47,26,23,14,17,6,7,5,3,3,1,0,1,105729,105729,770,891,976,1013,1151,1294,1384,1378,1312,1379,1354,1343,1166,1231,1337,1135,1059,990,1028,863,973,1049,1059,1035,1168,1059,1127,1193,1186,1319,1381,1349,1343,1394,1398,1433,1562,1605,1953,2137,2248,2204,2147,1777,1861,1620,1670,1823,1903,1861,1958,2079,2028,2191,2113,1957,1938,1803,1482,1593,1633,1603,1360,1084,1086,990,938,816,620,685,515,475,502,487,488,389,264,347,337,405,290,282,270,264,261,238,204,171,145,127,92,71,69,48,43,25,20,15,14,7,16
울산광역시 북구 농소1동(3120051000),18794,18794,123,132,165,228,199,256,273,270,280,291,250,226,242,209,233,176,174,181,184,154,192,226,193,192,213,220,220,218,225,239,225,225,263,221,233,246,287,285,358,386,380,420,442,358,366,344,329,323,311,273,299,281,336,297,303,317,285,328,299,342,309,338,283,216,214,209,180,149,110,121,93,98,89,84,71,65,51,62,56,59,37,24,31,21,18,14,8,15,7,1,5,1,3,2,1,1,0,2,0,0,0,17922,17922,128,162,151,163,187,227,259,277,268,253,263,225,194,227,239,185,185,159,155,124,160,166,164,176,178,143,158,174,171,201,203,208,207,206,211,242,264,297,383,379,421,408,393,297,318,273,276,280,318,272,317,311,349,332,343,299,293,299,272,265,278,311,246,181,208,178,154,148,109,120,102,104,101,91,107,77,49,79,61,86,55,53,49,58,44,39,31,25,31,22,10,17,11,5,8,3,4,4,1,1,3
울산광역시 북구 농소2동(3120052000),21343,21343,180,209,239,241,307,319,348,337,290,337,312,310,271,286,299,233,207,201,209,213,238,263,218,240,225,223,242,240,267,251,284,289,331,335,323,331,366,333,382,445,470,494,470,414,384,405,377,350,366,379,348,319,318,311,314,350,362,340,331,339,291,308,254,211,191,178,138,141,103,113,83,75,87,92,55,57,42,38,34,54,31,32,21,21,17,9,11,11,12,6,2,3,2,1,3,1,0,0,0,0,0,20724,20724,170,208,226,249,266,278,322,296,276,316,313,328,260,254,285,228,205,196,208,183,184,192,194,161,200,186,182,213,215,260,300,282,275,320,311,315,327,327,429,476,510,462,478,371,416,350,328,342,357,348,328,360,348,400,375,355,333,306,254,268,278,277,243,193,183,148,175,151,92,122,102,73,66,85,73,68,51,57,53,70,52,40,44,50,54,45,33,26,20,22,16,9,14,15,5,6,2,1,2,0,3
울산광역시 북구 농소3동(3120053000),19258,19258,67,75,108,119,152,187,216,214,252,282,288,321,330,344,350,295,330,328,329,279,314,328,324,266,302,264,233,191,196,185,166,119,144,143,147,154,150,193,240,263,287,315,361,333,376,388,387,412,421,457,458,421,419,489,374,431,410,305,328,301,291,275,185,172,155,142,114,113,77,99,71,68,59,79,75,61,38,41,31,52,41,34,24,28,18,18,8,7,5,2,1,3,5,0,1,2,1,0,0,0,1,18673,18673,69,79,106,111,130,174,217,215,223,272,266,294,274,299,351,299,298,260,265,237,250,248,246,222,250,215,197,168,162,165,134,130,147,123,128,152,186,202,256,320,353,440,454,396,419,379,448,445,490,456,468,489,408,429,394,339,308,250,185,216,200,216,163,135,124,136,117,102,87,110,76,94,90,96,78,65,45,51,72,62,58,54,49,36,41,35,33,34,20,24,13,13,7,8,8,3,3,2,3,1,3
울산광역시 북구 강동동(3120054000),8340,8340,74,86,116,106,120,140,166,135,136,159,128,129,89,83,86,61,45,40,42,42,50,51,47,54,48,64,70,58,66,87,82,96,112,146,119,159,170,172,194,263,240,250,243,172,164,127,149,117,115,107,110,100,104,123,104,106,92,110,100,120,129,118,123,118,116,103,92,90,65,65,52,40,38,44,43,31,29,23,18,32,22,16,18,11,8,9,8,7,11,4,4,2,3,3,1,0,0,0,0,0,0,7959,7959,80,118,107,127,120,117,147,140,146,133,116,112,100,94,84,58,53,38,30,40,31,32,27,39,46,40,53,55,58,79,103,107,124,119,126,155,183,188,222,240,221,191,200,132,135,104,72,90,100,96,72,111,83,98,94,94,131,124,110,104,130,146,112,109,94,90,74,61,54,62,46,36,57,42,40,34,21,26,24,40,29,29,30,25,34,30,20,23,16,20,10,10,14,4,5,2,3,1,1,4,2
울산광역시 북구 효문동(3120056000),15811,15811,109,152,149,144,134,140,152,154,117,133,114,114,73,102,104,110,114,100,126,122,176,215,206,237,246,275,270,290,302,313,283,298,301,308,294,268,263,259,264,277,277,252,270,220,222,201,218,217,187,221,241,299,269,312,280,379,335,325,309,336,352,323,281,192,179,144,155,135,102,107,93,71,60,51,57,48,32,46,29,39,26,20,16,14,14,10,10,9,3,4,4,1,3,0,0,1,0,1,1,0,0,13648,13648,97,102,136,122,118,167,141,123,109,122,107,97,79,96,96,107,99,96,134,86,108,159,153,173,179,147,199,211,238,207,240,235,193,217,215,197,200,192,187,203,240,186,176,155,172,183,185,195,197,247,273,294,312,331,362,334,331,311,254,269,261,241,210,163,173,157,152,130,96,99,59,58,55,59,61,46,38,49,51,52,35,42,33,35,27,30,26,19,20,17,14,9,11,7,5,4,0,5,2,1,2
울산광역시 북구 송정동(3120057000),18614,18614,132,196,182,234,218,229,278,245,259,208,225,204,180,189,226,178,158,162,206,212,218,237,267,247,277,254,275,288,271,254,305,262,300,290,287,269,307,305,353,351,409,374,340,288,313,281,276,265,269,260,286,283,274,320,351,376,399,377,328,329,331,304,229,198,162,146,132,123,97,99,71,80,59,72,54,44,28,35,32,39,31,15,18,17,12,12,10,7,6,5,5,1,1,0,1,0,2,0,0,0,0,18059,18059,175,166,180,184,242,244,237,242,224,201,205,207,195,190,205,183,156,183,172,131,167,173,195,182,208,219,240,266,245,281,287,262,292,288,276,254,303,305,341,368,376,370,319,285,293,244,257,340,306,314,359,360,351,436,381,343,352,329,238,272,278,228,198,162,147,138,123,112,99,77,70,59,65,63,51,43,24,46,38,54,34,31,39,33,43,37,37,28,22,14,18,10,11,6,6,5,7,0,3,0,1
울산광역시 북구 양정동(3120058000),5694,5694,37,40,18,27,36,40,30,39,26,35,32,32,31,51,38,50,41,41,42,33,50,40,117,112,142,155,154,160,154,144,148,128,141,104,95,80,74,67,57,79,80,86,102,112,108,74,69,75,69,53,64,81,94,108,120,109,124,115,89,105,110,113,74,63,73,58,69,50,37,37,29,25,24,29,30,18,10,14,13,19,10,4,9,5,1,6,1,2,1,1,0,2,0,0,0,0,0,0,0,0,0,4104,4104,32,32,36,29,53,43,29,37,30,41,37,43,27,35,38,37,33,31,38,31,43,34,41,40,52,51,48,59,49,63,58,65,59,57,69,62,41,42,61,73,62,72,62,66,53,46,51,60,72,70,62,71,92,72,66,91,80,91,80,85,98,79,84,57,61,52,66,53,36,33,25,15,27,16,34,23,19,11,17,13,5,14,13,12,8,8,11,7,5,3,8,1,0,2,3,0,1,0,1,0,0
울산광역시 북구 염포동(3120059000),5484,5484,25,33,33,29,33,46,46,45,32,57,40,58,47,39,48,41,38,43,33,36,39,56,54,64,88,81,104,104,113,108,103,80,83,79,73,84,64,91,81,82,91,95,88,98,101,85,72,94,73,75,79,79,87,90,103,115,92,102,108,109,113,104,114,99,85,82,77,73,65,59,44,27,37,28,21,27,15,24,18,19,11,19,13,15,7,2,2,7,2,3,2,1,0,0,0,0,0,0,0,0,0,4640,4640,19,24,34,28,35,44,32,48,36,41,47,37,37,36,39,38,30,27,26,31,30,45,39,42,55,58,50,47,48,63,56,60,46,64,62,56,58,52,74,78,65,75,65,75,55,41,53,71,63,58,79,83,85,93,98,102,110,93,89,114,110,105,104,84,96,91,77,59,47,62,35,36,41,35,44,33,17,28,21,28,22,19,13,15,10,14,13,9,11,5,3,2,1,1,3,2,0,2,1,0,2
울산광역시 울주군 (3171000000),114687,114687,613,609,635,759,808,888,978,1011,984,1067,1121,1088,1047,1109,1199,1107,1102,1160,1181,1197,1384,1590,1443,1466,1421,1490,1478,1556,1512,1397,1371,1243,1265,1205,1179,1266,1239,1273,1441,1629,1822,1759,1799,1614,1786,1762,1733,1994,2013,2180,2293,2321,2272,2432,2191,2197,2321,2222,1908,2232,2269,2258,2007,1850,1711,1650,1532,1430,1147,1107,895,945,833,872,784,621,443,464,460,558,442,341,325,289,218,194,148,157,92,78,53,48,30,28,20,9,7,2,5,3,0,107267,107267,535,561,635,692,709,829,917,893,972,1141,1020,1072,1001,1068,1130,973,998,1050,1135,1049,1095,1232,1191,1082,1070,1021,1107,1099,998,1130,1112,1016,1050,1030,1032,1093,1105,1163,1313,1493,1616,1686,1631,1508,1662,1569,1760,1925,2109,2043,2204,2182,2111,2195,2085,1925,2018,1911,1667,1884,1981,2051,1809,1682,1617,1507,1489,1281,1144,1170,900,864,830,818,789,658,497,713,622,802,638,622,580,523,479,410,409,410,297,258,247,143,143,112,84,57,40,30,25,16,17
울산광역시 울주군 온산읍(3171025000),11765,11765,59,62,54,55,78,72,80,82,72,95,100,92,82,78,105,76,79,84,77,93,102,120,136,113,142,165,171,198,212,190,198,180,155,145,179,154,154,145,172,232,241,239,211,199,218,198,204,242,242,284,277,274,270,279,238,248,231,234,195,215,204,227,161,150,162,134,115,118,88,106,79,83,71,52,66,50,46,29,33,41,34,23,26,29,12,9,11,12,4,4,4,1,4,0,0,0,0,0,0,0,0,8598,8598,48,43,45,62,53,67,70,86,85,78,71,89,80,80,68,58,74,79,65,68,95,111,96,93,69,78,80,92,107,105,95,79,90,83,123,88,95,79,100,150,125,142,138,100,126,124,149,129,181,173,177,181,169,172,163,169,149,163,132,154,174,150,151,141,127,129,141,109,76,91,69,88,65,88,56,47,30,60,49,55,58,54,41,37,41,31,27,24,18,15,17,12,12,7,6,1,3,2,0,0,3
울산광역시 울주군 언양읍(3171025300),14148,14148,83,72,83,93,96,112,123,131,157,155,155,147,156,150,143,143,127,135,126,124,156,203,157,184,185,183,191,205,184,190,200,159,155,142,145,149,152,160,180,171,234,221,237,203,211,196,213,253,221,243,239,281,241,239,217,265,283,302,230,288,297,287,254,230,221,199,194,190,157,140,109,116,118,111,116,68,49,54,62,79,54,45,34,40,25,32,24,13,11,13,8,9,4,2,3,0,1,0,0,0,0,14105,14105,67,75,89,108,92,114,127,134,161,175,146,150,128,134,164,118,118,135,138,113,126,159,157,125,145,131,149,142,136,153,154,150,131,118,135,152,152,145,178,186,214,246,213,202,224,215,204,256,234,233,269,265,259,289,292,263,276,239,239,223,253,279,231,244,230,228,201,157,151,157,123,106,117,107,105,80,54,85,82,103,91,84,64,81,53,53,54,54,39,40,40,19,17,20,12,9,2,3,3,3,6
울산광역시 울주군 온양읍(3171025600),14905,14905,87,93,91,112,116,134,143,134,126,167,176,148,150,187,166,160,180,161,160,151,198,209,194,172,145,173,167,184,188,175,158,146,171,151,163,163,183,184,229,224,264,268,270,212,261,265,264,289,296,314,337,312,280,325,272,278,309,275,221,290,279,263,229,224,190,205,170,134,102,124,98,83,84,106,76,63,46,32,55,65,46,34,37,37,24,19,17,8,9,7,4,5,3,4,1,0,1,0,0,0,0,13784,13784,83,90,97,103,105,124,142,128,133,171,146,180,144,154,170,153,156,144,167,160,170,167,157,126,165,114,140,137,117,149,138,147,140,159,136,151,146,161,205,193,211,266,225,220,247,203,264,277,287,276,289,261,271,266,256,223,268,213,165,242,230,228,207,175,156,170,146,147,110,119,88,87,95,84,73,78,50,81,73,97,60,66,69,55,58,46,43,57,25,27,25,15,14,8,8,4,4,3,4,1,0
울산광역시 울주군 범서읍(3171025900),35018,35018,188,198,207,261,278,339,377,415,407,446,434,482,455,481,559,494,485,528,559,519,577,613,553,547,533,528,474,466,425,365,339,328,317,325,296,349,318,354,384,464,517,502,571,538,568,626,604,654,685,703,795,756,757,805,700,687,668,571,514,559,586,558,473,435,343,340,355,304,235,235,166,201,143,147,135,127,79,94,88,95,90,65,59,48,36,34,11,27,23,12,4,8,8,3,1,1,1,0,1,0,0,34627,34627,169,182,213,217,243,303,368,344,364,476,437,448,429,486,488,448,464,468,525,449,446,480,429,436,396,374,374,382,327,360,340,288,313,313,299,332,372,412,459,509,613,628,669,605,685,670,716,778,816,829,837,843,757,744,652,615,617,566,422,506,489,503,410,387,375,332,321,263,244,228,178,172,159,152,162,127,85,138,120,140,105,109,111,85,91,60,67,66,44,36,45,21,24,11,11,9,6,3,4,4,0
울산광역시 울주군 청량읍(3171026200),9822,9822,80,94,83,99,79,89,86,91,79,59,70,85,56,72,79,66,71,83,79,88,99,126,121,111,105,115,115,123,118,137,123,130,150,134,128,136,164,145,173,180,187,153,154,123,134,137,115,165,162,158,178,188,183,218,206,184,203,178,166,154,181,179,190,162,158,152,135,131,100,98,83,72,59,71,75,60,30,48,34,48,30,19,33,21,29,12,11,17,0,3,1,8,0,2,1,0,0,1,0,1,0,9235,9235,64,74,82,89,72,83,70,74,79,92,83,75,79,79,76,67,68,65,93,83,74,90,106,92,78,96,101,102,102,122,150,115,127,130,116,132,118,126,125,141,124,129,122,126,123,113,116,148,185,169,183,183,158,160,176,162,171,155,165,158,170,195,132,134,135,131,146,100,103,105,81,67,88,56,62,51,56,66,43,60,54,57,51,34,39,28,27,32,22,20,13,16,11,10,7,7,4,4,1,1,0
울산광역시 울주군 삼남읍(3171026500),11739,11739,69,56,67,79,95,71,99,78,73,71,102,79,58,70,71,79,75,83,79,100,115,161,140,166,157,173,179,205,182,188,187,159,178,153,142,168,136,156,163,175,209,185,174,140,172,158,137,171,176,199,201,225,216,218,205,198,222,254,236,261,237,226,232,221,211,169,173,159,126,130,94,130,105,97,79,68,45,59,51,69,44,28,31,25,25,13,24,23,9,11,12,3,2,6,4,2,0,1,1,0,0,10972,10972,54,60,66,63,82,79,86,56,74,81,73,57,72,69,79,61,55,85,72,90,91,122,113,93,112,118,149,126,114,129,126,151,141,124,125,115,118,138,124,162,177,142,133,123,140,131,159,160,216,176,191,224,228,252,236,205,213,234,214,205,240,252,233,200,186,167,166,164,130,124,107,103,94,101,101,75,56,79,67,92,61,65,45,53,46,43,52,47,28,25,21,17,16,11,17,9,3,5,3,1,3
울산광역시 울주군 서생면(3171031000),4536,4536,14,13,25,27,29,33,32,23,26,24,26,16,23,23,27,21,27,29,30,36,53,44,39,45,33,44,48,58,55,42,53,36,43,47,33,44,46,46,54,62,55,69,79,78,76,65,57,77,74,92,82,78,107,89,91,84,95,91,79,123,87,106,99,94,93,96,71,91,76,45,58,34,53,60,52,52,34,39,25,28,34,24,26,17,6,15,12,11,5,9,6,2,1,1,3,1,0,0,0,0,0,3875,3875,25,14,18,17,24,21,21,24,28,26,20,32,21,21,24,20,19,23,29,18,28,35,37,31,31,29,22,34,23,25,29,36,26,28,36,46,38,39,42,70,45,37,44,44,38,40,44,66,42,49,52,48,55,59,66,68,55,64,76,80,99,103,94,81,103,78,74,69,68,93,54,64,42,48,50,55,30,51,44,50,47,31,37,37,30,21,23,14,16,17,16,7,9,6,4,2,3,1,1,1,0
울산광역시 울주군 웅촌면(3171034000),3984,3984,11,7,10,11,20,11,14,26,12,20,20,15,18,14,17,18,17,22,23,24,33,37,36,49,40,46,66,45,71,44,46,35,37,37,23,36,38,26,23,51,43,54,32,45,48,40,33,45,40,54,54,59,61,81,83,76,110,99,72,121,125,125,111,109,88,94,89,91,72,60,49,53,70,62,45,35,34,31,32,32,30,29,18,19,13,16,11,8,5,9,1,3,6,5,1,2,1,0,1,0,0,3708,3708,5,9,12,15,18,17,15,17,21,14,14,8,11,14,13,14,13,19,14,23,26,30,34,27,39,30,31,33,28,36,31,26,38,28,23,21,27,21,30,30,39,30,35,32,16,27,26,34,42,44,58,52,77,80,78,55,96,92,80,100,95,94,101,98,95,82,81,68,75,67,52,57,51,56,49,44,32,48,42,54,48,44,41,38,31,38,31,28,23,14,21,12,7,9,5,2,3,1,2,0,1
울산광역시 울주군 두동면(3171036000),2211,2211,6,6,7,9,5,4,5,5,10,4,11,7,14,13,9,8,14,7,10,14,12,18,15,20,14,20,18,17,18,12,15,12,18,20,16,12,12,16,20,16,20,21,20,21,22,16,28,28,28,32,28,43,45,63,53,42,50,50,51,50,71,77,70,56,73,65,61,48,48,49,39,38,30,46,31,27,21,18,24,17,10,14,12,17,11,11,7,7,2,2,2,0,1,2,2,0,1,0,0,1,0,2084,2084,8,4,2,7,5,9,6,12,6,10,8,9,12,10,13,5,11,11,8,7,7,7,20,17,9,8,14,10,13,17,19,6,10,13,9,14,11,11,13,15,16,16,13,17,12,9,21,18,19,30,30,37,35,40,42,47,39,56,42,49,54,55,74,64,58,46,46,47,53,43,29,27,27,22,31,26,19,27,21,41,27,26,31,27,17,26,12,22,22,15,15,9,9,8,2,5,2,0,2,1,2
울산광역시 울주군 두서면(3171037000),1558,1558,6,0,2,4,3,1,1,3,3,4,4,2,4,6,6,10,5,2,8,5,11,10,6,12,7,7,10,10,8,11,5,19,8,8,13,14,9,7,13,11,10,7,9,15,15,13,12,13,17,25,20,22,31,29,27,32,29,29,28,41,42,54,56,52,47,48,50,41,39,36,32,39,27,20,38,23,20,19,14,26,18,25,17,12,12,9,7,14,4,3,3,3,0,0,3,1,0,0,1,1,0,1555,1555,2,2,2,3,4,0,1,2,4,1,3,5,3,5,8,6,6,6,4,7,7,8,7,2,4,10,11,5,8,7,3,6,15,9,7,13,6,6,6,8,8,12,7,2,12,10,8,12,16,5,19,14,20,23,18,22,25,28,28,50,43,48,54,45,34,37,39,46,29,37,33,24,36,30,30,27,19,26,25,38,29,24,27,27,29,24,21,23,24,20,7,5,8,6,2,6,6,3,2,1,0
울산광역시 울주군 상북면(3171038000),4078,4078,7,5,6,9,9,20,15,20,19,22,21,15,29,14,12,27,16,26,28,36,25,42,42,42,53,33,36,39,42,36,38,31,29,36,35,33,23,27,24,37,34,36,38,32,49,43,49,48,60,65,66,67,63,73,81,86,94,120,91,101,130,134,111,95,97,111,96,94,80,58,68,72,57,80,62,40,31,34,31,40,42,23,23,15,18,17,10,13,15,5,6,5,1,3,1,2,2,0,1,0,0,3895,3895,10,6,7,7,10,10,9,14,15,17,16,15,20,15,25,20,12,12,17,29,19,22,33,37,17,27,30,29,22,26,27,9,13,19,17,25,20,23,28,28,35,36,28,31,37,25,49,43,63,51,87,61,70,102,93,80,88,82,85,95,110,124,101,93,97,81,98,83,83,83,68,60,43,62,51,34,54,41,42,55,39,52,49,38,35,31,32,29,29,23,21,9,12,13,7,3,2,5,3,1,1
울산광역시 울주군 삼동면(3171040000),923,923,3,3,0,0,0,2,3,3,0,0,2,0,2,1,5,5,6,0,2,7,3,7,4,5,7,3,3,6,9,7,9,8,4,7,6,8,4,7,6,6,8,4,4,8,12,5,17,9,12,11,16,16,18,13,18,17,27,19,25,29,30,22,21,22,28,37,23,29,24,26,20,24,16,20,9,8,8,7,11,18,10,12,9,9,7,7,3,4,5,0,2,1,0,0,0,0,0,0,0,0,0,829,829,0,2,2,1,1,2,2,2,2,0,3,4,2,1,2,3,2,3,3,2,6,1,2,3,5,6,6,7,1,1,0,3,6,6,6,4,2,2,3,1,9,2,4,6,2,2,4,4,8,8,12,13,12,8,13,16,21,19,19,22,24,20,21,20,21,26,30,28,22,23,18,9,13,12,19,14,12,11,14,17,19,10,14,11,9,9,20,14,7,6,6,1,4,3,3,0,2,0,0,2,1
