±¤ÁÖ±¤¿ª½Ã  (2900000000),"1,440,032","1,440,032","7,676","7,885","8,786","9,666","10,660","12,227","13,428","13,527","13,616","15,116","14,747","15,165","14,154","14,815","16,051","14,798","14,200","15,148","16,499","16,289","18,286","21,042","20,734","20,626","21,344","21,166","21,071","20,619","20,077","20,051","18,893","17,061","16,492","16,215","16,064","16,357","17,294","17,639","20,716","23,228","23,858","23,005","23,937","21,598","22,385","22,715","22,465","25,137","25,560","25,859","26,538","26,124","24,767","26,048","23,575","23,173","22,796","21,389","20,788","21,207","21,241","23,262","21,341","18,762","18,059","15,692","15,888","14,495","11,551","12,590","11,033","10,903","11,332","10,508","10,553","9,815","7,483","7,640","6,539","9,254","7,533","6,031","5,700","5,113","4,628","3,741","3,413","3,024","2,292","1,915","1,456","1,222","1,110",756,508,396,271,159,159,125,187
±¤ÁÖ±¤¿ª½Ã µ¿±¸ (2911000000),"103,299","103,299",630,598,664,694,728,753,826,833,730,768,723,738,589,655,720,703,625,746,855,892,"1,084","1,373","1,478","1,566","1,600","1,560","1,510","1,563","1,437","1,505","1,417","1,346","1,262","1,300","1,256","1,276","1,289","1,265","1,442","1,525","1,617","1,385","1,400","1,376","1,353","1,342","1,293","1,359","1,478","1,564","1,556","1,666","1,603","1,600","1,395","1,566","1,546","1,499","1,544","1,472","1,632","1,820","1,687","1,616","1,656","1,460","1,513","1,410","1,108","1,236","1,109","1,135","1,182","1,138","1,107","1,037",883,853,764,"1,034",881,723,668,584,536,474,376,338,260,227,166,133,127,87,50,44,39,17,15,15,21
±¤ÁÖ±¤¿ª½Ã µ¿±¸ ÃæÀåµ¿(2911052500),"4,818","4,818",10,11,9,2,7,3,4,7,5,8,5,12,7,7,3,17,13,19,16,31,57,91,93,146,165,154,168,186,173,149,122,97,71,74,60,60,48,54,53,65,57,35,40,50,50,50,43,44,66,53,49,64,55,68,66,74,60,51,55,67,72,69,82,74,83,74,83,89,51,61,57,59,64,39,52,39,51,42,45,31,29,25,22,26,22,18,13,12,12,11,7,4,9,1,4,1,1,2,0,2,1
±¤ÁÖ±¤¿ª½Ã µ¿±¸ µ¿¸íµ¿(2911054500),"3,887","3,887",7,6,8,10,5,9,8,10,15,10,12,19,8,19,14,15,15,26,23,29,56,67,88,78,79,88,91,81,93,95,65,71,68,42,40,40,33,36,38,34,44,38,39,38,44,43,39,65,82,51,50,50,57,53,44,50,55,39,46,43,46,68,49,55,86,46,53,62,39,59,43,57,49,46,58,58,43,41,47,58,49,38,26,37,22,18,24,24,18,12,7,3,9,5,1,5,2,1,1,1,0
±¤ÁÖ±¤¿ª½Ã µ¿±¸ °è¸²1µ¿(2911056000),"10,935","10,935",115,89,108,106,116,93,98,101,74,61,67,54,43,52,67,48,62,65,77,74,103,124,146,124,135,151,125,158,164,136,173,188,185,192,157,190,200,194,189,183,204,164,168,135,157,131,142,141,151,181,176,201,187,146,170,175,140,165,174,152,175,190,176,158,157,156,170,130,92,122,107,129,107,111,102,83,61,69,62,91,73,36,51,49,28,50,31,24,17,15,13,15,4,5,7,6,4,6,1,2,3
±¤ÁÖ±¤¿ª½Ã µ¿±¸ °è¸²2µ¿(2911057000),"9,802","9,802",71,77,95,100,109,108,150,121,113,108,101,86,60,79,89,71,79,92,101,85,117,123,113,115,121,91,74,109,78,123,126,145,120,144,109,139,145,138,180,154,179,157,146,160,170,151,129,131,152,168,144,144,162,141,114,100,109,133,114,113,123,133,117,124,141,99,131,111,107,89,100,92,103,97,91,91,82,79,78,99,78,82,53,47,47,53,39,34,24,25,12,10,12,9,4,4,1,2,0,0,3
±¤ÁÖ±¤¿ª½Ã µ¿±¸ »ê¼ö1µ¿(2911059000),"8,590","8,590",55,49,36,56,42,57,47,46,54,65,67,69,63,64,70,63,50,53,71,80,89,114,129,123,111,126,123,106,123,105,104,107,92,94,112,104,116,97,109,111,131,108,131,122,112,120,112,110,124,135,136,163,133,131,148,147,155,134,147,139,132,159,150,120,121,112,132,122,86,95,98,80,100,84,93,99,83,73,69,87,83,68,70,44,33,42,32,37,16,19,15,12,13,8,4,2,3,0,1,0,3
±¤ÁÖ±¤¿ª½Ã µ¿±¸ »ê¼ö2µ¿(2911060000),"10,499","10,499",45,32,48,46,57,63,82,86,64,73,80,77,71,61,72,90,63,72,104,92,111,136,110,148,136,141,131,155,103,116,127,117,117,116,96,87,103,111,114,142,144,124,130,126,135,157,125,124,152,173,155,178,174,186,153,219,165,186,165,161,185,212,198,196,174,182,176,162,122,131,135,125,122,116,145,131,105,98,74,134,104,81,78,70,60,51,47,27,29,37,19,15,8,5,8,2,4,2,0,0,2
±¤ÁÖ±¤¿ª½Ã µ¿±¸ Áö»ê1µ¿(2911062000),"4,249","4,249",10,11,10,12,13,16,16,26,25,27,23,36,23,33,35,36,25,30,39,52,61,81,103,98,114,93,91,89,67,66,73,45,49,51,33,46,39,33,51,52,55,43,39,57,52,60,60,51,61,62,59,68,74,59,59,68,52,52,54,68,49,71,73,65,54,53,60,55,47,51,41,43,54,43,50,37,46,34,32,35,50,30,35,24,27,27,16,16,12,6,4,5,8,4,3,0,0,0,2,1,0
±¤ÁÖ±¤¿ª½Ã µ¿±¸ Áö»ê2µ¿(2911063000),"4,512","4,512",7,8,8,16,19,16,22,27,23,36,30,34,32,26,27,38,27,36,41,54,62,77,117,124,101,91,82,86,76,72,51,50,40,43,39,30,34,31,32,51,45,44,51,53,46,48,64,64,67,80,82,69,83,89,67,72,63,60,73,56,75,74,72,57,74,61,54,56,54,51,49,45,40,61,54,43,29,49,42,58,49,45,36,29,30,32,19,17,15,5,12,9,9,4,2,3,1,1,0,3,1
±¤ÁÖ±¤¿ª½Ã µ¿±¸ ¼­³²µ¿(2911065500),"2,963","2,963",1,4,8,5,3,9,10,12,15,7,12,9,7,8,10,10,9,19,11,30,43,65,99,94,118,104,88,96,76,71,52,57,27,35,37,26,23,25,23,21,32,27,27,32,37,25,23,35,29,39,38,39,46,43,22,31,38,41,42,36,35,42,52,52,49,41,33,43,30,41,35,26,46,29,34,36,20,22,24,32,27,24,10,24,21,14,13,10,13,3,2,5,3,3,0,2,4,0,0,0,2
±¤ÁÖ±¤¿ª½Ã µ¿±¸ ÇÐµ¿(2911068500),"7,702","7,702",58,62,77,75,67,81,59,92,62,82,59,57,43,48,54,56,51,48,66,55,71,98,108,109,116,101,120,95,85,112,86,94,83,77,98,102,101,108,122,133,141,124,115,114,105,93,91,111,111,97,122,127,124,129,93,98,128,107,102,117,132,120,98,113,100,117,106,87,74,87,74,88,91,88,74,72,61,68,64,79,59,49,52,46,32,32,24,20,15,12,18,8,7,5,3,0,4,0,2,1,0
±¤ÁÖ±¤¿ª½Ã µ¿±¸ ÇÐ¿îµ¿(2911071000),"11,448","11,448",23,41,41,41,55,57,79,77,63,90,87,83,80,84,95,96,70,97,108,113,97,137,118,126,135,141,126,138,107,116,117,81,101,102,116,104,75,111,100,132,133,120,142,129,135,140,149,154,131,163,175,194,170,180,132,174,175,187,194,181,209,204,232,225,244,204,196,191,156,190,150,165,174,184,164,155,123,135,91,151,131,122,120,101,100,81,65,50,47,41,34,26,18,19,4,9,7,2,3,3,4
±¤ÁÖ±¤¿ª½Ã µ¿±¸ Áö¿ø1µ¿(2911073000),"7,807","7,807",36,49,40,46,45,46,69,55,52,68,68,64,53,71,69,56,49,71,68,75,66,82,84,89,90,99,91,82,101,103,87,69,83,95,101,91,103,83,92,122,131,107,99,106,98,103,98,95,113,124,134,105,113,145,106,131,141,118,150,106,141,174,143,151,132,112,131,135,99,100,90,102,98,95,76,86,66,66,57,80,61,51,46,25,39,27,22,32,18,16,8,9,14,6,2,5,2,1,2,1,0
±¤ÁÖ±¤¿ª½Ã µ¿±¸ Áö¿ø2µ¿(2911074000),"16,087","16,087",192,159,176,179,190,195,182,173,165,133,112,138,99,103,115,107,112,118,130,122,151,178,170,192,179,180,200,182,191,241,234,225,226,235,258,257,269,244,339,325,321,294,273,254,212,221,218,234,239,238,236,264,225,230,221,227,265,226,228,233,258,304,245,226,241,203,188,167,151,159,130,124,134,145,114,107,113,77,79,99,88,72,69,62,75,29,31,35,24,25,15,12,13,13,8,5,6,0,3,1,2
±¤ÁÖ±¤¿ª½Ã ¼­±¸ (2914000000),"290,550","290,550","1,224","1,370","1,499","1,680","1,886","2,095","2,361","2,414","2,509","2,773","2,773","2,783","2,720","2,830","3,088","2,925","2,761","3,092","3,362","3,320","3,889","4,353","4,338","4,482","4,619","4,749","4,733","4,466","4,367","4,277","3,949","3,392","3,342","3,192","3,001","3,017","3,293","3,347","3,925","4,323","4,547","4,431","4,614","4,195","4,398","4,495","4,580","5,089","5,166","5,323","5,566","5,514","5,289","5,415","5,033","4,908","4,607","4,544","4,310","4,444","4,400","4,804","4,416","3,872","3,815","3,249","3,363","2,985","2,416","2,648","2,302","2,297","2,258","2,169","2,194","2,006","1,559","1,593","1,336","1,852","1,504","1,213","1,163","1,024",935,751,699,578,482,403,287,222,226,170,97,82,48,31,44,28,42
±¤ÁÖ±¤¿ª½Ã ¼­±¸ ¾çµ¿(2914057500),"3,652","3,652",4,6,14,14,11,11,4,9,9,14,9,11,10,12,11,21,15,15,20,16,19,34,36,36,34,43,44,41,49,40,39,27,33,32,29,25,32,29,30,31,43,34,30,39,39,32,39,55,50,44,57,49,61,50,51,61,45,56,71,64,80,91,91,70,80,71,71,74,46,59,61,73,70,67,77,84,64,64,55,66,56,57,29,36,28,39,22,21,10,17,10,6,6,1,4,1,1,0,3,1,1
±¤ÁÖ±¤¿ª½Ã ¼­±¸ ¾ç3µ¿(2914059000),"4,562","4,562",23,29,39,40,22,43,41,39,41,51,34,55,37,33,32,28,23,33,24,32,37,43,36,32,53,49,53,51,57,47,46,59,36,43,42,55,56,52,64,59,96,75,67,78,80,69,51,74,56,65,77,71,64,56,59,78,63,52,65,71,73,105,81,96,78,74,73,83,55,72,54,74,54,49,70,55,41,48,32,36,38,39,25,23,19,9,13,15,9,9,4,2,7,4,4,1,0,0,2,0,0
±¤ÁÖ±¤¿ª½Ã ¼­±¸ ³ó¼º1µ¿(2914065000),"11,020","11,020",69,65,61,48,54,62,50,57,47,55,47,56,56,57,54,63,57,64,77,78,104,120,141,147,166,195,200,206,182,169,199,149,160,158,145,135,143,142,154,166,157,144,159,133,127,147,159,143,164,170,208,187,173,172,177,171,186,158,155,167,180,176,161,169,148,155,153,156,131,156,117,137,130,136,153,136,89,108,90,115,83,76,75,76,57,40,45,30,35,25,12,12,15,7,6,6,1,1,2,3,2
±¤ÁÖ±¤¿ª½Ã ¼­±¸ ³ó¼º2µ¿(2914066000),"4,869","4,869",11,11,9,16,19,12,14,20,19,23,20,20,15,17,28,25,9,27,25,31,48,57,68,58,85,102,110,95,89,94,104,61,69,74,51,55,52,51,58,50,63,57,72,46,70,44,57,72,71,72,78,77,65,79,84,79,86,92,83,91,101,93,97,81,101,80,76,73,61,45,60,61,45,71,57,53,38,43,38,65,42,35,38,34,24,20,21,17,13,3,16,6,6,5,2,4,1,1,1,0,1
±¤ÁÖ±¤¿ª½Ã ¼­±¸ ±¤Ãµµ¿(2914073000),"7,985","7,985",41,44,37,40,49,51,61,74,52,62,62,50,55,47,50,41,51,45,74,84,88,101,88,86,120,99,118,94,120,97,101,82,74,79,78,90,104,75,121,110,145,114,103,109,127,128,109,132,121,128,154,168,152,167,138,141,159,151,128,150,142,166,145,141,119,119,118,106,77,92,85,87,85,66,86,65,61,56,39,69,57,41,36,39,32,24,25,13,15,16,14,8,6,6,2,1,1,3,1,0,2
±¤ÁÖ±¤¿ª½Ã ¼­±¸ À¯´öµ¿(2914074000),"10,960","10,960",56,54,65,64,81,95,91,100,96,109,120,123,109,115,120,121,103,125,135,139,156,179,170,161,171,178,171,183,170,170,182,145,127,154,119,118,150,127,148,169,196,159,212,165,166,191,169,220,208,204,222,242,210,224,193,211,167,168,154,155,153,132,136,106,98,85,105,78,55,69,75,71,64,59,66,53,35,64,40,59,47,43,30,49,49,22,27,17,18,7,8,11,6,8,3,3,2,2,0,0,0
±¤ÁÖ±¤¿ª½Ã ¼­±¸ Ä¡Æòµ¿(2914074500),"30,299","30,299",170,166,162,195,177,207,223,234,256,269,277,263,266,289,292,250,278,305,329,324,458,461,503,530,560,588,606,609,567,585,484,434,414,416,358,382,402,391,452,459,459,489,470,426,418,454,437,493,524,562,574,612,577,610,606,540,510,513,468,445,467,444,408,332,331,266,242,211,188,192,153,182,154,162,177,158,137,141,102,155,132,111,123,95,77,66,71,60,53,34,25,19,14,8,4,10,4,5,3,1,4
±¤ÁÖ±¤¿ª½Ã ¼­±¸ »ó¹«1µ¿(2914075100),"24,763","24,763",95,145,122,133,151,163,186,168,171,209,205,178,203,209,232,268,233,281,279,256,347,419,414,432,476,551,528,505,520,493,423,383,381,310,306,300,311,313,351,387,386,367,401,338,360,374,400,410,458,379,461,462,416,429,441,410,385,347,333,342,345,374,317,288,320,243,257,210,180,222,181,183,165,173,157,141,110,123,108,122,94,64,79,59,51,44,39,40,26,30,19,16,12,12,5,7,2,4,2,1,2
±¤ÁÖ±¤¿ª½Ã ¼­±¸ »ó¹«2µ¿(2914075200),"23,832","23,832",77,87,65,106,111,116,127,109,146,147,133,155,130,163,166,157,153,184,190,223,254,347,376,469,496,517,515,514,490,465,401,319,343,280,287,234,236,250,283,307,323,309,293,283,285,279,288,341,362,395,365,395,393,395,371,417,380,390,394,402,401,457,389,402,381,310,337,308,237,265,260,236,241,240,235,198,172,165,125,221,172,135,126,107,104,82,65,63,44,36,27,23,25,22,11,4,4,1,5,3,5
±¤ÁÖ±¤¿ª½Ã ¼­±¸ È­Á¤1µ¿(2914076000),"15,493","15,493",56,65,59,65,74,73,90,91,99,91,98,96,94,86,100,97,81,114,126,152,153,196,267,313,331,322,338,365,362,359,322,255,246,219,210,206,209,209,215,246,234,217,213,207,194,219,200,218,218,230,251,236,261,267,223,233,184,224,212,227,221,204,236,218,195,190,188,182,142,124,149,134,138,132,143,135,107,98,97,112,97,84,90,70,68,57,58,37,37,38,18,14,17,14,11,7,4,2,4,1,2
±¤ÁÖ±¤¿ª½Ã ¼­±¸ È­Á¤2µ¿(2914077000),"20,558","20,558",123,151,191,184,222,227,294,275,271,289,309,298,279,245,286,240,224,213,222,177,197,247,246,212,240,225,222,205,232,213,215,225,229,207,211,220,270,310,412,427,453,448,413,398,392,367,329,337,346,327,307,277,285,318,291,268,285,281,266,273,274,317,301,274,274,227,238,187,169,203,155,155,157,128,136,133,98,88,71,122,83,56,44,55,49,38,37,31,27,19,9,11,13,8,4,6,5,3,2,3,2
±¤ÁÖ±¤¿ª½Ã ¼­±¸ È­Á¤3µ¿(2914078000),"10,073","10,073",33,34,31,42,42,55,55,69,72,69,97,77,98,78,114,87,95,94,106,128,152,139,156,165,165,188,159,143,139,143,128,107,101,96,87,93,70,112,115,125,137,134,129,122,129,145,121,144,144,162,176,172,179,185,160,173,146,161,169,164,182,202,205,193,160,146,144,144,111,138,93,107,99,104,93,97,62,66,57,87,73,64,47,40,37,28,36,29,26,21,11,14,10,10,9,4,3,2,2,3,3
±¤ÁÖ±¤¿ª½Ã ¼­±¸ È­Á¤4µ¿(2914079000),"15,417","15,417",52,49,59,77,102,95,125,131,155,136,150,161,116,154,163,155,141,168,172,145,191,206,207,217,218,226,213,222,204,194,173,117,156,155,146,139,151,159,181,219,210,210,225,204,194,218,223,236,214,266,212,244,258,292,269,246,229,267,271,274,267,359,326,265,314,260,262,226,182,193,159,159,168,137,123,118,88,98,72,97,73,67,76,56,53,44,41,34,31,24,18,12,17,10,7,6,4,0,1,3,5
±¤ÁÖ±¤¿ª½Ã ¼­±¸ ¼­Ã¢µ¿(2914080000),"5,776","5,776",36,24,32,49,33,43,37,55,32,46,32,25,42,40,36,42,32,39,42,52,64,75,75,54,68,73,68,68,72,80,65,63,74,69,57,54,69,61,68,82,73,60,64,51,52,50,82,71,76,109,118,102,127,135,112,139,137,110,116,116,105,133,117,108,99,99,90,91,74,62,49,55,58,56,49,43,42,33,31,55,41,29,31,27,29,23,25,18,15,8,14,7,10,5,5,4,1,2,2,1,2
±¤ÁÖ±¤¿ª½Ã ¼­±¸ ±ÝÈ£1µ¿(2914082100),"19,954","19,954",47,59,79,93,103,132,158,156,168,178,174,163,165,170,188,229,202,211,248,232,271,303,290,280,297,269,326,249,250,261,250,204,185,173,176,173,184,159,209,250,265,262,261,220,266,304,264,317,351,361,382,404,408,411,366,351,383,366,362,376,406,438,401,330,319,273,311,221,209,205,204,164,179,156,155,149,108,114,112,129,110,94,85,70,78,64,64,53,41,29,29,15,12,14,5,3,4,2,1,2,2
±¤ÁÖ±¤¿ª½Ã ¼­±¸ ±ÝÈ£2µ¿(2914082400),"28,452","28,452",122,139,195,219,241,266,271,292,315,364,326,347,364,389,430,382,398,462,489,479,496,508,487,481,395,409,331,330,295,289,292,270,235,265,243,250,308,301,346,424,445,403,531,450,504,539,585,659,628,633,671,627,606,648,551,502,484,450,379,394,365,377,329,254,250,195,204,206,146,195,151,147,132,138,131,134,90,83,84,96,92,77,76,52,57,48,42,27,23,26,18,13,18,14,4,5,8,1,3,3,4
±¤ÁÖ±¤¿ª½Ã ¼­±¸ Ç³¾Ïµ¿(2914083000),"36,692","36,692",159,175,190,198,251,292,339,350,340,386,429,431,425,498,499,493,472,487,568,554,618,645,574,606,536,533,565,445,424,438,380,380,360,328,340,348,389,414,475,552,579,619,647,613,649,636,748,797,829,878,891,881,774,725,666,616,541,537,456,525,431,493,451,350,342,300,337,286,239,238,189,194,208,201,196,181,148,144,130,176,158,104,117,112,93,79,51,59,41,37,26,22,21,17,5,7,1,1,7,3,4
±¤ÁÖ±¤¿ª½Ã ¼­±¸ µ¿Ãµµ¿(2914084000),"16,193","16,193",50,67,89,97,143,152,195,185,220,275,251,274,256,228,287,226,194,225,236,218,236,273,204,203,208,182,166,141,145,140,145,112,119,134,116,140,157,192,243,260,283,330,324,313,346,299,319,370,346,338,362,308,280,252,275,272,237,221,228,208,207,243,225,195,206,156,157,143,114,118,107,78,111,94,90,73,69,57,53,70,56,37,36,24,30,24,17,14,18,24,9,11,11,5,6,3,2,1,3,0,1
±¤ÁÖ±¤¿ª½Ã ³²±¸ (2915500000),"215,454","215,454","1,008","1,036","1,257","1,372","1,578","1,783","2,103","2,174","2,163","2,450","2,267","2,400","2,208","2,249","2,429","2,269","2,104","2,219","2,257","2,312","2,516","2,841","2,775","2,742","2,823","2,759","2,746","2,764","2,669","2,611","2,532","2,244","2,178","2,232","2,158","2,218","2,439","2,543","3,034","3,454","3,572","3,446","3,531","3,179","3,395","3,351","3,254","3,546","3,543","3,694","3,627","3,553","3,387","3,546","3,336","3,109","3,153","3,036","3,012","3,213","3,248","3,681","3,430","3,141","3,117","2,801","2,825","2,474","2,054","2,353","2,006","2,032","2,137","1,984","1,973","1,864","1,398","1,411","1,255","1,673","1,399","1,102","1,083",950,835,657,644,547,441,356,249,222,229,145,102,75,46,40,22,23,31
±¤ÁÖ±¤¿ª½Ã ³²±¸ ¾ç¸²µ¿(2915551000),"6,954","6,954",23,20,21,27,33,33,49,57,62,70,86,70,64,61,74,77,67,89,76,77,84,80,71,82,92,81,74,76,67,71,72,65,59,69,51,31,62,59,67,77,100,99,108,87,108,87,95,115,100,104,124,120,105,120,120,115,101,91,115,84,110,114,127,97,101,116,111,77,63,98,86,101,111,87,96,98,75,63,57,91,80,55,46,43,32,45,34,18,27,13,11,15,14,8,4,1,1,0,0,1,3
±¤ÁÖ±¤¿ª½Ã ³²±¸ ¹æ¸²1µ¿(2915552000),"6,652","6,652",24,33,47,46,45,65,46,66,55,72,66,78,72,58,60,76,53,50,70,69,66,72,96,86,82,88,82,89,82,81,74,76,68,65,77,62,66,83,94,104,118,101,111,125,106,84,97,115,102,123,107,98,118,103,87,94,90,96,85,82,97,115,101,99,102,96,84,84,58,76,69,57,74,78,72,79,59,56,46,64,42,53,41,24,34,19,18,19,12,8,6,7,7,3,2,1,3,1,0,0,0
±¤ÁÖ±¤¿ª½Ã ³²±¸ ¹æ¸²2µ¿(2915553000),"8,881","8,881",29,33,30,26,48,37,48,70,59,53,60,65,73,68,71,64,57,83,77,110,94,126,115,133,116,113,126,109,108,101,105,80,96,69,65,73,82,80,88,97,110,107,113,108,103,126,111,136,137,152,143,156,154,137,133,147,149,123,156,156,164,187,156,142,156,145,123,132,106,109,135,116,147,115,122,120,86,99,74,87,80,78,60,56,55,40,26,44,29,29,14,9,14,9,8,6,1,4,0,2,2
±¤ÁÖ±¤¿ª½Ã ³²±¸ ºÀ¼±1µ¿(2915553700),"13,425","13,425",45,41,54,60,69,75,102,90,105,122,112,132,116,137,130,134,123,122,141,127,154,188,181,191,212,202,181,212,222,185,175,145,130,123,137,118,150,137,172,205,205,166,191,199,197,168,205,200,224,238,231,220,245,221,231,208,197,184,190,220,215,258,217,200,221,207,200,136,130,160,138,129,144,114,127,119,79,87,84,117,103,93,90,73,59,57,51,43,46,31,20,24,18,9,7,6,2,6,5,0,3
±¤ÁÖ±¤¿ª½Ã ³²±¸ ºÀ¼±2µ¿(2915553800),"28,955","28,955",106,119,157,182,241,263,418,443,508,512,472,528,518,520,581,520,488,451,457,393,410,404,348,347,305,301,269,235,207,247,220,191,195,200,215,212,295,308,369,458,530,548,544,545,579,633,573,617,595,574,595,530,488,505,421,386,363,335,310,356,338,374,366,353,315,282,303,235,217,211,162,167,178,164,152,159,129,106,116,128,117,100,104,81,78,66,75,52,35,29,22,15,25,26,8,9,6,3,4,3,2
±¤ÁÖ±¤¿ª½Ã ³²±¸ »çÁ÷µ¿(2915554500),"5,157","5,157",17,16,28,27,20,35,29,23,32,31,32,23,25,20,27,25,26,24,26,44,36,49,59,59,79,67,64,67,70,72,79,57,53,55,44,60,76,57,57,70,69,62,74,56,81,71,71,79,79,77,67,84,83,93,75,87,78,93,90,87,81,90,84,109,89,75,89,81,53,78,62,68,79,84,66,73,44,56,60,67,79,48,42,36,26,28,20,17,16,14,4,5,8,2,2,3,1,0,0,1,1
±¤ÁÖ±¤¿ª½Ã ³²±¸ ¿ù»êµ¿(2915560500),"8,971","8,971",54,52,68,50,79,65,66,53,53,65,47,54,41,44,44,61,47,58,75,64,85,92,105,90,105,98,100,132,121,133,118,116,123,120,94,106,124,123,140,124,134,132,126,115,111,134,114,134,130,148,118,140,148,157,147,131,113,135,122,149,146,147,152,145,162,114,126,118,98,106,104,117,115,116,130,127,83,87,86,107,91,56,69,73,44,34,40,34,31,22,10,12,19,8,3,0,2,5,3,1,1
±¤ÁÖ±¤¿ª½Ã ³²±¸ ¿ù»ê4µ¿(2915563000),"8,503","8,503",19,15,22,34,25,35,39,47,33,48,59,51,51,55,53,51,45,51,54,53,79,104,98,110,108,119,127,138,148,118,112,110,96,111,71,84,80,99,120,119,123,109,108,95,95,104,96,114,126,157,144,127,124,143,156,132,140,147,148,161,160,187,180,156,171,138,158,135,113,133,112,115,92,126,107,121,82,59,73,90,70,63,47,46,49,33,37,26,20,10,11,9,13,5,6,4,2,1,1,1,1
±¤ÁÖ±¤¿ª½Ã ³²±¸ ¿ù»ê5µ¿(2915564000),"6,416","6,416",11,10,20,23,22,23,25,28,30,39,27,28,29,13,37,25,40,27,39,62,67,71,77,86,90,113,106,105,97,89,107,61,80,77,58,63,69,52,80,87,87,86,75,56,86,83,74,77,99,90,93,108,107,110,107,105,123,121,122,135,133,168,123,139,142,103,130,95,110,95,88,82,79,66,84,86,66,58,49,57,59,31,49,31,28,23,23,18,18,10,9,6,4,5,4,3,2,2,1,0,0
±¤ÁÖ±¤¿ª½Ã ³²±¸ ¹é¿î1µ¿(2915567000),"12,219","12,219",37,57,62,86,77,94,103,106,128,136,130,131,93,125,117,98,95,109,117,120,145,146,156,124,158,163,169,150,131,143,123,111,117,112,126,108,127,132,161,232,185,196,199,177,212,166,166,182,179,183,217,188,192,207,173,167,188,170,197,202,198,223,230,199,189,197,190,176,135,150,128,135,139,135,116,101,85,106,91,109,90,62,65,57,71,38,31,29,29,25,22,16,18,11,9,8,1,1,1,1,1
±¤ÁÖ±¤¿ª½Ã ³²±¸ ¹é¿î2µ¿(2915568000),"6,375","6,375",41,34,46,36,52,36,59,50,46,45,35,40,32,27,38,38,36,44,48,58,75,73,88,98,112,108,128,115,114,99,95,97,87,83,75,85,84,85,83,113,95,85,92,79,81,81,76,89,80,104,85,99,87,100,84,91,103,94,87,104,114,102,134,82,86,82,88,82,71,83,57,56,71,63,76,62,48,62,48,74,46,29,42,40,29,19,18,23,8,11,11,10,5,4,1,1,0,1,0,1,1
±¤ÁÖ±¤¿ª½Ã ³²±¸ ÁÖ¿ù1µ¿(2915569000),"21,888","21,888",108,124,141,136,146,202,183,217,164,241,178,213,176,220,239,227,247,225,266,266,286,349,287,310,317,300,328,324,315,276,298,244,223,231,223,253,242,251,314,322,346,340,331,309,317,354,342,387,393,392,373,389,357,388,385,345,336,347,299,325,358,396,347,307,311,274,268,249,194,213,190,199,188,200,173,175,126,123,96,147,120,75,77,75,59,54,47,36,28,32,19,13,18,12,6,6,2,4,0,3,1
±¤ÁÖ±¤¿ª½Ã ³²±¸ ÁÖ¿ù2µ¿(2915570000),"8,010","8,010",21,26,26,30,46,55,56,54,44,74,60,50,49,45,51,47,53,65,48,68,76,99,103,110,109,108,105,104,110,98,101,82,77,67,79,77,88,81,100,131,104,88,113,103,106,98,103,124,122,120,115,141,127,121,158,134,150,131,127,150,159,184,169,129,153,145,148,117,97,136,89,115,101,89,109,90,77,62,55,93,64,56,53,37,37,22,25,19,16,12,8,10,6,5,5,1,0,4,0,2,3
±¤ÁÖ±¤¿ª½Ã ³²±¸ Áø¿ùµ¿(2915570500),"29,261","29,261",105,93,117,158,197,209,275,284,283,369,335,420,416,419,453,393,367,419,394,433,449,490,491,414,450,394,375,363,349,319,290,254,244,238,256,256,279,285,352,382,454,470,484,416,497,477,496,495,551,566,538,507,467,519,507,436,471,421,438,446,406,461,420,389,344,322,306,277,247,285,242,251,247,242,209,197,159,164,141,187,150,122,120,124,101,66,80,64,46,40,26,34,18,12,9,8,9,3,3,2,3
±¤ÁÖ±¤¿ª½Ã ³²±¸ È¿´öµ¿(2915571000),"16,040","16,040",86,86,118,130,160,153,190,178,185,194,204,191,177,180,191,177,150,168,141,149,170,193,211,189,194,213,202,222,231,228,227,212,195,208,180,200,199,212,270,308,288,328,306,263,276,254,260,258,246,234,264,257,203,227,195,204,190,201,185,194,228,242,244,230,198,210,191,198,156,174,131,141,166,130,137,113,80,84,79,95,64,61,66,52,40,29,40,31,21,20,18,12,14,7,7,8,6,2,1,3,6
±¤ÁÖ±¤¿ª½Ã ³²±¸ ¼Û¾Ïµ¿(2915572000),"21,450","21,450",257,241,274,296,291,369,369,362,339,316,305,272,230,220,219,218,169,204,196,180,202,255,247,255,244,235,263,269,246,293,268,282,284,352,361,382,368,443,503,549,527,447,475,357,372,352,291,350,309,343,316,286,298,301,265,230,259,247,248,254,224,291,237,250,217,183,196,177,127,148,108,101,116,91,98,67,56,73,33,79,52,52,43,41,38,35,25,27,17,21,12,12,14,8,11,4,5,2,1,2,1
±¤ÁÖ±¤¿ª½Ã ³²±¸ ´ëÃÌµ¿(2915573000),"6,297","6,297",25,36,26,25,27,34,46,46,37,63,59,54,46,37,44,38,41,30,32,39,38,50,42,58,50,56,47,54,51,58,68,61,51,52,46,48,48,56,64,76,97,82,81,89,68,79,84,74,71,89,97,103,84,94,92,97,102,100,93,108,117,142,143,115,160,112,114,105,79,98,105,82,90,84,99,77,64,66,67,81,92,68,69,61,55,49,54,47,42,29,26,13,14,11,10,6,3,1,2,0,2
±¤ÁÖ±¤¿ª½Ã ºÏ±¸ (2917000000),"427,139","427,139","2,428","2,414","2,558","2,808","3,029","3,465","3,749","3,641","3,717","3,945","4,043","3,977","3,801","3,948","4,297","3,968","3,864","4,090","4,700","4,552","5,217","6,028","6,014","6,031","6,344","6,282","6,411","6,282","6,028","6,096","5,733","5,234","5,188","4,999","5,008","4,942","5,242","5,218","6,127","6,719","6,663","6,486","6,702","6,011","6,116","6,186","6,278","7,042","7,219","7,207","7,590","7,490","7,175","7,839","7,104","7,108","7,143","6,662","6,531","6,854","6,950","7,560","7,111","6,046","5,777","5,018","5,191","4,788","3,801","4,025","3,585","3,507","3,642","3,349","3,306","3,104","2,306","2,422","1,997","2,990","2,283","1,852","1,742","1,580","1,420","1,124",997,941,710,550,474,381,322,202,158,125,89,42,39,34,56
±¤ÁÖ±¤¿ª½Ã ºÏ±¸ ÁßÈï1µ¿(2917051000),"4,791","4,791",32,30,22,23,22,16,27,20,11,16,14,17,15,19,15,15,13,18,15,23,33,50,64,72,79,70,114,119,112,138,126,119,104,86,102,85,88,75,79,88,82,67,70,53,50,55,52,72,61,72,63,70,55,62,70,58,70,60,59,69,81,74,81,61,72,56,72,62,55,49,62,53,44,50,47,47,40,35,29,44,42,24,22,23,20,17,12,15,14,10,9,5,3,1,0,1,0,0,0,1,2
±¤ÁÖ±¤¿ª½Ã ºÏ±¸ ÁßÈï2µ¿(2917052000),"7,569","7,569",21,27,34,35,43,43,68,61,52,54,59,48,44,59,50,50,44,52,69,75,92,111,123,149,173,188,173,183,147,135,99,96,88,97,86,88,90,89,90,98,74,98,93,105,100,99,91,101,120,110,119,129,104,110,108,99,78,85,94,106,92,102,127,103,98,100,118,99,73,76,98,71,87,87,84,69,69,74,55,85,47,51,49,41,41,33,32,27,14,13,16,9,7,1,5,6,2,0,1,1,0
±¤ÁÖ±¤¿ª½Ã ºÏ±¸ ÁßÈï3µ¿(2917053000),"5,508","5,508",37,33,41,42,41,40,30,34,42,43,46,50,23,30,37,33,37,34,48,36,61,87,77,85,112,100,130,120,115,105,120,83,92,80,71,84,70,79,90,82,107,95,87,80,93,75,78,84,72,75,82,80,71,85,80,70,74,49,51,65,69,81,68,76,73,69,55,53,48,53,64,62,59,41,53,62,29,39,30,42,42,29,34,28,23,9,11,13,7,10,7,3,6,3,3,0,0,0,0,0,1
±¤ÁÖ±¤¿ª½Ã ºÏ±¸ Áß¾Óµ¿(2917055500),"3,055","3,055",9,6,7,9,13,9,8,7,8,7,8,8,9,6,9,9,9,8,9,26,16,35,33,47,47,62,66,47,54,57,58,45,33,51,39,34,29,31,39,46,34,36,47,33,36,43,32,33,41,49,38,31,56,64,41,53,55,60,46,55,65,73,60,58,59,51,56,65,39,34,29,43,60,46,25,53,22,24,19,34,26,13,23,19,25,17,20,9,7,6,7,3,9,6,1,3,3,2,3,0,2
±¤ÁÖ±¤¿ª½Ã ºÏ±¸ ÀÓµ¿(2917057000),"9,265","9,265",90,66,70,77,63,86,72,66,65,45,56,71,54,56,62,59,53,57,62,69,88,105,112,101,121,138,154,158,152,132,148,136,150,158,135,143,136,130,154,136,164,148,147,136,119,116,99,135,129,123,143,141,149,147,142,132,128,137,112,135,163,164,139,145,118,117,113,131,108,137,82,116,106,88,102,93,65,68,71,84,70,61,49,40,25,27,29,15,14,10,6,13,6,10,2,4,5,0,0,0,1
±¤ÁÖ±¤¿ª½Ã ºÏ±¸ ½Å¾Èµ¿(2917058000),"12,361","12,361",88,62,46,34,45,43,47,50,37,49,52,40,58,57,67,73,73,69,90,102,117,168,174,207,234,229,295,291,275,276,277,240,216,203,202,166,172,144,186,184,159,161,174,134,135,128,145,172,209,167,194,202,191,219,194,176,217,171,179,202,221,238,194,201,187,145,159,154,124,138,113,123,133,130,108,114,68,105,79,113,86,76,62,61,64,49,36,32,27,11,7,10,8,0,5,5,2,3,0,1,2
±¤ÁÖ±¤¿ª½Ã ºÏ±¸ ¿ëºÀµ¿(2917059000),"38,475","38,475",182,198,234,217,228,288,292,296,311,317,311,314,327,329,350,331,362,336,457,484,557,690,733,752,812,815,780,750,644,649,604,480,479,428,452,404,434,391,538,549,529,522,516,472,475,532,523,605,622,650,691,703,668,698,645,677,695,599,622,664,631,650,612,522,519,372,431,394,298,324,289,262,281,287,267,237,194,191,175,241,162,147,113,120,104,81,80,53,61,42,31,21,27,15,8,5,4,3,3,2,3
±¤ÁÖ±¤¿ª½Ã ºÏ±¸ ¿î¾Ï1µ¿(2917060100),"19,332","19,332",81,107,128,144,160,193,222,209,202,219,215,233,212,220,259,209,198,216,238,228,279,270,249,264,266,231,217,228,219,205,213,194,224,180,177,210,220,215,249,311,326,304,336,287,302,291,283,327,309,328,339,324,330,327,325,284,304,305,272,270,308,359,340,284,275,264,299,230,197,220,183,185,155,140,155,155,96,100,92,103,85,58,62,55,51,35,29,25,39,14,9,6,8,8,7,7,3,2,0,1,1
±¤ÁÖ±¤¿ª½Ã ºÏ±¸ ¿î¾Ï2µ¿(2917060200),"12,000","12,000",28,30,33,46,40,54,52,60,59,84,63,77,79,74,78,68,82,73,132,119,142,156,179,153,209,172,177,177,164,161,154,130,135,144,135,110,107,124,123,135,143,153,174,137,151,140,180,164,204,165,180,204,195,204,215,174,195,246,223,215,243,255,280,228,211,188,193,194,159,154,175,134,170,131,124,135,106,102,98,133,95,82,84,52,61,41,44,32,24,23,20,8,14,7,2,4,4,1,3,4,2
±¤ÁÖ±¤¿ª½Ã ºÏ±¸ ¿î¾Ï3µ¿(2917060300),"12,648","12,648",50,62,66,83,74,101,105,106,107,123,134,104,119,116,147,126,122,139,154,170,168,162,187,187,159,181,202,148,187,168,142,144,132,154,120,111,155,150,159,164,182,148,166,134,182,159,168,203,222,232,211,197,204,250,214,218,224,226,233,229,249,255,236,206,217,188,184,157,121,126,108,114,113,79,93,96,73,59,44,82,62,41,55,50,39,29,27,32,25,20,27,19,8,7,6,5,3,1,1,1,0
±¤ÁÖ±¤¿ª½Ã ºÏ±¸ µ¿¸²µ¿(2917061500),"23,231","23,231",194,182,186,182,214,207,213,211,228,231,228,218,209,220,204,225,228,227,211,238,268,301,317,296,305,287,264,288,318,298,312,308,322,335,316,312,326,323,396,448,410,432,419,356,347,332,310,379,413,399,418,436,387,404,392,368,391,350,344,388,348,400,381,300,282,258,253,285,210,206,179,151,190,159,165,138,103,108,84,136,102,79,66,71,42,46,41,30,35,30,14,12,15,10,10,8,5,1,1,1,5
±¤ÁÖ±¤¿ª½Ã ºÏ±¸ ¿ì»êµ¿(2917062000),"10,239","10,239",16,13,27,27,33,35,39,53,51,54,56,55,44,54,58,52,67,59,88,75,94,127,138,140,152,135,124,118,125,131,111,112,115,78,70,84,83,66,90,113,125,108,119,101,122,111,106,131,136,142,152,153,161,170,160,205,175,174,180,204,209,232,233,222,207,178,214,230,147,179,181,167,143,161,148,155,128,88,89,144,94,89,76,69,67,50,46,48,29,24,23,23,17,7,12,5,3,2,2,0,1
±¤ÁÖ±¤¿ª½Ã ºÏ±¸ Ç³Çâµ¿(2917063500),"5,699","5,699",37,41,49,46,57,59,46,66,53,57,62,57,56,46,54,53,41,57,47,41,70,65,82,67,74,71,72,70,65,69,53,72,63,65,61,66,71,80,90,102,105,101,81,101,92,81,78,94,92,88,105,89,95,100,86,89,77,69,80,78,95,97,91,87,69,66,62,66,63,54,50,62,59,64,43,52,31,40,21,50,43,36,33,26,24,13,11,18,6,5,8,6,3,1,2,2,2,1,2,0,1
±¤ÁÖ±¤¿ª½Ã ºÏ±¸ ¹®È­µ¿(2917065000),"20,848","20,848",172,166,184,166,167,166,169,142,139,159,170,136,136,151,172,141,169,171,197,169,218,249,253,259,227,234,277,259,276,306,251,282,306,301,294,293,309,286,322,337,286,330,306,247,285,276,282,274,297,325,328,328,287,385,323,319,384,343,319,389,364,447,397,323,297,300,293,263,200,243,193,204,218,192,190,200,135,136,94,166,152,111,91,91,75,66,53,70,48,37,23,22,18,14,7,4,6,0,3,3,5
±¤ÁÖ±¤¿ª½Ã ºÏ±¸ ¹®Èï1µ¿(2917065600),"15,904","15,904",59,58,65,73,90,112,146,132,167,156,172,154,168,163,193,185,198,172,201,198,218,248,218,251,218,234,233,208,195,195,193,160,150,135,117,132,139,148,177,214,191,228,222,226,214,238,255,227,297,268,294,287,266,301,276,312,289,312,298,296,291,315,334,236,247,199,213,203,152,146,137,120,131,123,118,130,74,88,58,118,78,61,49,66,60,44,34,35,23,13,18,9,13,7,6,2,3,3,3,0,2
±¤ÁÖ±¤¿ª½Ã ºÏ±¸ ¹®Èï2µ¿(2917065700),"15,648","15,648",59,65,78,85,92,97,115,110,103,135,157,127,135,132,144,140,123,132,173,166,170,243,230,244,282,288,267,259,255,235,232,187,180,160,183,168,181,175,195,237,255,201,255,189,197,237,200,284,253,234,259,255,252,291,250,254,246,228,253,264,248,304,275,275,222,178,183,194,149,148,121,120,160,118,139,133,86,105,91,116,120,90,82,64,62,47,50,28,31,23,23,16,12,13,11,7,2,1,0,2,3
±¤ÁÖ±¤¿ª½Ã ºÏ±¸ µÎ¾Ï1µ¿(2917066100),"7,759","7,759",19,14,20,15,25,33,35,34,35,30,47,53,58,54,52,60,54,57,62,74,111,117,109,103,115,118,130,117,108,105,92,68,84,85,63,70,55,64,83,83,84,80,82,94,85,83,105,114,106,134,134,142,135,130,140,130,130,136,124,145,168,144,176,143,142,112,125,118,107,109,102,103,128,112,96,110,78,79,62,79,74,45,58,53,38,38,24,27,22,10,12,9,8,5,2,4,7,0,2,2,2
±¤ÁÖ±¤¿ª½Ã ºÏ±¸ µÎ¾Ï2µ¿(2917066200),"16,002","16,002",62,53,48,64,60,78,97,88,103,142,106,134,109,126,150,118,112,113,167,139,201,223,195,212,230,254,213,243,235,199,207,167,155,154,164,162,143,171,208,190,223,202,221,215,188,192,204,222,240,233,250,262,233,315,290,355,303,278,314,294,308,357,346,294,273,233,263,243,197,213,189,203,193,165,178,128,127,147,103,137,106,98,71,69,52,54,45,38,31,24,22,20,13,14,5,4,3,3,2,0,2
±¤ÁÖ±¤¿ª½Ã ºÏ±¸ µÎ¾Ï3µ¿(2917066300),"13,313","13,313",28,30,27,36,38,39,45,55,68,44,73,67,60,76,66,71,69,84,83,106,126,154,143,151,168,167,168,163,152,141,131,144,132,122,101,102,117,108,141,117,132,121,140,115,134,137,154,187,151,182,234,217,215,239,219,257,296,262,260,275,314,353,343,314,335,279,280,229,197,213,180,182,208,170,188,170,140,146,111,168,119,122,114,105,95,73,58,65,45,37,35,28,20,10,9,9,2,3,0,2,2
±¤ÁÖ±¤¿ª½Ã ºÏ±¸ »ï°¢µ¿(2917066600),"14,040","14,040",63,68,76,85,106,100,96,99,95,121,136,144,129,151,192,133,173,188,177,189,197,221,229,224,233,226,217,183,213,210,185,165,151,145,156,138,156,151,184,210,211,211,194,208,223,220,249,248,257,289,295,293,271,299,257,314,294,226,200,244,207,240,219,171,160,158,127,121,111,87,92,95,87,84,95,79,51,52,48,73,49,40,43,41,30,27,18,36,18,11,9,12,10,6,4,3,3,2,2,1,0
±¤ÁÖ±¤¿ª½Ã ºÏ±¸ ÀÏ°îµ¿(2917066900),"29,827","29,827",107,131,132,162,189,247,302,284,318,340,384,384,390,415,458,455,436,489,556,452,456,571,495,496,500,451,448,439,343,351,332,270,266,246,250,237,294,259,340,417,402,430,468,442,512,533,559,633,697,677,723,722,664,665,578,553,540,471,434,433,417,402,375,281,255,243,208,177,123,151,129,127,126,140,140,107,100,93,98,155,97,87,82,71,73,69,61,45,42,34,19,19,20,7,7,6,4,3,0,2,4
±¤ÁÖ±¤¿ª½Ã ºÏ±¸ ¸Å°îµ¿(2917067300),"13,852","13,852",69,72,81,93,96,125,127,146,141,125,149,164,147,152,163,184,164,208,181,169,204,207,193,212,184,185,188,198,174,179,167,170,155,136,145,153,150,155,177,205,215,203,201,205,196,209,231,231,228,270,284,255,274,279,244,214,241,241,204,216,237,204,240,177,161,130,180,142,101,114,101,81,72,84,89,81,63,61,58,91,64,40,46,42,53,30,28,34,22,18,23,14,15,2,7,5,4,1,0,1,2
±¤ÁÖ±¤¿ª½Ã ºÏ±¸ ¿ÀÄ¡1µ¿(2917067600),"10,912","10,912",43,31,33,56,54,56,48,67,81,97,93,79,89,75,110,94,98,109,116,92,128,147,179,165,162,179,166,190,185,175,147,147,114,108,109,105,123,109,114,148,159,126,162,143,141,134,151,166,178,198,217,177,195,248,226,222,225,197,208,219,193,206,231,162,173,142,131,138,115,122,88,95,113,95,82,83,60,63,46,76,66,51,39,37,41,30,24,19,10,13,15,7,13,4,3,4,2,0,2,2,3
±¤ÁÖ±¤¿ª½Ã ºÏ±¸ ¿ÀÄ¡2µ¿(2917067700),"12,448","12,448",37,34,43,43,60,66,51,57,47,59,61,72,56,59,64,78,67,81,92,99,128,164,161,172,197,206,182,182,222,223,197,185,143,147,127,118,129,121,150,135,146,133,159,119,128,141,138,172,179,182,215,217,205,236,242,217,232,228,268,278,289,284,287,263,231,215,227,174,148,150,134,128,131,149,132,109,79,89,79,126,89,78,83,76,61,41,46,43,38,28,22,24,10,12,4,7,4,2,4,1,1
±¤ÁÖ±¤¿ª½Ã ºÏ±¸ ¼®°îµ¿(2917068500),"2,503","2,503",7,10,5,6,7,7,7,2,11,10,9,16,16,12,15,13,10,9,10,16,13,22,27,24,28,22,23,26,21,23,23,20,24,20,24,21,25,18,23,13,20,19,22,13,20,23,18,22,27,24,32,40,40,44,41,40,63,55,67,57,70,77,63,58,58,54,52,52,48,45,38,39,43,41,39,29,28,35,26,41,35,27,34,16,25,21,17,20,7,9,6,4,5,5,4,3,2,1,0,0,1
±¤ÁÖ±¤¿ª½Ã ºÏ±¸ °Ç±¹µ¿(2917069500),"22,274","22,274",214,233,212,234,233,265,314,280,291,301,274,268,267,249,293,235,228,228,250,242,261,256,288,241,249,249,275,251,270,292,263,284,271,276,310,336,357,361,396,453,436,406,430,383,359,386,404,414,410,396,415,385,399,390,336,326,301,294,285,292,292,322,255,219,210,181,185,166,141,170,137,145,107,117,111,94,60,85,68,90,85,85,72,58,62,45,41,39,26,26,17,17,17,9,9,2,3,1,3,2,3
±¤ÁÖ±¤¿ª½Ã ºÏ±¸ ¾ç»êµ¿(2917069600),"37,855","37,855",330,301,332,332,384,400,436,385,412,446,405,406,386,411,416,388,351,381,460,456,457,526,520,476,523,493,519,551,529,552,535,451,509,506,534,552,569,629,660,701,712,667,682,630,593,600,623,707,672,691,668,669,655,703,600,604,557,554,528,487,493,602,481,415,400,378,343,297,252,248,217,230,206,197,199,176,138,151,119,197,144,91,112,99,73,63,53,74,30,33,32,29,12,14,15,10,7,4,2,2,5
±¤ÁÖ±¤¿ª½Ã ºÏ±¸ ½Å¿ëµ¿(2917069700),"29,781","29,781",294,291,279,393,395,500,540,521,480,481,503,481,406,436,419,370,283,323,355,299,344,353,306,281,285,297,337,316,273,386,361,375,395,399,465,458,514,566,674,803,751,756,729,653,637,615,560,641,597,504,507,482,418,474,410,388,359,306,274,285,285,323,247,222,226,164,172,151,118,116,114,92,119,99,96,69,63,59,50,66,49,40,38,37,34,29,27,19,15,16,14,13,5,4,2,0,1,2,0,2,0
±¤ÁÖ±¤¿ª½Ã ±¤»ê±¸ (2920000000),"403,590","403,590","2,386","2,467","2,808","3,112","3,439","4,131","4,389","4,465","4,497","5,180","4,941","5,267","4,836","5,133","5,517","4,933","4,846","5,001","5,325","5,213","5,580","6,447","6,129","5,805","5,958","5,816","5,671","5,544","5,576","5,562","5,262","4,845","4,522","4,492","4,641","4,904","5,031","5,266","6,188","7,207","7,459","7,257","7,690","6,837","7,123","7,341","7,060","8,101","8,154","8,071","8,199","7,901","7,313","7,648","6,707","6,482","6,347","5,648","5,391","5,224","5,011","5,397","4,697","4,087","3,694","3,164","2,996","2,838","2,172","2,328","2,031","1,932","2,113","1,868","1,973","1,804","1,337","1,361","1,187","1,705","1,466","1,141","1,044",975,902,735,697,620,399,379,280,264,206,152,101,70,49,29,39,25,37
±¤ÁÖ±¤¿ª½Ã ±¤»ê±¸ ¼ÛÁ¤1µ¿(2920051500),"10,911","10,911",47,38,43,53,54,64,81,76,93,88,82,111,92,93,117,112,104,112,110,140,143,173,179,189,197,191,164,167,143,149,134,112,108,83,105,103,102,104,119,161,155,159,160,128,176,173,178,221,194,221,214,224,193,202,190,184,161,171,188,177,160,164,165,135,155,137,119,124,107,122,106,97,110,89,90,106,81,71,61,86,81,47,45,41,42,42,27,10,21,13,16,8,6,7,6,5,4,0,0,0,0
±¤ÁÖ±¤¿ª½Ã ±¤»ê±¸ ¼ÛÁ¤2µ¿(2920052500),"6,524","6,524",41,35,45,25,36,30,27,36,18,25,23,33,30,26,30,28,38,45,43,53,64,78,94,87,95,112,115,114,113,114,104,118,83,80,77,94,68,75,75,93,91,70,83,68,80,64,89,70,95,118,106,121,95,123,103,112,123,112,110,100,105,116,78,120,86,79,94,99,74,77,82,78,104,72,91,86,66,57,59,72,58,51,45,44,37,32,20,24,8,14,10,10,7,6,3,1,0,2,0,2,2
±¤ÁÖ±¤¿ª½Ã ±¤»ê±¸ µµ»êµ¿(2920054000),"15,260","15,260",106,110,104,129,148,149,137,141,146,156,164,153,131,135,156,154,148,164,185,167,195,231,211,211,207,204,203,206,214,199,206,174,198,184,206,207,190,185,224,268,273,271,257,224,244,238,222,276,310,318,281,292,262,256,246,258,234,203,215,226,199,204,202,168,147,156,151,147,122,124,96,120,118,112,107,113,88,90,68,103,96,57,58,57,52,38,30,29,20,20,8,19,3,7,6,3,5,1,1,2,1
±¤ÁÖ±¤¿ª½Ã ±¤»ê±¸ ½ÅÈïµ¿(2920055000),"4,567","4,567",22,18,26,28,31,34,30,42,30,37,35,34,35,23,37,51,33,41,43,45,45,61,55,49,60,72,59,62,54,49,68,37,54,58,46,52,60,38,56,60,65,60,72,49,80,66,65,76,75,82,84,76,73,85,80,70,84,67,73,81,78,86,77,66,60,57,82,66,53,37,50,39,62,52,72,34,33,40,29,50,31,18,25,20,21,18,14,10,16,5,4,6,6,4,4,0,2,1,1,2,3
±¤ÁÖ±¤¿ª½Ã ±¤»ê±¸ ¾î·æµ¿(2920056500),"32,981","32,981",234,287,281,338,373,469,450,414,395,495,406,425,372,424,378,353,349,308,375,309,375,425,422,396,408,380,378,353,422,426,422,438,441,434,460,524,497,558,639,753,741,655,705,556,562,631,574,601,581,613,584,556,532,532,446,450,443,414,415,387,417,465,410,327,348,312,284,267,209,209,192,140,179,145,148,150,119,114,85,133,120,100,74,76,76,64,58,31,40,31,18,19,19,7,8,4,3,4,8,1,3
±¤ÁÖ±¤¿ª½Ã ±¤»ê±¸ ¿ì»êµ¿(2920058000),"28,892","28,892",262,234,246,261,212,211,227,246,189,239,216,207,212,192,208,186,203,211,251,236,319,361,383,379,409,425,464,464,463,497,499,479,430,465,442,431,435,421,476,504,475,462,452,393,373,363,377,427,464,455,506,544,494,537,524,521,514,493,471,471,495,552,469,438,411,338,296,302,207,240,190,201,197,162,185,154,127,133,120,151,153,113,110,88,90,80,82,78,36,47,35,24,23,22,14,3,4,3,5,3,0
±¤ÁÖ±¤¿ª½Ã ±¤»ê±¸ ¿ù°î1µ¿(2920060000),"10,817","10,817",46,44,53,52,45,86,75,78,77,97,88,96,70,100,107,99,97,133,142,122,154,155,175,165,204,172,168,201,175,210,169,149,114,102,101,121,128,114,118,125,137,146,138,127,133,134,129,183,202,189,204,182,220,234,226,237,265,204,187,212,206,230,203,161,153,137,135,123,70,89,73,65,101,72,46,53,40,39,38,56,41,25,39,26,31,22,26,25,17,16,9,7,9,7,5,2,3,1,0,0,0
±¤ÁÖ±¤¿ª½Ã ±¤»ê±¸ ¿ù°î2µ¿(2920061000),"15,533","15,533",51,69,67,69,87,102,104,123,118,143,139,174,166,194,203,176,192,193,228,219,209,292,263,243,218,234,233,235,236,213,179,169,152,136,165,136,140,171,197,213,222,194,242,234,236,285,229,338,308,358,338,344,297,368,282,308,297,255,253,278,281,255,239,206,197,174,139,128,132,104,102,88,93,79,106,89,46,56,55,76,57,49,47,54,21,36,21,28,10,7,11,10,10,1,2,1,1,0,3,0,2
±¤ÁÖ±¤¿ª½Ã ±¤»ê±¸ ºñ¾Æµ¿(2920062000),"7,536","7,536",38,42,58,51,64,102,64,83,84,91,77,86,76,85,84,72,78,75,79,96,82,106,96,79,92,86,84,72,89,82,81,81,65,74,90,71,75,108,127,102,123,122,147,137,134,147,138,152,164,174,147,170,158,176,143,131,142,124,126,127,99,120,100,85,77,47,66,76,42,52,36,48,49,41,56,50,29,33,26,38,36,30,30,27,22,18,20,22,10,15,5,9,8,2,0,3,0,0,0,0,0
±¤ÁÖ±¤¿ª½Ã ±¤»ê±¸ Ã·´Ü1µ¿(2920062400),"27,466","27,466",184,173,166,154,166,187,219,218,222,284,265,279,254,325,359,351,314,354,402,414,393,500,507,500,528,480,490,480,542,499,457,415,371,312,332,306,334,324,306,369,400,342,433,343,364,412,405,512,495,507,582,603,564,624,563,544,568,521,512,459,446,440,382,338,267,192,163,154,133,112,98,98,88,92,100,82,59,70,53,94,75,57,51,48,60,38,37,35,19,23,12,21,9,10,8,5,4,0,2,1,2
±¤ÁÖ±¤¿ª½Ã ±¤»ê±¸ Ã·´Ü2µ¿(2920062600),"43,321","43,321",268,237,254,326,322,373,427,434,406,482,475,521,456,513,522,517,540,614,586,631,724,848,800,748,772,828,834,726,834,790,732,614,537,530,470,547,520,526,587,691,722,681,755,696,708,769,734,854,916,917,952,918,915,920,832,787,712,716,605,550,545,550,421,367,323,247,212,211,158,177,133,134,123,125,145,131,82,98,70,122,111,95,78,66,75,46,56,47,32,32,28,12,13,10,6,7,2,2,3,2,3
±¤ÁÖ±¤¿ª½Ã ±¤»ê±¸ ½Å°¡µ¿(2920063000),"18,320","18,320",95,92,129,148,184,230,246,257,257,289,244,255,280,264,293,272,241,279,318,283,305,333,291,254,270,258,236,223,222,215,170,168,170,195,171,232,196,228,308,372,338,363,362,314,345,374,359,416,414,478,421,409,352,357,325,289,248,206,191,190,170,196,157,128,111,112,97,93,70,77,63,77,81,66,64,75,52,40,38,59,39,43,31,31,27,20,18,14,9,5,7,8,7,4,2,2,1,1,0,0,1
±¤ÁÖ±¤¿ª½Ã ±¤»ê±¸ ¿î³²µ¿(2920063500),"30,812","30,812",173,159,199,241,256,283,305,314,345,351,354,348,358,353,384,358,348,381,422,412,447,516,512,480,460,466,472,421,415,417,394,352,320,305,357,342,360,370,425,525,553,544,570,499,533,556,523,590,658,586,642,638,611,667,590,574,563,500,456,435,393,402,373,305,281,230,226,203,128,178,145,139,163,163,149,135,122,106,116,135,131,101,66,70,61,55,51,53,39,25,20,14,15,14,3,4,2,1,3,1,3
±¤ÁÖ±¤¿ª½Ã ±¤»ê±¸ ¼ö¿Ïµ¿(2920063700),"77,223","77,223",408,433,590,642,817,"1,043","1,187","1,195","1,304","1,497","1,496","1,572","1,417","1,474","1,559","1,310","1,278","1,195","1,216","1,170","1,178","1,272","1,104","1,017","1,026",929,832,806,739,773,719,745,664,713,760,870,930,"1,095","1,329","1,658","1,730","1,768","1,850","1,772","1,812","1,754","1,757","1,885","1,847","1,664","1,691","1,449","1,335","1,307","1,013",959,933,735,685,649,572,668,535,466,416,384,328,312,241,283,237,228,230,196,196,187,124,126,100,138,112,83,74,72,56,49,51,45,25,23,29,21,16,10,6,6,6,2,3,5,5
±¤ÁÖ±¤¿ª½Ã ±¤»ê±¸ ÇÏ³²µ¿(2920064000),"26,349","26,349",196,235,254,265,295,328,380,381,344,401,382,419,361,343,387,323,309,311,297,314,337,357,344,346,367,348,324,382,353,372,353,309,340,301,360,361,380,388,507,554,618,577,592,536,541,517,474,535,500,483,487,468,421,420,396,371,374,328,335,314,276,338,303,259,214,169,189,154,115,115,97,76,87,88,77,77,55,39,43,54,39,47,41,30,38,18,19,20,12,14,6,13,8,4,5,7,1,4,1,1,1
±¤ÁÖ±¤¿ª½Ã ±¤»ê±¸ ÀÓ°îµ¿(2920065000),"2,127","2,127",0,1,5,4,8,7,6,4,4,14,7,8,13,9,16,14,8,14,10,8,6,16,10,16,15,17,19,18,16,21,21,22,13,12,9,7,8,8,10,13,12,17,15,17,4,10,18,29,20,29,35,33,24,42,29,46,38,44,36,59,50,56,55,60,52,40,54,40,37,31,34,33,36,33,40,32,31,27,25,46,35,36,30,38,29,23,23,24,13,10,14,14,10,6,7,2,3,1,1,1,1
±¤ÁÖ±¤¿ª½Ã ±¤»ê±¸ µ¿°îµ¿(2920066000),"1,853","1,853",2,2,3,3,4,8,5,1,9,5,5,9,5,5,8,5,5,5,13,7,14,14,16,6,18,16,14,16,19,18,22,14,8,19,11,12,12,12,14,15,16,19,13,12,16,19,16,16,19,23,25,24,27,23,32,27,27,37,41,36,39,53,55,45,50,38,35,32,29,40,32,32,38,39,46,27,27,29,37,38,37,26,30,18,13,20,20,21,9,9,5,7,3,1,2,0,3,0,0,1,0
±¤ÁÖ±¤¿ª½Ã ±¤»ê±¸ Æòµ¿(2920067000),"4,061","4,061",10,8,12,10,14,16,12,11,15,13,10,14,8,16,17,13,13,10,18,19,17,32,38,38,42,38,59,58,50,41,58,39,38,40,46,39,36,36,47,57,43,49,41,54,52,39,40,51,53,66,62,64,67,55,72,56,64,70,58,92,83,83,87,87,86,88,85,86,61,72,72,61,51,68,71,61,47,42,39,65,61,52,33,40,38,31,36,23,16,19,7,9,10,11,7,4,2,3,4,0,4
±¤ÁÖ±¤¿ª½Ã ±¤»ê±¸ »ïµµµ¿(2920068000),"2,180","2,180",0,1,0,5,2,5,6,9,6,10,10,11,17,9,21,8,7,13,15,6,12,12,17,19,4,22,17,13,19,18,23,12,16,14,12,12,15,7,11,19,26,18,16,15,19,14,21,22,21,23,28,30,24,35,33,38,49,42,37,48,52,58,62,50,41,36,48,37,41,46,36,37,49,29,37,51,21,30,28,42,36,33,55,36,33,24,25,15,14,15,16,10,9,5,1,4,1,1,0,1,1
±¤ÁÖ±¤¿ª½Ã ±¤»ê±¸ º»·®µ¿(2920069000),"1,988","1,988",4,1,3,1,1,4,2,5,3,7,6,10,5,10,9,4,13,9,11,9,9,13,11,16,8,14,22,16,17,15,15,11,14,9,6,13,14,16,9,15,10,14,22,14,21,27,19,25,27,25,32,44,23,26,30,29,30,28,38,33,46,53,49,41,37,35,32,34,26,40,22,31,42,38,36,28,29,36,33,46,40,36,37,40,36,37,27,36,13,7,12,11,5,9,2,2,2,2,2,0,1
±¤ÁÖ±¤¿ª½Ã ±¤»ê±¸ ½ÅÃ¢µ¿(2920070000),"34,869","34,869",199,248,270,307,320,400,399,397,432,456,457,502,478,540,622,527,528,534,561,553,552,652,601,567,558,524,484,511,441,444,436,387,386,426,415,424,531,482,604,640,709,726,765,649,690,749,693,822,791,742,778,712,626,659,552,491,478,378,359,300,299,308,275,235,182,156,161,150,117,103,135,110,112,107,111,83,59,85,64,101,77,42,45,53,44,24,36,30,20,29,8,12,10,5,4,5,0,0,2,2,4
