대전광역시  (3000000000),723812,723812,3876,3948,4299,4717,5336,5992,6504,6530,6523,7073,7204,7086,6714,7199,7727,7116,6882,7490,7879,7931,8621,10111,10266,10844,11116,11499,11870,11654,11427,11578,10799,10073,9933,9647,9458,9187,9246,9310,9996,11281,11493,11446,11228,10417,10776,10822,11109,12063,12836,12717,13446,13140,13039,13299,11561,11525,11076,11271,9799,11372,12125,12182,11019,9624,9768,9117,8645,8093,6235,6558,5302,5161,5181,4926,4556,4173,3176,3222,2961,3774,3119,2165,2315,1986,1724,1382,1146,970,747,606,414,296,212,191,128,79,53,34,21,18,31,727050,727050,3581,3683,4245,4480,4945,5724,6171,6027,6236,6763,6679,6631,6409,6640,7281,6669,6371,6900,7388,7334,8450,9817,9680,9961,10420,10205,10396,10115,9939,10097,9646,8846,8422,8248,8270,8309,8699,8701,9655,10857,11578,11339,11213,10612,11036,10904,11251,12108,13224,12675,13027,13045,13030,13664,11921,11152,11148,11529,9774,11575,12378,12936,11872,10118,10113,9394,9473,8803,6743,7126,5862,5737,5830,5805,5223,4886,3759,4257,4114,5039,4362,3392,3570,3306,2895,2717,2405,2129,1701,1401,1205,875,803,603,493,295,228,143,135,83,146
대전광역시 동구 (3011000000),111522,111522,487,494,576,694,688,810,816,890,845,920,960,945,912,960,1054,993,942,1000,1089,1175,1249,1593,1682,1782,1752,1600,1593,1510,1500,1513,1395,1407,1313,1243,1257,1208,1263,1273,1522,1600,1714,1753,1616,1542,1622,1599,1688,1913,2053,1928,2015,1953,1988,2046,1784,1816,1752,1821,1571,1890,2025,2113,1978,1644,1734,1657,1572,1512,1163,1305,1062,978,1003,982,906,837,711,684,653,835,648,456,485,399,361,269,228,204,134,103,106,55,42,37,27,13,6,7,7,6,6,109778,109778,450,471,592,556,652,728,774,755,835,905,886,869,831,916,991,889,850,952,1039,1154,1439,1692,1510,1412,1410,1305,1304,1341,1219,1284,1201,1117,1054,1013,1020,1035,1081,1145,1309,1463,1598,1580,1537,1471,1480,1473,1589,1644,1810,1722,1819,1796,1787,1951,1661,1693,1695,1765,1485,1783,2094,2188,2110,1766,1806,1700,1772,1650,1295,1381,1173,1206,1218,1170,1071,1032,785,905,891,1095,906,764,753,716,621,525,484,399,331,255,224,153,157,126,86,49,39,27,26,16,25
대전광역시 동구 중앙동(3011051500),2517,2517,5,4,3,6,4,4,6,8,6,4,4,6,4,2,7,7,3,7,4,11,14,11,15,12,17,19,23,25,25,25,23,22,26,23,20,21,15,23,16,26,26,24,24,28,26,33,31,37,32,44,33,39,51,67,56,58,64,65,62,76,76,77,75,72,61,63,57,59,53,52,34,41,46,43,36,42,27,17,31,40,25,11,19,21,18,8,8,2,5,6,6,0,0,1,2,1,0,0,0,0,0,1972,1972,4,3,9,4,4,8,5,10,5,8,3,5,2,15,10,5,6,3,9,10,2,7,9,9,11,21,14,20,13,11,20,17,15,19,12,15,17,11,19,14,13,18,12,17,16,13,13,13,14,27,22,14,26,26,33,23,33,28,25,47,49,65,50,51,54,47,48,46,42,43,41,40,49,47,41,35,23,33,33,53,33,30,24,31,19,20,20,12,9,8,14,3,6,3,2,5,1,1,2,0,2
대전광역시 동구 효동(3011053000),12092,12092,41,55,82,106,95,134,121,159,151,179,185,184,183,199,185,178,153,163,147,164,169,174,134,135,147,133,131,117,111,106,114,93,96,106,130,140,120,133,164,213,189,235,221,218,242,209,255,252,293,233,232,236,186,222,185,175,153,141,125,158,166,172,161,138,156,147,129,137,87,112,79,100,77,81,100,63,65,46,39,61,60,45,33,22,28,24,15,6,15,8,10,7,3,2,3,1,1,2,1,0,0,12517,12517,49,53,88,101,88,114,176,117,176,169,196,179,158,173,163,162,144,143,146,126,134,150,115,114,117,112,104,110,110,104,88,88,96,108,115,147,117,160,189,234,240,275,245,236,245,235,240,245,261,238,193,209,198,230,150,188,172,153,134,153,200,203,198,157,179,150,162,168,102,122,103,104,124,105,93,82,56,68,71,91,68,45,48,52,52,35,46,28,26,19,22,11,21,10,8,3,6,1,2,1,2
대전광역시 동구 신인동(3011054500),5843,5843,40,39,42,36,35,51,39,43,48,43,50,52,35,38,55,46,46,52,42,43,59,65,63,72,58,63,67,55,69,68,69,77,69,75,104,65,82,82,84,87,97,100,96,74,79,77,88,111,102,104,88,94,104,89,84,102,83,85,75,92,119,111,100,81,95,84,81,88,73,81,55,45,72,72,60,51,46,38,51,63,50,27,37,21,26,14,19,12,10,8,10,2,1,2,2,2,0,0,0,1,1,6108,6108,32,40,49,42,34,54,35,42,32,45,32,33,38,45,40,38,37,34,47,44,40,62,50,54,69,55,61,89,75,80,59,74,65,70,79,66,65,73,75,74,82,93,76,72,70,82,88,81,87,81,102,108,120,96,99,101,97,107,87,89,109,141,148,110,112,100,111,102,88,83,86,65,78,73,71,67,48,59,59,70,48,47,55,30,31,37,29,24,14,20,6,11,9,6,8,2,3,0,1,0,1
대전광역시 동구 판암1동(3011055100),6027,6027,44,42,33,40,42,44,43,39,43,45,50,41,35,42,63,43,46,60,46,53,69,83,73,75,72,68,90,71,83,70,61,97,66,76,77,85,71,74,78,85,96,92,88,56,71,73,73,92,95,78,105,115,104,107,102,104,96,109,83,117,109,124,140,112,103,95,82,84,66,70,61,72,65,61,45,42,48,42,41,46,42,32,26,17,29,20,20,16,9,9,2,5,9,2,3,1,0,0,2,1,0,6299,6299,44,26,43,21,29,31,31,37,28,38,46,43,36,47,50,32,40,49,41,59,57,75,61,61,70,53,63,66,81,80,78,63,74,70,67,44,62,70,75,69,86,68,87,72,76,79,85,84,105,105,118,95,124,130,99,99,96,116,82,132,145,121,130,110,101,100,111,97,69,88,87,67,69,72,65,83,42,49,70,86,67,56,57,46,46,36,42,37,22,25,15,14,5,9,4,0,2,2,2,1,1
대전광역시 동구 판암2동(3011055200),4126,4126,12,9,12,6,10,17,14,14,16,18,17,18,12,16,23,18,17,9,28,25,25,28,32,39,52,45,53,55,36,55,39,52,43,39,43,37,30,38,36,47,53,44,37,39,53,59,55,64,74,71,69,69,83,83,61,56,85,75,71,94,105,106,97,92,97,94,96,90,64,78,75,63,57,56,56,63,36,48,34,46,37,36,34,35,20,17,17,12,7,6,6,5,3,2,4,1,0,0,0,0,1,4338,4338,11,4,9,13,12,17,10,13,14,19,15,12,15,16,20,18,14,13,25,14,24,24,28,18,40,32,46,35,30,44,32,37,31,22,23,29,25,28,26,32,37,35,37,30,38,33,51,42,52,48,59,47,46,77,54,75,80,90,78,75,106,119,125,100,89,97,115,115,93,73,72,77,85,82,84,69,55,73,66,88,72,84,51,61,50,47,49,31,34,19,24,12,14,14,6,7,1,1,3,1,0
대전광역시 동구 용운동(3011056000),11053,11053,73,64,88,87,97,97,99,94,78,85,99,76,81,85,87,97,93,80,94,120,128,201,201,218,195,160,162,161,163,169,158,189,166,133,174,144,136,156,182,178,159,200,161,146,136,141,153,169,199,192,206,170,181,202,180,159,191,184,138,180,189,190,205,138,163,159,141,128,101,110,92,78,84,67,68,63,56,61,57,68,43,32,34,25,22,15,14,15,9,11,5,3,4,3,2,0,1,0,0,1,1,10863,10863,77,63,80,70,83,76,79,80,79,101,82,83,82,88,94,80,81,93,105,128,178,202,182,162,144,121,136,138,111,149,155,156,127,121,139,130,119,113,155,160,170,149,149,124,150,122,161,172,217,164,203,204,184,178,152,179,177,205,169,153,194,195,183,180,185,138,162,139,112,125,85,108,85,82,79,90,61,63,70,70,56,48,63,43,43,32,27,39,31,17,18,10,13,10,8,2,3,3,4,1,2
대전광역시 동구 대동(3011058500),7441,7441,50,45,54,56,60,84,72,89,78,103,81,68,81,84,86,79,62,47,89,81,84,102,99,98,89,92,86,83,76,70,90,99,78,73,70,87,100,86,141,136,143,135,107,118,126,117,92,136,132,123,105,122,142,114,119,131,111,121,99,123,121,129,98,111,100,96,97,95,75,80,66,54,43,64,51,51,44,42,45,47,48,21,35,26,18,17,13,8,10,7,8,3,3,2,3,1,1,2,2,0,0,7427,7427,43,47,51,52,79,56,62,90,67,77,65,68,61,84,61,59,67,50,75,85,78,107,100,84,87,76,72,70,57,84,70,70,81,72,88,88,95,109,105,127,126,117,108,117,86,116,118,123,119,130,132,120,115,132,106,122,109,112,92,121,126,147,120,106,117,110,97,88,61,92,62,72,71,68,54,60,46,56,53,74,55,58,46,35,39,29,29,18,25,15,13,13,8,8,5,3,3,1,0,2,2
대전광역시 동구 자양동(3011059000),5673,5673,12,12,21,18,15,11,22,19,25,21,26,21,23,31,27,25,23,34,77,99,98,163,234,226,213,158,144,115,97,99,79,68,67,69,56,48,63,52,59,68,74,72,73,65,74,54,65,70,78,82,101,98,83,72,77,88,90,78,82,87,77,89,101,79,89,94,79,62,42,60,49,48,45,46,43,42,32,36,34,48,28,31,21,25,17,12,10,15,6,3,3,1,0,3,0,0,1,0,1,0,0,5044,5044,14,13,19,19,21,21,16,19,18,16,22,19,22,22,21,25,22,38,71,141,222,227,177,137,104,94,77,74,78,64,64,52,36,38,31,36,40,29,35,43,63,62,48,33,45,43,41,66,61,66,64,77,62,87,67,72,69,85,59,82,106,79,88,73,78,83,64,85,66,60,58,54,68,49,55,37,41,38,48,53,37,24,28,34,27,22,20,13,16,12,12,6,11,2,2,1,1,0,1,1,2
대전광역시 동구 가양1동(3011062000),7007,7007,24,17,29,29,33,39,46,44,48,53,57,50,46,43,49,52,62,56,65,72,61,97,105,154,136,121,107,87,110,87,88,95,64,74,72,56,56,82,76,84,94,91,108,108,110,101,103,113,117,134,119,131,146,129,120,106,118,124,101,122,150,131,128,115,128,91,129,96,87,85,92,56,72,55,69,45,57,53,47,55,46,24,39,24,33,18,14,15,9,5,7,4,1,4,1,1,0,0,0,0,0,6575,6575,13,25,28,21,34,40,37,56,49,59,43,42,51,44,63,53,43,63,45,66,101,100,103,74,92,86,75,72,79,70,90,48,56,55,48,38,59,64,68,83,83,107,89,83,90,79,89,89,101,98,92,90,111,142,109,88,91,102,111,106,132,146,134,113,111,121,115,101,85,97,64,87,62,85,64,73,57,67,76,72,63,44,50,47,49,37,24,30,17,18,8,7,10,7,5,3,2,3,0,0,3
대전광역시 동구 가양2동(3011063000),9103,9103,24,36,29,46,45,52,66,56,52,59,67,76,85,90,98,92,79,110,90,84,113,140,175,159,155,137,123,144,139,136,120,124,109,91,97,94,101,99,126,110,108,146,116,119,127,114,134,160,165,148,166,172,169,188,163,164,151,161,166,167,172,169,136,140,138,151,119,121,100,99,85,78,72,75,70,63,62,48,54,57,50,30,40,28,19,26,17,20,7,10,7,2,3,2,0,0,0,0,0,1,0,9049,9049,28,33,19,35,41,44,43,48,65,55,77,71,58,71,101,65,81,85,97,118,163,201,155,137,120,116,128,129,102,125,103,85,74,66,57,70,79,92,99,106,102,105,116,139,122,122,117,138,165,142,148,165,168,171,170,153,156,150,145,172,160,180,191,156,135,145,147,127,112,110,91,86,90,90,90,67,62,70,61,77,74,58,66,56,42,46,25,24,19,19,12,11,8,9,11,5,3,2,0,1,3
대전광역시 동구 용전동(3011064000),10526,10526,44,39,40,46,48,55,49,84,59,54,55,76,62,56,72,64,67,89,90,107,96,143,155,194,213,221,234,245,246,286,222,194,195,186,148,144,155,141,157,167,190,174,147,157,138,153,144,177,194,184,218,184,172,181,157,173,131,174,146,177,176,176,186,127,136,115,101,120,86,95,80,77,76,64,71,61,47,50,45,47,46,33,22,23,20,21,18,14,3,7,4,2,2,3,0,1,0,1,0,1,0,10019,10019,41,38,52,48,50,48,62,43,54,63,67,55,54,62,77,68,68,90,82,96,127,188,173,200,206,221,216,215,200,197,164,170,138,112,108,95,122,123,114,140,154,137,136,135,135,144,146,144,155,159,164,174,146,186,172,159,154,138,120,153,171,188,154,135,141,147,143,116,113,101,92,99,80,76,67,78,58,70,57,68,71,50,35,56,39,29,23,32,15,8,13,8,5,7,4,1,0,3,4,2,2
대전광역시 동구 성남동(3011066500),5871,5871,32,47,31,54,49,55,46,50,39,46,48,37,41,32,47,37,42,45,51,52,73,71,64,64,77,52,67,74,76,59,69,73,74,69,69,65,68,67,105,80,96,94,87,81,89,79,86,96,102,91,113,99,111,101,89,101,95,100,97,104,110,144,108,80,92,91,91,81,71,82,59,57,69,57,47,45,44,48,33,56,35,19,28,23,20,11,13,13,10,6,5,4,0,6,1,1,1,0,1,0,1,5949,5949,22,35,35,39,37,40,40,31,40,40,49,40,41,35,54,41,42,53,51,50,45,53,54,59,62,50,63,71,65,63,58,58,64,55,61,65,75,63,78,78,76,81,84,72,68,62,89,87,82,85,118,94,89,109,91,88,98,107,81,119,150,132,137,97,100,93,93,105,67,91,79,85,57,68,70,56,50,61,59,62,55,50,48,42,33,19,28,21,21,20,12,14,16,4,7,4,3,1,0,2,2
대전광역시 동구 홍도동(3011067000),5580,5580,21,21,26,34,27,31,32,31,34,34,37,28,37,35,39,39,31,42,49,70,68,85,112,125,127,128,105,94,97,108,88,73,78,60,57,59,62,67,77,69,81,89,71,68,70,75,86,94,103,89,103,110,94,122,77,92,90,86,68,83,108,141,102,77,79,91,75,75,50,54,50,39,40,59,27,45,20,39,27,32,24,22,28,17,19,13,9,11,8,3,6,1,0,0,0,1,0,0,0,0,0,5410,5410,12,12,16,15,29,36,24,22,31,22,27,24,30,40,34,37,34,43,41,57,101,117,126,119,117,106,102,94,70,75,63,49,48,62,50,52,52,49,68,61,69,66,73,54,53,56,67,63,86,76,113,93,81,100,76,87,92,98,82,78,118,117,96,90,98,91,81,64,66,65,54,52,62,53,44,56,39,41,37,48,40,40,35,34,23,23,17,24,17,7,10,3,7,15,6,2,3,2,0,0,0
대전광역시 동구 삼성동(3011069500),7139,7139,28,23,22,32,33,42,40,44,51,48,43,58,60,52,66,61,60,72,75,76,73,93,76,86,76,82,90,76,73,72,76,75,83,76,59,62,72,62,65,90,104,90,92,104,94,123,119,123,128,117,139,124,142,158,123,132,125,118,108,145,153,143,143,114,133,116,127,105,91,98,83,72,83,79,77,80,51,44,47,79,50,33,40,48,34,21,21,15,10,8,11,5,7,0,4,0,0,1,0,1,1,6877,6877,21,25,35,18,39,43,37,49,57,49,48,62,48,44,66,71,52,61,68,51,53,70,65,68,56,65,60,64,72,53,62,59,63,70,49,63,55,51,68,74,90,93,94,101,75,97,81,112,91,116,119,127,121,125,109,93,117,118,100,138,137,150,148,117,132,125,137,120,93,108,88,93,107,103,87,77,55,71,65,66,79,50,58,61,55,40,38,20,18,19,17,9,8,8,4,4,5,2,1,1,0
대전광역시 동구 대청동(3011072500),1245,1245,0,0,1,2,1,3,5,2,5,8,5,5,3,6,7,3,5,5,10,7,11,15,11,4,10,11,13,10,12,12,16,9,10,10,6,10,13,6,8,9,13,5,17,10,15,11,11,13,20,18,20,25,29,30,18,21,24,38,28,27,33,38,37,29,31,26,40,34,23,28,23,15,22,13,17,11,12,13,13,18,12,13,12,11,6,5,3,5,4,2,6,4,1,2,0,1,0,0,0,0,0,1155,1155,1,1,2,0,5,4,5,5,5,3,6,10,3,3,5,11,8,9,5,8,6,6,12,7,11,8,9,11,5,7,4,3,6,3,9,9,2,2,7,7,7,6,6,7,14,5,16,7,18,14,12,16,18,15,22,16,17,23,17,27,29,30,28,21,28,30,21,32,22,17,24,15,16,17,18,16,12,17,15,30,17,18,19,21,19,26,18,11,12,8,7,8,4,3,1,2,1,3,1,2,0
대전광역시 동구 산내동(3011074000),10279,10279,37,41,63,96,94,91,116,114,112,120,136,149,124,149,143,152,153,129,132,111,108,122,133,121,115,110,98,98,87,91,83,67,89,83,75,91,119,105,148,151,191,162,171,151,172,180,193,206,219,220,198,165,191,181,173,154,145,162,122,138,161,173,161,139,133,144,128,137,94,121,79,83,80,90,69,70,64,59,55,72,52,47,37,33,32,27,17,25,12,4,10,7,5,3,2,1,1,1,0,0,1,10176,10176,38,53,57,58,67,96,112,93,115,141,108,123,132,127,132,124,111,125,131,101,108,103,100,109,104,89,78,83,71,78,91,88,80,70,84,88,97,108,128,161,200,168,177,179,197,185,187,178,196,173,160,163,178,147,152,150,137,133,103,138,162,175,180,150,146,123,165,145,104,106,87,102,115,100,89,86,80,69,51,87,71,62,70,67,54,47,49,35,35,21,21,13,12,11,5,5,2,2,5,1,3
대전광역시 중구 (3014000000),112856,112856,465,481,523,537,681,710,870,796,887,976,1017,993,941,1036,1143,1016,1005,1091,1245,1207,1358,1467,1461,1503,1482,1654,1556,1622,1530,1498,1484,1292,1257,1244,1156,1151,1183,1158,1323,1479,1656,1694,1670,1618,1644,1669,1758,1875,2048,2051,2177,2097,2146,2109,1900,1896,1810,1924,1631,1902,2012,2124,1833,1686,1755,1643,1581,1558,1225,1288,1010,1023,1153,1097,1000,967,696,753,671,865,726,496,559,495,389,323,296,227,163,162,88,82,43,36,24,18,13,8,3,3,9,116427,116427,435,415,533,608,597,712,777,782,849,931,934,971,913,971,1063,978,1021,1012,1110,1073,1202,1378,1355,1499,1581,1586,1674,1599,1441,1405,1371,1175,1067,1091,1061,1078,1184,1131,1243,1493,1624,1598,1742,1569,1629,1608,1692,1853,2029,1940,1992,1989,2035,2109,1940,1806,1806,1881,1576,1957,1982,2230,2022,1804,1862,1768,1881,1775,1388,1495,1200,1249,1300,1337,1183,1168,887,937,929,1152,982,759,806,743,662,592,496,443,374,280,264,181,184,100,111,59,56,40,27,15,30
대전광역시 중구 은행선화동(3014053500),7998,7998,33,32,48,40,44,33,36,45,37,50,31,45,47,42,43,50,43,51,51,71,78,93,87,111,107,126,123,182,167,170,173,150,122,108,101,108,124,123,119,116,149,132,125,135,125,120,130,129,147,128,171,165,140,158,132,131,144,114,139,135,151,136,124,136,137,118,96,86,79,88,73,61,54,63,64,60,45,29,39,42,42,21,23,20,24,16,15,11,10,8,7,3,1,1,2,1,0,1,1,0,1,7575,7575,50,30,40,53,33,50,39,47,36,49,52,61,36,50,45,38,55,48,59,52,77,90,121,138,157,171,194,181,136,171,154,113,111,90,91,99,108,80,106,111,110,117,95,91,85,101,108,97,120,116,105,121,108,115,127,109,92,103,103,103,107,136,132,114,120,96,102,88,85,82,56,77,58,72,71,61,52,49,50,51,38,40,45,33,31,30,21,23,21,18,15,10,13,7,7,5,5,1,1,2,2
대전광역시 중구 목동(3014055000),6849,6849,43,32,36,45,63,72,94,92,98,102,141,106,117,142,142,104,111,112,126,105,106,105,101,97,81,66,60,63,43,45,54,48,52,60,56,57,72,57,73,92,108,147,128,159,137,141,163,143,189,149,163,165,145,111,104,105,93,100,72,66,93,68,65,46,58,58,66,42,37,34,35,36,40,31,25,34,16,27,21,20,22,16,23,14,9,14,12,6,7,4,3,6,0,1,1,0,0,0,0,0,0,7450,7450,24,37,36,47,51,71,83,93,92,115,129,124,144,122,131,137,110,106,107,107,106,104,91,79,71,73,71,58,58,74,51,57,64,69,77,64,89,67,103,121,152,172,181,164,160,170,143,188,192,169,176,135,123,121,86,74,76,80,55,100,83,81,84,62,82,64,75,53,61,52,44,44,50,42,29,48,24,23,39,48,35,30,22,24,16,20,17,15,11,9,8,6,0,2,5,0,4,3,2,0,3
대전광역시 중구 중촌동(3014056000),6147,6147,19,20,25,38,28,37,42,35,40,46,40,47,55,68,53,57,66,49,68,58,93,76,67,91,65,103,80,81,87,58,77,57,61,65,82,58,55,69,72,79,83,83,73,97,86,96,110,118,116,125,115,102,125,117,98,132,104,104,88,93,124,130,100,101,97,100,82,81,73,73,65,61,76,53,54,51,45,45,36,36,45,27,44,29,18,9,6,9,10,9,6,7,6,1,3,1,0,1,0,0,1,6531,6531,22,32,31,31,20,43,51,31,35,46,52,45,51,58,50,45,53,55,56,64,61,58,62,58,67,72,81,82,78,57,60,54,58,64,59,58,60,56,66,80,88,89,83,83,114,96,93,95,117,102,112,119,131,128,112,119,97,112,87,115,122,125,111,106,131,113,102,123,86,100,75,84,87,76,66,78,55,49,54,68,63,54,61,43,41,46,26,29,27,11,18,9,10,8,8,6,0,3,1,0,2
대전광역시 중구 대흥동(3014057500),6745,6745,24,30,34,27,47,49,67,46,59,53,56,66,35,56,62,51,44,70,73,56,73,81,70,93,104,139,153,135,125,127,140,114,102,101,85,82,86,84,102,90,112,115,127,88,103,104,109,128,112,121,111,108,107,117,93,87,88,87,97,101,100,111,98,76,110,95,77,86,61,58,48,42,57,47,52,54,40,34,26,41,38,27,21,27,18,18,17,9,10,9,9,5,5,5,3,2,0,0,0,1,2,6935,6935,19,19,35,38,37,35,45,40,52,53,52,55,46,54,56,40,52,38,60,48,55,97,105,145,178,158,183,151,128,133,111,110,68,98,88,78,96,73,100,93,102,94,101,100,112,103,96,107,87,110,98,77,111,111,89,74,84,101,85,103,87,125,101,96,100,80,102,90,64,85,51,59,61,70,86,59,42,47,42,57,54,35,37,37,31,26,22,20,19,12,17,13,13,8,6,3,1,4,1,3,2
대전광역시 중구 문창동(3014060500),2425,2425,13,8,9,6,14,8,5,11,8,10,11,12,22,18,14,14,27,17,8,14,21,22,26,27,28,26,39,25,32,28,24,23,33,23,20,12,22,23,29,24,27,33,33,23,37,24,28,44,32,42,51,45,49,68,39,52,40,43,40,56,58,58,46,56,54,45,43,38,25,39,32,21,39,23,38,27,20,22,18,28,28,29,18,13,16,9,4,6,2,3,2,1,1,0,0,0,0,1,0,0,0,2225,2225,6,5,10,2,2,4,9,4,12,9,13,11,13,18,15,16,9,7,14,19,13,22,7,27,21,37,27,25,21,21,17,18,17,20,17,16,18,20,15,21,25,18,21,21,22,16,20,33,27,27,43,30,36,32,39,28,24,35,38,44,44,52,44,48,52,48,52,57,35,23,22,31,47,28,37,41,32,32,35,45,25,26,24,21,26,22,13,13,18,13,14,7,10,1,4,1,0,1,3,0,1
대전광역시 중구 석교동(3014062000),7839,7839,28,21,32,33,36,29,39,51,41,44,52,65,32,51,51,50,46,56,61,69,87,74,82,85,89,106,103,114,99,112,88,73,83,94,75,92,70,69,106,91,120,107,104,110,104,96,99,121,125,120,124,122,149,144,129,152,126,145,111,169,147,206,144,152,159,161,154,144,120,121,85,91,98,95,96,89,61,71,78,89,64,50,36,44,32,24,22,12,8,9,7,5,2,2,0,0,3,0,1,0,1,7720,7720,25,21,24,37,25,39,29,36,38,44,47,57,35,54,48,45,60,50,66,64,59,72,88,73,77,85,83,85,91,79,86,77,48,54,55,60,52,63,64,96,85,93,95,72,84,73,85,100,103,107,123,113,124,151,142,129,135,152,124,152,176,191,184,165,151,159,170,164,111,136,121,95,108,131,104,91,95,75,78,124,85,60,53,64,48,42,49,38,23,20,21,14,14,7,5,3,6,3,1,1,1
대전광역시 중구 대사동(3014063000),2645,2645,7,7,6,9,7,14,9,5,7,18,16,20,7,14,18,14,18,7,18,14,25,37,33,41,46,58,46,71,51,36,51,55,28,37,27,37,25,24,27,37,31,26,34,32,28,28,40,31,42,35,42,54,37,49,37,45,40,43,41,40,56,49,51,39,46,47,43,39,33,44,27,24,27,19,31,26,29,18,18,37,27,20,16,23,14,15,9,7,10,5,4,4,1,2,2,0,0,1,0,0,0,2826,2826,4,3,9,5,8,9,6,7,5,11,6,10,13,2,13,10,9,18,14,12,19,37,41,62,92,86,84,69,52,56,50,37,42,26,25,15,24,19,18,25,22,25,31,21,22,17,29,20,45,31,32,39,36,39,46,42,47,50,40,44,41,79,62,42,60,43,49,52,40,38,32,26,32,27,41,48,30,31,38,42,30,23,28,31,15,25,22,15,7,13,11,5,4,4,4,0,1,1,2,0,1
대전광역시 중구 부사동(3014064000),3381,3381,12,17,11,19,16,12,17,19,14,14,31,26,17,10,29,20,24,23,18,38,35,41,45,29,39,43,39,45,45,42,47,51,36,35,38,31,28,31,38,49,43,41,43,40,48,38,38,53,49,55,51,70,60,73,76,53,53,76,42,59,74,88,60,74,59,55,59,67,43,55,30,37,44,42,36,32,21,34,27,36,18,32,22,19,15,15,11,8,8,10,4,3,2,4,0,1,1,0,0,0,0,3334,3334,6,7,4,17,16,14,14,15,13,20,12,15,11,17,22,9,20,25,29,26,34,42,36,44,45,49,40,39,38,29,36,37,28,29,29,19,26,25,29,28,31,31,40,23,37,36,58,43,45,45,49,52,55,67,55,57,62,59,54,69,78,85,76,63,67,62,68,73,53,55,40,40,53,54,39,38,28,40,32,38,39,39,29,16,25,21,19,18,16,11,12,10,8,10,4,4,2,5,1,0,1
대전광역시 중구 용두동(3014065500),4564,4564,25,19,18,17,30,20,25,22,33,31,24,22,26,26,33,31,25,38,37,45,44,52,73,76,77,91,97,97,114,95,99,73,79,81,62,57,69,48,70,57,65,55,67,86,68,75,62,51,72,87,89,103,96,85,83,66,68,63,55,57,74,73,43,60,62,55,50,57,35,38,38,35,39,36,34,33,29,33,24,42,30,17,19,14,17,20,18,9,4,6,2,1,3,0,1,2,0,0,0,0,0,4830,4830,17,18,25,23,24,25,30,26,29,33,25,31,39,34,37,32,40,44,45,42,62,70,80,87,100,95,112,114,93,106,100,61,63,62,49,53,57,65,58,66,48,51,70,56,63,58,71,74,58,71,86,82,67,79,71,58,59,61,65,52,64,71,67,48,56,62,72,49,53,61,33,36,59,53,48,33,41,41,41,53,52,30,41,33,31,25,23,21,11,12,2,6,15,2,5,2,6,0,0,0,0
대전광역시 중구 오류동(3014067000),4975,4975,32,34,25,22,28,27,29,30,28,32,40,35,38,31,38,40,45,43,50,44,56,77,78,70,89,65,70,73,74,74,70,80,82,61,66,60,60,46,61,73,78,81,65,54,60,61,62,70,93,80,72,88,98,99,74,85,89,84,80,80,67,81,100,84,73,76,56,53,54,61,37,46,51,56,51,40,29,25,38,41,42,19,20,27,20,19,8,17,13,15,10,10,0,3,1,2,1,0,0,0,0,5607,5607,31,18,32,32,45,34,33,26,34,31,28,31,33,37,41,38,39,39,49,46,59,55,66,89,90,73,95,92,88,79,87,62,66,70,60,58,60,76,57,80,62,69,63,69,60,72,70,79,98,81,114,110,102,111,104,82,80,97,72,88,77,104,88,73,67,75,71,79,79,77,50,56,58,63,64,59,46,68,48,42,43,47,44,44,32,39,30,32,26,14,23,14,10,3,7,6,2,3,2,0,0
대전광역시 중구 태평1동(3014068000),6408,6408,25,42,45,50,50,72,75,61,75,72,82,72,67,63,92,75,67,79,80,68,94,87,93,90,74,89,58,59,56,74,61,72,62,54,61,55,64,76,84,99,108,115,100,102,95,116,115,96,150,109,135,116,153,125,107,117,93,106,87,93,93,100,93,69,81,61,71,79,52,70,43,51,58,45,46,47,32,48,32,43,35,22,26,23,13,18,9,14,7,5,3,2,1,2,0,1,0,0,1,0,0,6833,6833,39,20,44,40,51,51,68,61,65,54,75,84,61,78,86,79,80,69,84,88,66,98,73,82,81,54,50,71,68,55,66,54,59,72,57,59,84,71,93,108,113,113,138,122,104,119,129,99,167,133,130,122,128,123,110,95,110,109,88,103,103,106,101,82,85,69,72,96,56,76,59,82,67,80,51,59,41,50,43,64,46,39,34,39,30,29,24,25,25,8,8,6,7,5,5,1,4,1,0,1,1
대전광역시 중구 태평2동(3014069000),12180,12180,53,50,57,52,80,94,117,105,128,141,152,136,130,149,165,145,144,133,196,159,181,195,183,169,159,147,123,144,116,113,126,80,93,77,98,108,95,112,128,134,148,180,162,170,171,192,212,213,228,250,247,233,236,239,213,197,192,203,173,205,205,213,172,151,157,157,162,160,125,135,105,129,130,145,109,107,77,71,75,79,89,43,73,61,37,36,42,43,15,14,5,11,5,4,2,2,1,2,0,0,0,13211,13211,42,47,70,67,67,97,98,117,136,127,114,120,128,145,170,137,146,158,167,135,158,165,146,134,122,159,129,127,116,113,119,80,81,99,86,109,115,130,131,168,199,180,200,212,223,212,218,254,256,264,253,243,251,261,252,233,210,186,180,214,212,229,192,184,210,186,214,196,156,173,156,135,155,143,122,121,90,115,93,107,89,64,97,97,69,53,50,53,36,24,30,24,14,10,12,2,8,3,3,2,6
대전광역시 중구 유천1동(3014070000),3379,3379,18,21,22,15,18,19,18,8,10,20,15,12,13,14,17,20,13,19,26,30,31,34,33,40,42,49,51,61,46,69,62,46,44,47,41,44,44,46,28,52,58,52,59,45,51,55,53,46,51,72,65,66,51,44,72,63,57,53,53,58,79,78,58,70,67,49,63,50,47,47,29,32,40,27,31,32,19,21,22,25,18,13,12,15,10,11,10,7,3,5,2,3,1,0,0,0,0,0,0,1,0,3099,3099,19,11,12,13,24,13,13,12,12,8,17,10,13,12,15,16,15,9,10,17,28,25,28,33,37,45,50,53,50,50,49,37,37,34,37,37,38,42,32,29,52,39,47,33,31,30,36,34,48,41,43,40,55,58,65,46,57,52,48,65,61,83,65,54,58,81,61,47,46,40,36,41,44,43,26,31,26,26,25,35,35,21,26,21,22,13,13,14,12,4,6,4,5,3,3,1,3,0,0,1,1
대전광역시 중구 유천2동(3014071000),6783,6783,23,26,28,28,47,42,65,46,45,65,42,48,39,33,42,55,52,53,62,79,70,89,83,83,82,92,120,109,91,96,83,78,87,90,70,76,72,68,80,87,107,89,102,80,99,84,104,114,108,115,117,103,98,106,102,100,106,131,96,124,115,135,117,91,101,111,116,112,94,94,58,88,79,74,79,64,49,65,55,77,46,26,48,38,31,21,19,16,12,17,4,6,6,3,2,0,1,0,0,0,2,6936,6936,28,34,38,36,40,38,44,55,44,54,46,35,45,41,35,38,50,45,57,53,57,69,75,94,96,93,105,86,97,73,85,81,65,92,67,61,66,56,86,81,87,77,100,76,81,81,82,106,108,96,111,119,116,121,101,117,110,116,96,126,124,145,135,132,135,116,127,125,100,86,83,93,96,100,77,83,52,47,51,73,82,44,59,48,49,38,38,21,25,21,10,8,15,6,9,4,1,7,2,0,1
대전광역시 중구 문화1동(3014072000),10634,10634,56,45,54,62,80,95,133,109,126,128,135,132,136,159,158,118,125,150,160,158,155,165,156,141,141,153,136,103,114,106,103,91,96,102,91,99,102,97,104,151,147,178,173,153,173,162,176,175,185,209,227,211,212,197,159,149,167,169,127,165,159,153,140,137,144,115,110,122,104,94,84,64,76,115,79,90,46,61,53,71,56,49,50,49,28,36,32,22,12,16,8,6,4,2,2,1,3,1,0,0,1,11473,11473,48,44,58,79,63,76,109,93,120,132,123,115,128,126,150,152,134,136,126,125,145,159,144,158,159,143,151,133,118,114,111,108,112,71,108,117,124,117,139,145,192,196,225,166,192,195,182,217,232,236,208,233,204,180,171,155,157,183,141,173,167,165,166,137,140,144,136,133,109,125,97,98,100,103,104,94,73,82,75,97,87,64,67,63,53,46,38,28,30,19,19,13,9,9,10,13,4,1,2,1,1
대전광역시 중구 문화2동(3014073000),6077,6077,17,25,20,23,28,28,29,30,40,46,46,45,52,42,62,49,51,66,70,62,65,68,99,89,70,81,88,71,91,91,77,78,77,63,66,62,68,51,67,82,68,75,75,72,82,78,66,108,106,107,127,108,120,99,119,101,115,128,102,118,114,127,121,93,95,99,105,90,70,65,67,59,59,67,50,43,40,40,38,41,61,32,37,26,37,18,17,12,16,13,4,3,1,3,1,2,1,1,0,0,0,6471,6471,14,24,17,28,26,30,26,35,39,43,50,50,26,48,44,44,39,57,42,62,66,53,62,54,66,74,81,90,72,69,52,57,44,45,56,62,57,58,36,67,82,73,72,84,73,83,84,109,126,98,96,129,140,116,121,122,129,115,109,131,126,147,124,117,109,125,110,118,76,93,79,69,68,81,65,84,61,61,79,85,71,59,42,50,61,47,36,35,22,35,25,11,15,7,7,5,2,0,2,2,3
대전광역시 중구 산성동(3014074000),13827,13827,37,52,53,51,65,59,70,81,98,104,103,104,108,118,124,123,104,125,141,137,144,171,152,171,189,220,170,189,179,162,149,123,120,146,117,113,127,134,135,166,204,185,200,172,177,199,191,235,243,247,270,238,270,278,263,261,235,275,228,283,303,318,301,251,255,241,228,252,173,172,154,146,186,159,125,138,98,109,71,117,65,53,71,53,50,24,45,19,16,14,8,6,4,3,4,3,2,0,0,1,1,13371,13371,41,45,48,60,65,83,80,84,87,102,93,117,91,75,105,102,110,108,125,113,137,162,130,142,122,119,138,143,137,126,137,132,104,96,100,113,110,113,110,174,174,161,180,176,166,146,188,198,200,213,213,225,248,296,249,266,277,270,191,275,310,306,290,281,239,245,298,232,178,193,166,183,157,171,153,140,99,101,106,123,108,84,97,79,82,70,55,43,45,36,25,21,22,8,10,3,7,4,4,2,4
대전광역시 서구 (3017000000),232428,232428,1280,1328,1332,1564,1777,2091,2206,2205,2211,2420,2441,2436,2240,2466,2629,2378,2321,2543,2610,2593,2854,3334,3280,3494,3692,3891,4252,4008,3983,4012,3653,3377,3297,3215,3131,3076,3090,3173,3227,3841,3702,3731,3700,3369,3433,3528,3507,3793,4035,4115,4319,4155,4079,4216,3529,3424,3393,3425,3011,3509,3707,3654,3306,2991,2936,2734,2616,2449,1909,1961,1551,1591,1523,1397,1364,1188,882,935,778,1038,908,643,641,537,468,391,310,291,228,170,95,73,68,58,39,24,18,10,5,7,10,240507,240507,1171,1252,1377,1467,1628,1927,2054,2050,2082,2344,2266,2269,2201,2175,2531,2262,2146,2390,2535,2454,2725,3335,3351,3460,3783,3721,3838,3735,3760,3703,3550,3210,2990,2878,2870,2826,3010,3059,3376,3687,3893,3881,3806,3586,3699,3769,3771,4165,4474,4305,4355,4434,4309,4554,3939,3651,3580,3738,3190,3704,3906,4040,3722,3209,3169,2948,2837,2661,2064,2102,1770,1704,1670,1673,1496,1401,1063,1214,1123,1356,1185,903,985,872,788,752,685,626,469,418,345,253,227,166,149,90,74,38,39,23,41
대전광역시 서구 복수동(3017051000),10952,10952,60,64,68,83,82,123,100,133,122,135,168,140,137,153,158,149,141,156,137,185,148,168,166,175,127,145,139,101,92,122,121,107,110,104,114,113,104,134,156,175,161,179,173,180,185,197,200,243,218,240,212,206,208,213,182,170,146,145,131,139,173,148,138,112,134,125,117,117,95,94,84,77,71,71,71,62,51,51,37,49,40,49,33,27,21,14,10,10,4,6,3,0,1,4,3,2,2,0,1,1,1,11244,11244,70,58,72,80,82,101,123,132,125,122,148,148,173,137,172,141,112,154,150,127,178,183,159,138,110,117,105,86,116,113,114,110,105,101,98,112,122,131,153,171,203,219,223,205,239,214,195,211,250,226,242,196,205,226,148,151,165,158,113,149,180,171,151,142,144,104,127,146,93,103,91,90,76,75,61,70,45,47,48,44,44,39,34,28,37,33,26,29,13,15,12,6,5,6,6,7,4,1,2,1,1
대전광역시 서구 도마1동(3017052000),7786,7786,37,35,34,29,35,33,39,34,43,45,52,44,34,46,54,35,47,50,72,73,87,116,156,171,178,133,165,150,129,131,102,104,87,91,86,81,81,85,74,89,103,98,92,87,98,91,106,104,99,114,124,121,139,135,132,118,121,137,126,140,159,153,154,128,147,115,141,105,101,124,92,77,93,80,82,79,51,46,54,69,57,28,42,37,27,20,22,8,11,9,5,7,3,2,2,0,3,1,0,0,0,7494,7494,27,35,35,17,34,34,33,36,45,35,31,38,44,37,51,33,55,45,49,70,103,167,135,96,109,107,100,93,89,94,101,86,66,82,55,43,63,67,66,79,85,72,83,63,76,82,74,64,101,106,105,125,115,158,130,137,138,134,114,139,163,180,158,169,157,142,144,132,124,110,107,103,95,105,89,69,81,65,64,85,62,46,51,47,41,37,34,32,31,24,13,14,12,5,7,5,1,2,1,1,0
대전광역시 서구 도마2동(3017053000),8699,8699,27,35,43,27,56,48,51,61,47,54,51,74,55,65,68,68,82,68,71,84,115,109,119,157,166,131,149,151,128,124,114,109,120,101,99,89,84,91,72,107,113,121,125,100,121,128,109,138,134,123,148,143,157,156,133,144,143,133,124,150,169,165,166,144,150,152,147,159,101,90,113,97,102,102,85,64,61,68,53,71,46,40,46,36,38,31,26,22,19,8,3,0,7,2,0,0,0,1,0,2,0,8581,8581,28,20,39,31,39,39,35,38,47,46,53,53,73,62,60,65,61,73,74,73,105,115,104,98,100,116,122,119,126,113,90,88,64,89,86,73,69,69,79,111,100,111,96,95,92,97,107,122,127,121,129,157,140,186,133,146,145,142,146,136,187,215,186,181,186,167,179,146,124,122,103,114,123,110,93,86,73,74,61,87,56,65,55,56,38,36,36,33,22,26,22,15,6,5,7,2,5,0,2,1,3
대전광역시 서구 정림동(3017053500),7806,7806,27,33,26,47,42,68,62,56,71,78,87,75,57,65,80,80,65,70,85,82,83,93,101,94,132,99,110,106,112,86,87,86,92,77,80,80,73,72,86,107,100,110,104,100,103,102,114,118,121,130,118,126,125,155,123,140,127,145,127,162,164,189,169,169,148,141,133,118,73,103,68,81,81,71,62,62,44,36,40,51,42,22,30,26,28,29,10,8,12,11,7,4,6,3,2,0,1,0,0,0,0,8221,8221,26,32,31,39,44,49,65,40,62,63,77,61,67,54,65,62,52,74,80,52,93,100,89,91,98,82,101,89,71,73,96,87,47,69,68,82,92,87,72,104,112,105,86,112,98,112,114,114,131,135,149,130,156,179,146,168,163,174,156,192,224,201,189,150,138,146,143,134,104,109,77,78,71,79,82,91,54,60,49,70,53,45,43,46,45,33,46,26,26,20,17,10,11,10,8,3,5,1,3,1,2
대전광역시 서구 변동(3017054000),8108,8108,32,39,37,41,44,59,60,61,51,62,62,60,47,75,62,65,59,61,62,70,76,89,86,106,114,120,118,133,131,124,123,108,103,102,126,95,104,121,84,124,116,111,127,106,105,122,102,109,130,120,140,148,148,171,129,141,127,135,112,179,176,156,141,118,146,136,94,130,97,97,94,95,66,86,63,57,46,57,45,57,50,48,34,32,27,17,15,12,12,10,6,4,1,4,1,3,0,1,0,0,0,7889,7889,18,30,45,35,40,43,57,42,46,49,52,48,49,39,68,57,57,57,67,66,64,89,82,98,102,102,90,108,125,107,103,101,76,84,83,77,79,77,104,93,103,103,106,101,97,102,106,121,136,106,110,138,147,148,138,138,128,145,133,152,169,164,171,135,172,140,146,120,94,93,100,83,103,91,81,78,65,57,66,64,70,44,45,45,41,36,30,21,12,17,15,11,11,11,6,4,2,4,2,2,1
대전광역시 서구 용문동(3017055000),5877,5877,24,20,23,28,28,31,34,28,30,38,28,40,29,19,26,30,24,30,30,55,48,70,68,85,101,131,148,160,170,162,144,153,114,99,113,80,114,87,91,124,102,84,92,70,96,89,73,91,87,77,102,73,76,100,72,91,84,76,67,87,83,87,84,78,80,69,76,89,46,63,56,55,52,43,44,31,28,31,23,41,28,22,22,16,20,14,7,11,9,4,1,7,2,3,4,0,2,0,0,0,0,6444,6444,27,29,20,31,30,34,30,29,27,21,26,27,31,23,32,21,23,30,33,41,52,73,90,124,151,152,193,172,183,160,147,130,114,101,79,73,100,87,97,94,89,81,76,71,81,62,71,93,90,109,81,78,102,101,91,96,88,96,82,81,113,98,103,101,89,90,97,78,80,75,76,54,50,65,47,61,39,60,42,47,48,29,35,42,29,23,20,13,25,15,9,9,7,6,5,2,2,0,1,0,3
대전광역시 서구 탄방동(3017055500),13050,13050,75,74,54,84,91,106,108,80,90,90,111,97,90,116,137,123,124,147,141,147,155,175,171,179,217,262,345,318,333,339,297,247,261,268,205,216,190,201,228,221,234,172,191,216,199,203,181,205,221,232,233,227,234,236,200,174,192,171,156,184,205,173,181,151,126,133,109,109,88,97,69,58,46,57,44,54,47,43,30,33,40,32,24,23,13,20,19,16,13,10,4,2,2,2,0,1,1,1,0,0,0,14091,14091,54,57,65,56,68,93,82,86,93,95,86,99,118,97,106,108,103,110,123,126,137,201,235,275,280,350,382,355,343,344,300,274,206,210,226,220,200,230,210,219,231,227,218,204,221,212,202,252,282,246,261,258,256,229,212,177,212,234,181,208,208,204,192,141,143,160,134,127,88,97,74,72,59,59,65,74,32,64,62,63,48,48,47,53,29,35,35,25,15,23,21,16,12,5,6,2,5,1,1,0,1
대전광역시 서구 괴정동(3017056000),9398,9398,42,58,40,46,64,60,56,57,54,54,61,68,53,60,71,54,54,66,58,83,76,97,119,158,193,251,276,302,308,319,290,217,242,196,187,152,182,163,146,168,141,160,175,138,141,160,125,142,151,125,145,129,147,142,116,95,92,105,96,112,130,116,112,109,98,73,80,74,70,74,66,51,49,69,45,39,31,28,37,34,32,25,23,15,12,17,11,16,7,6,0,4,3,1,1,1,1,0,0,0,0,9877,9877,51,45,53,45,44,58,53,64,53,64,65,64,46,50,68,54,62,59,64,83,104,158,165,259,321,313,322,297,305,276,264,197,202,140,149,128,128,148,146,139,152,144,135,114,112,125,97,144,169,145,134,152,134,180,117,147,138,108,115,120,127,142,151,116,102,109,100,92,70,72,58,60,58,78,61,51,37,48,34,46,37,31,34,28,22,15,25,12,14,9,12,9,4,9,7,2,1,0,2,2,2
대전광역시 서구 가장동(3017057000),5643,5643,18,19,14,35,32,44,53,56,44,69,38,49,48,43,47,56,48,59,69,51,67,90,67,61,69,83,91,66,84,73,76,84,53,54,76,62,63,78,80,101,88,94,84,83,91,59,74,97,97,88,102,102,94,95,100,85,98,83,79,81,96,106,92,86,83,79,83,81,67,80,45,61,42,55,54,45,41,32,34,51,32,22,19,21,21,15,16,14,8,8,1,3,1,2,1,1,0,0,0,0,1,5982,5982,13,28,26,17,32,39,42,47,38,53,59,52,48,34,57,46,46,58,60,54,76,75,79,62,91,76,73,103,69,77,71,56,60,65,63,56,67,57,63,83,109,72,79,88,88,71,74,89,113,117,111,117,101,118,104,97,85,92,77,89,103,123,110,107,106,83,101,89,97,82,63,56,67,67,68,39,37,40,49,48,41,21,32,23,26,31,19,17,16,12,11,7,9,8,6,2,1,2,1,0,0
대전광역시 서구 내동(3017057500),11296,11296,51,58,55,70,77,87,125,95,122,121,135,131,106,109,142,108,125,125,120,132,139,180,148,147,134,158,197,177,177,152,135,126,119,117,120,119,131,134,131,169,178,195,190,157,175,185,189,173,214,191,224,213,190,203,180,158,161,173,157,189,189,171,163,143,170,147,159,131,104,113,98,106,99,74,103,75,64,54,49,65,69,44,31,42,29,13,18,23,15,11,6,4,4,4,4,0,2,1,0,0,0,12282,12282,42,67,63,78,78,89,114,90,110,127,128,134,122,141,127,138,119,153,144,127,139,139,168,158,170,152,142,148,154,131,129,131,127,97,113,118,134,123,145,163,200,187,210,176,198,211,179,224,231,229,245,250,233,218,186,184,182,182,185,222,200,195,212,200,196,156,160,158,146,135,125,111,111,91,98,78,71,86,70,73,85,48,52,41,39,45,32,41,28,19,22,19,11,6,3,7,3,3,0,1,1
대전광역시 서구 갈마1동(3017058100),11003,11003,40,43,52,46,46,58,69,68,78,79,61,79,70,84,63,97,86,88,105,73,129,146,153,174,219,243,305,272,295,316,260,231,235,201,188,176,176,171,171,176,174,153,162,133,120,141,156,130,180,183,173,174,170,200,147,141,135,157,146,159,166,202,177,138,162,159,140,134,93,86,58,83,83,65,65,57,47,43,35,41,47,35,27,20,18,13,5,11,16,6,5,4,2,2,0,0,0,0,1,0,1,10589,10589,37,48,32,38,46,60,54,60,58,62,49,75,61,55,78,60,91,81,80,97,122,165,198,186,246,244,244,216,232,207,182,193,158,143,145,110,127,142,126,141,164,154,160,134,115,147,150,172,168,148,169,190,160,189,197,150,147,177,155,186,200,228,193,174,183,161,142,147,97,114,90,68,65,72,64,64,42,44,37,63,44,37,46,31,37,27,20,25,20,20,6,11,10,8,7,4,6,0,0,0,1
대전광역시 서구 갈마2동(3017058200),12386,12386,58,51,50,56,57,80,60,79,79,92,90,73,80,101,92,88,104,89,103,111,114,163,201,240,284,336,392,335,359,372,299,291,254,231,221,224,188,177,191,217,182,195,184,174,185,167,159,184,222,202,216,230,194,212,166,164,194,185,165,182,227,179,161,154,129,124,120,91,68,79,68,58,52,39,44,48,23,36,33,39,36,26,23,16,12,10,15,7,10,6,2,1,2,1,1,0,1,1,0,0,0,12331,12331,52,59,61,61,57,62,73,56,64,88,76,72,75,73,111,101,90,102,142,149,164,204,232,272,323,311,328,302,272,304,240,240,201,193,186,148,180,159,148,178,167,200,165,137,164,144,192,175,207,226,233,211,206,238,236,218,179,204,181,199,174,201,177,161,151,125,111,124,77,95,73,67,67,58,42,49,38,37,33,38,40,33,44,32,32,33,25,26,16,15,16,8,6,5,4,3,0,1,0,1,2
대전광역시 서구 월평1동(3017058600),5988,5988,14,14,11,17,17,8,19,17,21,19,34,26,20,28,30,19,29,21,36,41,42,68,93,105,158,219,195,223,207,237,183,145,134,135,97,113,86,84,60,120,86,98,73,79,85,78,99,61,86,92,110,94,108,100,108,76,89,88,83,110,90,93,72,67,78,79,65,56,42,42,28,32,33,41,33,20,21,17,16,23,17,9,13,15,12,6,6,2,4,2,2,0,2,0,1,0,0,0,0,0,1,5237,5237,17,14,21,11,12,21,18,12,19,24,17,19,20,25,28,23,25,22,27,32,59,71,98,140,164,173,170,187,181,135,127,102,90,77,59,61,53,65,78,62,71,61,43,42,53,45,63,61,85,88,84,100,101,85,94,92,94,88,71,87,98,77,84,75,74,61,65,70,43,40,40,49,23,33,24,28,17,22,27,32,26,11,19,18,18,16,12,13,11,7,7,2,13,6,2,4,0,0,1,1,1
대전광역시 서구 월평2동(3017058700),6907,6907,30,23,20,31,32,35,37,54,40,52,50,48,73,51,72,62,66,70,65,69,80,100,73,100,107,105,105,103,87,86,93,82,74,86,73,67,75,72,56,77,69,89,84,72,78,76,89,93,97,105,115,134,135,131,109,120,129,138,124,137,132,158,157,144,144,137,129,124,84,90,69,70,73,55,75,58,34,33,29,53,46,32,33,21,24,18,11,19,13,11,6,8,3,2,5,1,0,0,0,0,1,7664,7664,20,18,21,28,37,51,46,42,47,52,53,53,47,59,67,66,71,49,73,71,68,78,92,76,80,74,88,72,75,89,90,74,68,58,75,68,64,72,69,91,93,89,84,76,80,103,96,105,126,128,139,153,139,167,150,132,138,156,129,142,177,166,175,144,125,128,135,122,97,99,60,88,75,73,69,61,67,67,63,82,85,66,77,61,67,51,43,45,37,28,24,15,25,13,15,5,4,7,1,4,1
대전광역시 서구 월평3동(3017058800),10358,10358,70,61,55,73,91,92,113,102,107,112,126,131,117,138,148,144,122,150,159,145,165,160,172,143,138,146,149,129,124,99,111,135,136,135,112,111,117,128,134,140,132,151,143,152,140,135,129,163,172,183,184,195,196,180,136,147,170,170,150,173,204,211,197,185,179,151,131,124,100,98,62,70,55,50,39,45,41,31,33,33,27,13,23,20,16,21,7,18,8,6,5,2,7,1,2,1,0,1,0,0,0,10754,10754,55,49,69,60,68,95,99,98,106,114,126,129,115,116,138,107,108,116,138,108,110,148,123,104,108,91,109,110,102,152,123,117,115,111,133,130,139,135,145,165,182,160,169,157,154,197,170,181,225,210,211,184,221,213,182,203,195,219,189,211,227,223,220,165,159,141,142,115,81,83,74,61,59,66,49,58,35,38,29,50,42,22,40,37,31,23,36,28,17,22,17,15,10,5,6,5,3,0,2,0,1
대전광역시 서구 가수원동(3017059000),22535,22535,195,200,229,297,343,379,388,371,359,379,340,329,302,311,304,257,231,215,227,177,234,259,287,257,274,258,264,263,276,246,285,276,299,255,312,384,375,413,416,501,496,491,507,404,406,411,401,427,393,410,410,345,331,326,266,277,238,313,251,269,265,289,229,245,222,216,188,186,144,118,107,111,117,87,100,66,45,57,42,63,47,39,48,26,24,23,17,20,10,10,10,2,5,4,1,4,4,0,0,2,3,23374,23374,210,198,227,270,317,370,382,345,350,377,330,315,261,281,303,229,219,229,213,220,210,286,271,234,251,264,267,234,284,300,316,328,344,338,330,364,393,418,483,529,536,528,473,458,445,397,360,416,356,342,372,364,352,377,342,306,271,314,233,295,300,343,298,249,223,221,214,181,145,144,107,108,112,92,87,90,63,74,67,87,77,61,58,48,35,44,38,37,30,26,15,12,17,11,13,5,5,3,4,0,3
대전광역시 서구 관저1동(3017059600),7365,7365,53,47,53,50,44,62,78,70,74,84,77,70,81,73,91,71,71,87,75,120,99,131,137,136,138,129,138,130,114,126,107,102,89,119,97,88,93,87,97,111,100,96,95,93,95,97,107,103,123,107,139,140,130,131,120,137,116,137,99,115,133,130,117,97,73,78,85,65,50,56,45,30,37,36,36,39,20,29,34,26,35,16,22,19,19,9,12,7,7,5,7,1,1,8,0,0,0,0,1,1,0,8106,8106,45,71,50,55,42,52,61,58,59,72,72,53,69,62,85,73,60,86,88,93,141,150,127,145,142,141,142,149,166,140,121,102,110,84,91,74,110,94,98,108,118,98,112,105,114,112,137,172,133,146,147,162,166,182,132,140,139,145,99,146,144,134,96,89,94,78,72,65,47,54,40,61,66,42,55,46,30,40,45,47,33,33,33,24,34,37,33,24,13,12,5,5,8,5,4,3,5,1,0,1,2
대전광역시 서구 관저2동(3017059700),24169,24169,205,216,245,260,298,352,351,328,304,356,347,324,267,272,326,279,282,327,348,314,342,409,344,390,346,323,296,290,288,332,279,259,302,305,333,369,382,436,439,517,485,496,445,401,390,391,409,462,470,469,490,453,439,451,381,371,354,306,270,295,296,257,225,207,172,182,185,147,116,134,91,83,107,89,79,87,40,72,43,76,57,29,34,32,16,24,25,16,12,9,4,4,3,2,0,2,0,1,1,0,0,25393,25393,185,194,231,263,265,302,330,350,296,373,320,267,276,262,304,304,273,289,345,343,323,380,354,343,320,310,300,268,313,312,310,311,339,362,338,409,400,398,475,483,493,512,469,444,439,467,497,533,556,531,471,514,483,493,393,315,301,319,279,315,267,295,255,223,223,227,181,185,131,136,138,116,123,114,97,84,67,81,83,88,72,59,63,58,53,53,60,56,31,29,25,18,15,10,10,7,10,1,3,1,1
대전광역시 서구 기성동(3017060000),1901,1901,2,3,2,5,6,8,5,10,7,10,9,11,5,9,5,9,8,14,8,6,8,14,15,18,13,22,21,16,12,12,9,19,8,16,17,13,17,7,16,17,27,23,22,19,16,17,28,27,27,31,30,33,31,41,35,29,41,34,37,52,44,54,45,48,44,40,37,52,38,42,27,36,34,29,30,18,23,24,18,21,31,20,25,16,13,11,9,13,7,4,2,3,0,3,2,2,1,2,0,1,0,1778,1778,0,1,2,0,3,6,3,4,7,6,8,7,9,5,9,8,4,12,4,14,6,11,5,13,11,12,5,17,20,16,15,12,8,9,13,6,9,14,12,13,10,18,21,18,12,16,17,20,16,14,10,19,26,33,29,24,41,36,27,39,39,36,36,30,38,38,35,38,22,33,28,30,24,35,35,26,26,27,27,47,36,19,35,31,26,35,24,20,20,15,18,9,9,10,9,9,3,3,3,4,5
대전광역시 서구 둔산1동(3017063000),8196,8196,22,21,18,37,62,73,114,142,137,157,162,179,189,225,194,170,149,178,165,134,126,124,89,77,89,81,75,54,49,52,51,43,32,40,46,48,62,50,58,93,121,143,172,162,162,188,187,191,203,196,228,183,201,153,134,101,91,88,77,96,93,90,75,79,70,55,59,61,58,45,37,52,36,59,42,42,33,36,19,29,31,25,26,17,14,15,10,12,6,4,6,4,4,3,2,2,0,0,0,0,1,8445,8445,8,25,30,28,54,70,108,115,121,168,165,170,167,187,177,170,143,157,157,112,89,99,84,78,60,61,70,72,55,63,53,38,41,48,52,65,64,85,103,137,181,189,252,209,220,249,234,215,205,200,195,164,154,146,135,86,70,66,66,77,84,90,84,60,51,78,67,48,51,58,56,52,56,47,43,42,27,38,33,43,36,35,28,26,18,19,20,23,11,9,18,9,7,3,3,2,1,3,3,1,0
대전광역시 서구 둔산2동(3017064000),17105,17105,125,130,134,124,132,190,163,178,189,183,174,184,184,197,216,193,206,237,245,243,267,308,267,252,228,236,268,261,219,261,250,256,252,266,260,218,243,230,260,283,313,277,254,229,205,278,251,285,303,359,339,347,330,340,304,292,276,250,215,264,265,261,222,193,187,171,168,147,131,118,85,90,86,55,55,54,38,43,32,53,35,28,32,24,34,14,18,11,6,8,6,2,1,2,3,3,0,0,0,0,1,18267,18267,123,100,119,134,150,149,154,175,185,191,175,190,171,178,185,187,186,203,236,211,205,258,250,260,304,253,273,300,253,288,305,259,280,246,259,265,249,248,310,310,290,292,299,311,317,296,350,332,401,397,406,413,370,392,354,264,292,292,223,261,273,268,224,187,207,177,164,144,117,98,86,70,81,72,67,56,50,59,51,63,52,50,49,36,36,34,31,27,29,20,13,14,10,6,6,2,3,3,2,0,1
대전광역시 서구 만년동(3017065000),6389,6389,43,46,37,47,52,36,52,43,43,45,59,67,50,66,66,63,56,64,77,69,86,92,93,149,132,149,169,149,162,145,134,117,113,134,107,104,79,70,104,88,85,95,89,70,88,71,76,89,119,126,132,134,103,123,97,82,110,103,83,98,97,94,92,80,67,60,56,45,42,38,26,30,27,22,26,14,13,12,15,15,21,12,8,8,10,7,5,4,2,4,0,2,3,0,1,0,0,0,1,0,0,6308,6308,41,51,35,46,36,50,41,55,48,42,42,50,37,57,83,68,57,67,75,64,60,73,78,86,102,100,112,128,114,119,134,90,103,122,101,78,78,74,95,88,75,98,91,75,92,116,104,136,127,121,128,129,127,118,122,119,127,115,102,99,96,116,85,72,62,65,38,55,36,54,27,25,22,35,28,21,20,28,22,22,32,14,17,18,11,18,11,14,5,9,6,7,3,3,5,1,2,0,1,1,0
대전광역시 서구 둔산3동(3017066000),9511,9511,30,38,32,31,46,59,69,82,99,106,119,137,146,160,177,158,142,171,152,129,168,173,155,120,135,131,137,119,127,96,103,80,68,83,62,74,71,82,77,116,96,100,117,144,149,142,143,158,168,212,205,205,193,222,159,171,159,153,136,136,151,172,137,116,127,112,114,104,101,80,63,88,82,62,87,72,40,56,27,45,42,27,23,28,20,30,16,11,17,12,4,5,5,3,3,1,0,0,0,0,0,10156,10156,22,23,30,44,50,60,51,76,76,100,108,145,122,141,157,141,129,164,113,121,117,112,133,124,140,120,100,110,112,90,119,84,66,49,68,66,90,79,99,126,129,161,156,191,192,192,182,213,239,214,223,230,215,178,168,161,142,142,134,159,153,170,172,138,146,151,140,145,100,96,77,88,84,114,91,79,47,58,61,67,66,47,48,43,43,38,29,39,27,26,21,12,6,10,4,4,3,2,4,0,9
대전광역시 유성구 (3020000000),177825,177825,1256,1231,1440,1483,1693,1866,2022,1982,1910,2062,2060,1965,1876,1963,2059,1923,1840,1951,1977,2018,2049,2479,2488,2728,2815,3018,3089,3167,3083,3189,3003,2846,2908,2901,2833,2723,2723,2693,2826,3132,3125,3072,2958,2703,2839,2829,2863,2969,3062,3089,3224,3164,2962,3046,2661,2732,2450,2457,2234,2427,2600,2461,2361,1894,1926,1797,1652,1467,1149,1156,901,864,868,774,690,619,472,433,454,525,433,306,342,281,269,203,168,133,121,102,79,47,35,43,21,14,14,6,4,2,3,174062,174062,1149,1167,1301,1384,1595,1772,1973,1891,1860,1880,1910,1852,1836,1834,1940,1808,1642,1767,1819,1776,2043,2310,2387,2441,2534,2463,2473,2398,2460,2680,2567,2463,2425,2415,2486,2513,2547,2523,2778,3185,3316,3141,2982,2897,3042,2855,2907,3060,3338,3134,3180,3131,3131,3164,2713,2465,2497,2538,2195,2418,2664,2638,2386,1976,1906,1703,1726,1500,1124,1174,951,868,869,845,741,681,540,634,608,713,661,511,542,530,459,450,434,367,316,268,204,180,150,132,80,60,36,20,22,18,24
대전광역시 유성구 진잠동(3020052000),12852,12852,57,59,78,95,98,105,125,114,108,115,110,123,114,118,132,109,139,144,164,157,157,196,159,180,191,171,181,191,181,171,150,151,145,127,146,153,147,150,144,200,201,205,190,184,219,187,222,265,223,241,273,279,272,259,245,243,207,231,189,227,243,229,210,177,176,176,158,138,110,102,85,96,86,82,72,76,45,49,49,72,52,41,44,30,35,24,19,15,16,7,7,3,2,3,2,1,2,1,0,0,0,12237,12237,51,65,67,66,82,111,108,93,127,118,123,105,87,107,121,96,109,96,138,120,138,192,166,138,159,132,144,135,153,153,116,109,115,83,102,120,128,127,138,180,189,189,183,163,175,196,205,215,269,220,258,235,259,263,230,205,230,237,180,197,260,215,204,185,184,167,161,155,103,129,97,83,92,103,83,65,60,76,76,85,76,50,67,69,55,52,68,37,34,33,26,19,16,9,7,9,2,2,3,2,2
대전광역시 유성구 학하동(3020052600),8775,8775,91,82,85,76,86,103,113,103,80,97,83,87,74,70,61,58,39,54,60,59,81,125,171,187,229,170,153,138,130,137,146,127,137,122,111,132,150,157,149,174,156,171,124,153,131,116,115,122,140,121,122,128,131,131,112,131,124,146,117,129,180,150,165,146,125,104,117,86,79,61,52,59,40,28,40,31,27,25,18,20,21,12,13,13,6,12,8,6,11,3,5,1,1,1,0,1,0,0,0,0,1,8265,8265,78,79,86,71,86,106,100,87,90,87,95,63,77,68,51,55,43,48,53,81,92,141,125,97,104,95,96,97,101,123,134,128,116,141,127,121,149,118,149,179,157,145,130,127,115,113,111,122,133,126,140,135,131,138,122,143,145,164,145,180,163,177,172,114,125,81,92,78,57,47,33,40,28,34,30,19,23,25,18,28,25,22,14,21,17,21,19,18,15,5,13,7,12,2,5,1,2,1,0,0,2
대전광역시 유성구 상대동(3020052700),11902,11902,96,77,142,127,150,198,208,178,176,195,207,185,198,194,181,173,146,151,181,145,139,130,129,123,145,138,115,111,105,102,97,114,128,126,140,138,160,198,218,227,220,237,246,222,218,199,227,212,229,227,233,221,191,191,166,190,174,156,144,159,170,181,165,126,149,117,126,97,72,67,46,49,40,53,41,30,24,17,27,25,21,14,12,20,14,13,11,4,2,6,3,2,1,1,1,1,1,0,0,0,0,12471,12471,87,90,117,125,161,165,207,182,190,202,172,200,167,154,178,172,152,154,136,114,132,130,124,117,106,104,115,113,105,118,143,136,133,157,170,170,191,205,206,289,294,256,270,220,242,244,245,247,273,242,210,215,222,207,200,158,180,201,150,170,205,189,180,140,117,109,94,79,70,77,53,49,58,39,47,38,26,27,34,27,27,27,28,26,22,18,24,11,14,16,5,21,7,13,4,5,6,1,2,1,0
대전광역시 유성구 온천1동(3020053000),13792,13792,51,63,52,46,37,50,44,28,28,37,34,37,37,35,42,43,56,42,82,98,100,179,181,225,276,334,448,461,499,505,463,406,411,354,349,258,247,207,218,253,208,177,178,163,177,172,168,182,177,195,198,236,201,199,201,248,185,200,182,222,229,237,179,171,169,167,154,126,106,113,83,68,85,77,72,60,51,59,56,61,46,34,39,43,30,15,15,9,6,15,10,6,4,4,2,2,2,1,0,1,0,12929,12929,46,47,40,46,47,35,38,41,35,34,38,36,34,39,55,34,57,42,51,80,154,180,255,335,380,398,437,427,432,435,382,294,282,254,203,190,186,167,154,169,179,161,116,122,161,126,141,134,165,180,175,194,204,207,206,203,181,196,159,203,227,205,180,148,182,140,148,125,102,110,91,82,102,89,102,91,54,65,74,75,88,43,66,49,35,44,40,37,35,23,10,14,13,13,6,4,0,5,3,3,4
대전광역시 유성구 온천2동(3020054000),20695,20695,115,133,137,163,173,185,214,184,159,187,130,144,142,158,172,171,145,153,169,219,221,354,428,571,628,641,620,583,478,462,407,361,350,352,323,318,329,315,311,322,329,314,267,261,262,265,249,270,265,296,297,283,276,304,243,274,254,278,262,288,288,295,301,248,265,226,214,191,155,162,125,121,111,103,100,71,65,55,56,58,46,45,32,26,31,29,29,14,15,14,15,4,4,12,1,2,1,0,1,0,0,18992,18992,117,125,137,167,181,187,195,189,161,171,141,151,141,147,139,127,132,142,149,215,319,368,456,386,424,383,336,307,287,302,288,247,253,253,270,307,271,274,282,291,316,301,278,251,248,257,234,256,310,303,273,311,296,328,289,258,271,309,265,291,332,347,330,270,238,245,199,184,144,129,115,117,100,106,86,95,71,68,70,80,53,70,64,53,55,46,51,44,34,30,32,18,9,17,12,7,6,0,1,0,1
대전광역시 유성구 노은1동(3020054600),10740,10740,83,66,76,82,95,104,121,148,132,144,160,130,155,149,161,163,148,141,162,156,125,130,150,147,115,155,166,138,147,159,149,150,160,180,157,136,140,137,153,175,178,211,161,180,233,198,200,202,207,199,231,198,201,197,167,157,173,134,123,125,136,124,127,104,81,72,89,72,60,73,57,40,53,51,43,36,29,33,26,37,32,20,32,16,18,8,10,11,9,5,3,2,2,1,2,1,3,1,0,0,1,10903,10903,87,66,69,90,82,88,116,105,134,126,152,152,144,148,156,140,136,143,139,134,111,135,136,127,124,144,131,133,127,163,161,156,150,129,136,133,124,150,178,183,215,214,221,221,227,214,185,234,229,213,259,197,200,197,182,134,130,118,114,126,136,127,122,96,80,94,114,100,57,86,67,60,46,53,38,51,51,53,26,43,51,24,33,32,35,26,27,13,20,17,9,9,13,7,4,2,3,1,3,2,4
대전광역시 유성구 노은2동(3020054700),11923,11923,78,83,103,93,120,127,119,125,138,145,181,155,167,172,202,169,160,173,151,170,182,174,176,160,148,179,145,157,137,127,121,123,149,154,151,124,143,151,182,174,196,216,184,194,175,202,219,252,240,219,255,228,243,235,200,180,185,155,178,163,188,149,165,116,112,120,91,87,64,72,64,55,80,48,54,60,38,31,34,42,36,30,33,33,23,18,13,13,15,11,4,7,3,2,1,1,2,0,0,1,0,12299,12299,63,62,68,87,95,109,137,121,153,129,154,145,142,164,189,186,138,158,162,164,154,168,166,178,166,116,137,128,122,144,130,136,116,125,142,128,151,147,177,213,223,226,248,233,245,204,251,262,288,228,260,258,262,238,208,172,166,165,133,161,164,180,136,151,97,95,138,99,82,76,76,69,81,60,53,62,43,61,52,62,75,45,43,47,47,27,34,26,28,14,16,17,14,7,5,8,3,0,1,3,1
대전광역시 유성구 노은3동(3020054800),18172,18172,155,157,173,207,253,254,278,296,287,290,252,278,238,251,235,234,194,236,206,194,231,220,229,195,174,179,191,175,142,191,173,208,195,247,250,272,302,311,343,375,439,380,383,324,329,361,356,364,322,350,337,333,282,286,253,255,223,224,188,224,228,234,225,173,179,173,159,151,102,121,93,107,86,77,76,62,52,42,54,52,40,31,33,27,23,18,11,17,9,9,6,5,2,2,6,1,0,1,1,0,0,18930,18930,146,168,169,203,232,256,283,278,260,255,268,244,272,203,246,211,188,233,206,159,201,197,180,200,181,154,161,158,142,179,200,246,238,245,283,337,329,343,369,422,451,417,359,363,376,364,389,336,383,364,355,337,311,347,254,250,221,251,219,216,257,280,246,199,201,173,170,157,133,124,106,98,81,99,72,66,43,56,57,58,48,43,50,41,31,44,27,24,26,24,18,16,16,13,7,6,4,3,1,1,3
대전광역시 유성구 신성동(3020055000),13654,13654,108,128,136,137,164,160,159,172,155,156,154,169,144,148,147,136,153,150,129,138,133,181,139,158,188,230,273,297,315,320,314,307,370,348,328,328,276,237,213,234,201,238,214,188,194,230,206,191,225,205,223,221,193,219,186,178,126,165,142,149,155,146,164,95,117,116,99,84,70,68,60,40,53,39,31,37,25,23,29,32,22,20,15,13,16,20,2,6,8,4,7,4,2,2,2,0,0,1,1,0,0,12409,12409,115,107,135,114,147,161,168,146,114,154,123,151,136,154,133,130,123,125,138,124,131,118,132,190,177,218,204,230,221,239,240,231,243,258,255,241,245,177,242,234,224,228,198,210,201,199,175,224,188,219,204,196,212,197,153,157,158,157,123,137,152,146,129,106,108,103,100,85,45,58,52,44,42,39,36,35,25,28,32,27,30,33,29,41,19,27,26,30,17,29,17,9,4,8,5,3,1,2,2,1,0
대전광역시 유성구 전민동(3020057000),13802,13802,108,97,122,109,124,119,157,139,157,158,172,150,140,147,161,148,163,156,166,181,165,197,179,182,180,232,268,296,313,341,323,285,242,264,227,244,219,209,219,232,182,198,194,181,206,212,184,192,212,225,233,249,247,241,182,208,183,202,204,198,212,187,181,158,161,135,115,108,92,82,52,53,53,43,44,41,19,24,16,28,24,12,22,15,18,11,10,12,7,9,9,7,4,8,3,2,0,0,1,0,0,13158,13158,116,98,108,108,106,122,125,134,136,119,154,139,150,146,160,164,158,161,166,128,137,172,141,185,191,207,215,202,222,243,210,201,215,185,198,196,204,176,169,225,217,220,206,217,226,198,213,210,247,238,234,266,243,247,234,210,216,209,188,199,213,186,159,136,153,114,108,100,78,66,48,47,40,41,41,33,27,37,32,50,40,31,30,32,39,44,29,40,28,25,14,15,15,17,10,4,2,0,1,1,2
대전광역시 유성구 구즉동(3020058000),13868,13868,86,89,96,87,105,122,125,146,146,134,160,144,125,154,173,141,142,182,159,156,168,217,214,225,234,230,217,258,262,264,245,212,231,206,222,203,190,189,183,204,237,251,240,179,220,212,210,231,242,249,284,272,239,265,270,254,248,229,178,206,218,204,176,141,124,136,112,104,86,78,74,53,60,60,45,45,36,32,34,48,41,20,34,18,25,19,22,13,15,10,7,3,6,5,0,1,1,0,0,0,0,13227,13227,64,78,96,84,106,123,126,157,120,114,162,123,141,138,158,157,122,139,151,153,157,180,171,178,187,186,178,177,189,201,187,176,191,165,168,149,157,158,197,210,247,226,203,204,234,204,224,244,252,244,254,245,275,288,217,214,218,177,176,187,176,204,158,124,133,123,128,130,70,104,79,68,92,82,63,53,58,59,66,88,65,53,55,59,61,47,48,40,36,21,14,12,16,10,9,3,3,4,3,1,2
대전광역시 유성구 관평동(3020060000),14626,14626,79,80,102,135,149,181,183,194,175,220,246,208,208,218,255,249,230,239,243,230,221,242,193,209,162,211,185,201,192,203,193,183,176,176,194,172,195,181,228,255,260,236,284,221,233,255,279,276,356,315,343,337,305,313,274,247,183,174,172,173,175,147,153,115,145,114,101,98,51,67,55,47,46,44,29,28,21,21,23,18,26,9,10,6,12,6,9,6,3,4,0,0,3,0,0,0,1,1,0,0,0,13933,13933,64,77,98,92,133,150,200,207,204,209,179,202,186,223,232,223,182,216,216,207,197,205,207,166,183,160,168,119,153,159,144,172,138,169,159,181,173,214,223,263,271,253,286,271,326,280,326,338,356,319,311,301,299,249,198,174,171,148,156,134,158,152,146,134,96,106,97,71,82,71,44,38,36,40,39,30,21,26,28,34,29,27,27,27,17,20,20,27,12,13,13,7,7,5,2,6,2,0,0,3,0
대전광역시 유성구 원신흥동(3020061000),13024,13024,149,117,138,126,139,158,176,155,169,184,171,155,134,149,137,129,125,130,105,115,126,134,140,166,145,148,127,161,182,207,222,219,214,245,235,245,225,251,265,307,318,238,293,253,242,220,228,210,224,247,195,179,181,206,162,167,185,163,155,164,178,178,150,124,123,141,117,125,102,90,55,76,75,69,43,42,40,22,32,32,26,18,23,21,18,10,9,7,5,5,3,3,1,2,1,1,1,0,0,0,1,14309,14309,115,105,111,131,137,159,170,151,136,162,149,141,159,143,122,113,102,110,114,97,120,124,128,144,152,166,151,172,206,221,232,231,235,251,273,240,239,267,294,327,333,305,284,295,266,256,208,238,245,238,247,241,217,258,220,187,210,206,187,217,221,230,224,173,192,153,177,137,101,97,90,73,71,60,51,43,38,53,43,56,54,43,36,33,26,34,21,20,17,18,17,16,8,11,4,2,2,1,2,0,3
대전광역시 대덕구 (3023000000),89181,89181,388,414,428,439,497,515,590,657,670,695,726,747,745,774,842,806,774,905,958,938,1111,1238,1355,1337,1375,1336,1380,1347,1331,1366,1264,1151,1158,1044,1081,1029,987,1013,1098,1229,1296,1196,1284,1185,1238,1197,1293,1513,1638,1534,1711,1771,1864,1882,1687,1657,1671,1644,1352,1644,1781,1830,1541,1409,1417,1286,1224,1107,789,848,778,705,634,676,596,562,415,417,405,511,404,264,288,274,237,196,144,115,101,69,46,39,24,17,17,10,2,3,2,0,3,86276,86276,376,378,442,465,473,585,593,549,610,703,683,670,628,744,756,732,712,779,885,877,1041,1102,1077,1149,1112,1130,1107,1042,1059,1025,957,881,886,851,833,857,877,843,949,1029,1147,1139,1146,1089,1186,1199,1292,1386,1573,1574,1681,1695,1768,1886,1668,1537,1570,1607,1328,1713,1732,1840,1632,1363,1370,1275,1257,1217,872,974,768,710,773,780,732,604,484,567,563,723,628,455,484,445,365,398,306,294,211,180,168,108,85,79,67,37,23,18,21,11,26
대전광역시 대덕구 오정동(3023051000),7650,7650,30,30,21,20,36,18,35,31,38,37,53,44,51,53,54,37,38,59,59,92,76,101,127,141,169,134,129,122,133,124,102,98,100,82,79,88,69,77,71,93,103,81,97,96,99,97,107,117,128,130,134,130,165,163,129,140,150,136,117,142,162,181,163,157,149,128,129,113,89,91,99,81,56,86,67,70,61,47,37,56,41,27,29,19,31,11,13,16,6,7,5,3,1,2,1,0,1,1,0,0,2,6826,6826,25,18,15,34,24,38,36,23,27,43,37,43,43,38,44,36,36,29,57,81,109,156,121,131,95,88,100,87,93,75,66,59,62,73,53,81,66,55,60,58,63,68,90,63,77,81,85,92,80,100,95,106,108,138,111,111,140,158,118,136,171,171,149,135,140,140,102,126,97,106,81,85,81,82,83,68,40,57,42,67,57,44,37,29,29,26,26,23,15,15,14,13,5,5,9,3,6,2,3,3,4
대전광역시 대덕구 대화동(3023052000),3624,3624,8,8,5,9,12,14,12,19,19,18,26,23,24,25,34,20,17,31,31,23,40,40,48,41,38,44,54,45,44,56,44,64,37,39,45,28,34,35,33,52,48,74,44,49,55,43,49,72,61,72,89,77,85,69,68,69,68,71,50,55,84,83,74,79,64,68,75,64,49,51,65,43,30,25,30,30,28,25,16,26,30,13,12,15,9,10,4,3,3,1,1,4,2,0,1,0,0,0,0,0,0,3238,3238,6,11,9,6,13,13,13,10,17,21,20,16,17,23,23,17,21,19,15,30,23,29,38,33,35,42,43,25,30,31,37,27,30,30,28,36,36,42,36,50,51,37,49,30,41,46,36,48,51,50,56,70,51,66,63,49,53,61,41,80,75,63,88,52,57,74,57,67,43,54,35,32,39,53,36,39,34,27,26,33,37,23,26,21,14,18,18,11,9,7,6,7,7,3,3,6,3,1,1,1,2
대전광역시 대덕구 회덕동(3023052500),6189,6189,14,20,20,26,31,26,33,34,42,40,46,52,50,43,50,56,53,53,40,49,64,61,76,86,64,72,77,78,78,90,77,70,67,62,49,78,56,57,63,74,86,72,62,78,87,80,85,91,108,108,133,116,121,129,116,105,120,116,111,147,133,136,134,120,122,135,118,106,59,81,70,67,63,72,66,43,36,40,49,54,40,30,26,21,25,22,15,14,12,9,8,5,4,3,1,2,0,0,0,0,0,5982,5982,20,17,29,28,26,38,23,36,37,39,39,35,39,47,41,45,43,53,38,59,62,57,46,53,69,65,73,70,63,69,57,50,47,45,47,55,43,56,50,56,80,79,69,48,73,65,80,84,109,90,115,85,104,143,108,99,103,97,110,123,137,179,144,111,108,107,112,117,69,100,61,62,70,67,73,49,46,58,51,77,52,54,68,48,37,49,30,24,23,18,17,4,9,10,5,2,2,0,1,0,2
대전광역시 대덕구 비래동(3023053300),8035,8035,32,26,37,40,36,55,47,53,54,53,65,68,68,82,90,78,72,109,105,102,99,117,115,118,118,116,114,113,111,117,116,83,75,77,87,84,79,78,81,111,101,98,123,98,106,99,119,130,165,144,159,181,175,178,146,139,148,152,121,143,168,160,123,123,136,123,122,120,80,74,65,85,80,76,57,50,27,40,34,54,40,28,31,29,31,11,14,11,11,9,5,4,1,3,2,1,0,1,0,0,0,8103,8103,17,28,24,33,36,46,58,54,54,64,63,62,61,62,85,63,66,79,88,91,112,94,91,116,122,104,119,75,71,90,82,56,64,60,70,55,70,53,94,93,94,109,105,110,108,105,115,136,155,162,170,164,175,185,156,163,159,126,134,170,172,172,174,139,152,136,144,129,86,109,68,67,81,66,80,58,54,74,53,70,58,32,47,41,28,38,26,32,13,17,20,14,3,9,4,3,3,3,1,0,1
대전광역시 대덕구 송촌동(3023054300),13306,13306,53,64,58,65,77,94,101,121,128,147,147,159,153,171,169,204,172,208,251,180,238,270,237,213,203,226,196,205,152,169,141,122,122,109,134,134,118,115,153,166,169,172,193,176,201,196,207,247,252,248,308,320,314,320,315,279,274,244,189,242,265,230,200,134,160,150,135,106,75,75,66,49,63,54,51,54,34,33,44,52,54,31,33,24,26,30,18,16,13,4,4,4,2,1,2,3,0,0,0,0,0,13661,13661,66,59,77,80,77,98,114,99,118,148,139,158,140,194,175,217,156,192,204,179,208,205,216,196,199,193,167,169,152,133,110,119,101,119,113,112,119,128,154,162,208,208,223,215,242,236,275,289,326,335,350,340,330,336,271,253,252,245,193,230,227,212,188,154,150,114,115,96,85,89,75,62,77,68,55,73,48,48,52,88,59,47,50,50,38,40,36,31,26,21,18,12,10,7,10,2,1,2,0,1,2
대전광역시 대덕구 중리동(3023054600),10100,10100,33,31,42,26,47,36,45,60,56,62,68,80,71,77,85,81,86,85,92,102,120,119,158,148,170,180,209,187,177,163,183,144,130,122,127,98,117,98,108,136,138,127,148,127,135,144,154,186,222,188,203,207,208,209,179,188,179,203,181,175,177,222,189,174,186,126,135,126,99,90,77,80,77,86,69,69,50,54,49,68,32,31,36,40,25,23,10,9,11,7,4,4,3,1,0,0,0,0,1,0,0,9384,9384,36,32,33,46,29,61,41,46,43,60,67,50,62,61,74,71,69,73,77,104,104,144,137,136,131,141,139,146,132,119,110,104,97,82,83,81,90,72,106,107,100,119,108,140,126,118,154,150,165,168,182,163,186,189,157,178,192,191,172,205,190,201,185,202,167,153,164,160,99,90,79,86,99,98,74,72,58,64,70,71,66,56,38,52,42,43,24,30,21,14,13,10,10,6,8,4,1,0,1,3,1
대전광역시 대덕구 신탄진동(3023055000),7288,7288,30,35,33,40,37,42,48,45,46,51,52,49,45,47,58,81,61,57,68,74,78,88,99,107,97,104,124,100,116,129,123,105,147,106,113,92,72,107,108,108,109,76,92,86,92,84,105,130,110,128,117,131,146,157,137,127,132,140,109,141,140,150,130,103,105,102,108,98,58,87,75,66,63,52,59,44,42,34,38,50,53,16,32,30,14,13,17,8,14,5,4,0,1,3,2,1,0,0,0,0,0,6834,6834,37,38,34,33,40,39,53,39,50,48,48,55,31,47,48,38,46,46,66,60,63,71,69,92,95,88,76,85,99,90,101,94,83,72,70,70,84,73,66,76,103,79,69,84,79,95,113,103,105,92,124,122,151,154,104,143,112,133,96,135,136,164,115,103,113,111,111,121,85,96,62,67,61,60,69,43,37,45,58,77,62,36,38,34,34,45,19,26,19,18,14,7,5,10,9,4,1,1,1,1,7
대전광역시 대덕구 석봉동(3023056000),8322,8322,75,73,76,86,104,103,109,129,123,122,93,94,84,85,66,60,67,67,75,71,84,95,94,100,111,93,99,96,124,113,119,112,132,129,142,145,149,153,151,176,175,161,180,148,145,141,116,137,138,112,124,143,135,148,115,134,122,132,95,120,146,152,114,94,102,77,84,71,50,66,45,39,36,35,39,36,23,21,21,27,19,18,18,23,9,10,15,6,6,8,5,3,2,1,0,0,1,0,0,0,0,7928,7928,64,73,73,83,85,108,109,109,112,110,98,80,75,69,65,65,68,67,69,58,68,63,76,81,71,79,99,99,118,106,121,123,136,119,136,144,133,144,142,161,144,143,130,105,116,111,112,110,140,138,131,136,150,141,165,115,120,132,83,119,142,142,110,86,84,82,90,63,58,52,42,36,37,35,39,25,28,30,39,25,48,34,25,31,17,18,28,18,13,8,11,8,9,8,2,3,0,1,0,1,0
대전광역시 대덕구 덕암동(3023057000),7246,7246,31,32,35,31,30,38,34,40,37,44,61,40,51,56,65,48,55,71,70,73,87,95,131,117,117,102,119,149,129,143,133,129,105,105,99,71,89,80,84,93,112,98,92,85,105,93,100,137,153,145,145,134,142,174,138,154,144,130,115,129,136,114,107,110,103,79,82,91,66,60,58,49,48,59,51,45,26,32,35,54,29,22,30,21,23,23,14,9,6,4,3,6,3,0,2,1,0,1,0,0,0,6388,6388,33,35,47,23,37,26,28,30,37,39,48,41,41,50,54,56,57,50,74,72,85,78,73,90,87,98,96,95,87,104,82,64,71,63,63,57,75,57,62,65,88,75,83,85,84,101,92,90,124,111,108,114,136,144,139,99,117,113,82,115,108,121,120,105,92,103,79,91,56,70,74,53,56,70,54,46,32,48,53,71,45,34,26,34,37,36,30,27,20,17,14,9,6,4,6,2,4,0,2,0,3
대전광역시 대덕구 목상동(3023058000),3513,3513,14,18,16,19,10,16,22,28,31,26,20,28,25,37,30,24,21,28,31,28,35,41,51,52,57,59,58,67,79,67,72,63,78,55,49,54,60,60,69,57,64,65,72,67,49,65,61,63,75,67,71,57,84,59,57,67,57,60,45,60,55,66,51,40,39,35,42,25,21,20,21,19,19,16,16,21,10,9,8,12,7,8,5,6,8,7,3,0,1,1,0,1,1,0,0,0,0,0,0,0,0,2932,2932,16,10,21,17,21,24,16,19,19,29,31,28,32,36,29,24,16,30,28,25,35,37,43,42,53,47,42,44,40,33,40,40,35,45,28,33,30,30,34,47,40,51,51,45,49,50,39,50,61,47,55,74,42,64,55,48,43,52,47,65,49,68,39,36,48,31,33,26,24,21,24,17,22,23,17,8,8,12,17,14,17,11,10,14,13,10,6,9,2,2,7,2,2,0,4,3,1,1,1,1,2
대전광역시 대덕구 법1동(3023060000),6155,6155,48,45,46,39,36,33,43,37,41,42,44,47,46,45,60,44,58,46,51,54,72,78,83,76,114,84,101,91,91,85,63,88,85,90,78,88,76,78,95,71,97,80,90,78,77,62,83,97,105,77,92,113,117,122,129,118,140,110,101,121,134,133,96,113,112,100,84,80,68,62,63,56,38,49,41,39,36,37,34,25,30,21,15,11,14,15,13,10,6,6,2,2,1,2,4,2,0,0,0,0,0,6891,6891,40,36,42,36,42,42,49,38,43,56,37,49,43,60,46,46,51,55,67,39,69,65,79,83,71,87,76,68,85,95,85,76,83,68,77,74,87,60,73,64,92,84,70,73,83,84,77,81,108,116,136,138,175,152,155,119,135,124,97,141,139,133,150,102,123,100,102,106,90,83,75,66,67,94,80,59,49,50,53,61,60,38,44,49,37,38,26,35,23,23,20,10,6,6,2,2,0,2,4,0,2
대전광역시 대덕구 법2동(3023061000),7753,7753,20,32,39,38,41,40,61,60,55,53,51,63,77,53,81,73,74,91,85,90,118,133,136,138,117,122,100,94,97,110,91,73,80,68,79,69,68,75,82,92,94,92,91,97,87,93,107,106,121,115,136,162,172,154,158,137,137,150,118,169,181,203,160,162,139,163,110,107,75,91,74,71,61,66,50,61,42,45,40,33,29,19,21,35,22,21,8,13,12,8,5,3,3,1,2,0,0,0,1,0,1,8109,8109,16,21,38,46,43,52,53,46,53,46,56,53,44,57,72,54,83,86,102,79,103,103,88,96,84,98,77,79,89,80,66,69,77,75,65,59,44,73,72,90,84,87,99,91,108,107,114,153,149,165,159,183,160,174,184,160,144,175,155,194,186,214,170,138,136,124,148,115,80,104,92,77,83,64,72,64,50,54,49,69,67,46,75,42,39,37,37,28,27,20,14,12,13,11,5,3,1,5,6,0,0
