강원도  (4200000000),"1,539,051","1,539,051","7,187","8,045","8,550","8,711","9,561","10,662","11,469","11,431","11,592","13,029","13,008","13,205","12,335","12,695","14,025","12,665","12,844","13,639","14,116","14,668","16,131","18,334","17,893","18,006","17,915","17,410","17,473","16,980","16,924","17,093","16,739","15,249","15,177","15,044","14,801","15,078","15,849","15,709","18,053","20,436","21,154","20,965","20,943","19,801","20,401","20,359","21,458","23,599","25,583","25,139","26,022","26,828","26,842","27,831","25,601","26,311","25,443","25,760","24,715","28,364","30,869","31,762","30,249","28,186","28,213","25,638","24,279","23,351","18,624","21,632","13,366","13,462","13,338","14,277","14,553","13,782","12,006","12,646","11,953","13,959","12,451","11,144","10,592","9,649","8,096","7,186","6,116","5,124","4,138","3,331","2,667","2,265","1,935","1,520","1,125",778,599,419,348,197,376
강원도 춘천시 (4211000000),"285,202","285,202","1,500","1,664","1,743","1,812","1,935","2,223","2,320","2,404","2,477","2,662","2,696","2,698","2,465","2,595","2,768","2,498","2,470","2,578","2,755","2,946","3,315","3,789","3,821","3,888","3,899","3,759","3,937","3,637","3,662","3,674","3,647","3,317","3,255","3,299","3,132","3,173","3,364","3,283","3,689","4,186","4,256","4,223","4,206","3,863","3,940","3,799","3,981","4,341","4,613","4,793","4,935","4,817","4,894","4,976","4,649","4,544","4,336","4,512","4,323","4,747","5,226","5,019","4,595","4,523","4,558","4,152","3,956","3,681","2,999","3,466","1,895","1,924","1,916","2,130","2,261","2,282","1,896","2,068","1,849","2,231","2,075","1,826","1,696","1,557","1,335","1,194","1,056",856,690,560,438,358,338,270,198,129,91,79,53,28,65
강원도 춘천시 신북읍(4211025000),"7,532","7,532",17,17,25,28,24,35,42,34,35,42,35,44,28,34,51,43,36,56,46,58,52,59,73,59,80,64,88,78,73,71,73,80,58,53,57,57,55,68,68,83,68,80,72,79,75,74,92,100,90,100,111,119,105,140,129,149,129,172,165,176,166,183,169,174,176,158,160,133,114,141,81,82,80,77,96,95,90,97,78,95,116,85,89,80,50,69,59,52,39,36,20,28,25,8,11,6,2,3,1,1,3
강원도 춘천시 동면(4211031000),"19,490","19,490",99,109,139,143,151,232,248,262,280,307,299,294,284,284,262,208,212,200,211,189,234,212,223,204,199,175,205,143,164,156,169,155,187,209,182,197,234,254,285,349,373,374,393,352,340,333,301,364,393,330,347,327,328,309,256,298,268,288,275,309,370,322,308,308,294,252,260,212,159,217,95,90,104,105,120,114,83,86,84,105,84,77,72,79,61,57,45,33,37,30,26,24,16,14,12,12,7,2,2,2,3
강원도 춘천시 동산면(4211032000),"1,439","1,439",2,1,3,5,2,2,1,3,2,3,4,4,5,2,9,6,6,2,12,6,7,10,8,9,8,10,13,8,14,11,9,9,5,8,7,8,10,4,11,12,9,10,6,11,6,14,12,13,11,14,16,16,22,18,13,20,22,32,29,34,55,44,48,57,35,35,40,61,33,49,12,14,18,28,26,22,22,18,14,23,24,29,29,19,18,25,9,10,9,7,4,3,2,1,3,1,1,0,1,0,1
강원도 춘천시 신동면(4211033000),"2,622","2,622",7,5,7,2,7,11,18,16,15,16,14,14,14,17,12,14,13,9,12,15,12,23,19,37,18,32,30,14,29,20,14,22,14,23,21,19,21,13,22,26,19,29,22,27,18,18,23,45,29,26,34,38,59,50,53,55,46,50,56,48,78,66,76,69,72,62,64,62,52,48,35,32,16,24,32,34,20,31,30,41,32,34,30,32,20,20,20,20,13,8,10,6,4,4,3,2,5,1,1,1,0
강원도 춘천시 남면(4211034000),"1,077","1,077",2,1,1,1,2,5,1,1,4,2,2,1,1,2,4,3,4,5,4,4,5,4,7,7,6,4,2,3,6,4,3,3,5,7,4,9,6,3,2,5,7,11,4,6,9,9,6,6,10,13,13,14,15,15,16,15,24,29,29,20,38,31,30,29,49,26,39,21,27,25,16,18,14,25,27,20,17,18,14,21,17,13,17,21,12,17,11,10,5,8,6,3,6,3,2,4,0,0,1,0,0
강원도 춘천시 서면(4211035000),"3,756","3,756",4,5,15,7,10,4,17,12,13,13,12,21,19,17,18,8,18,15,21,21,27,21,23,19,20,26,21,23,20,27,19,27,17,31,14,17,24,31,17,24,21,26,36,26,24,31,29,43,34,48,43,42,58,54,56,69,64,83,85,99,118,118,87,101,118,92,99,110,79,103,47,56,61,56,52,64,43,61,54,55,60,48,50,43,40,26,48,34,32,21,26,14,11,12,8,8,3,3,2,1,3
강원도 춘천시 사북면(4211036000),"2,485","2,485",5,3,0,8,4,2,8,7,13,15,8,22,8,14,7,11,12,17,15,13,17,20,20,17,15,21,16,14,15,11,10,9,9,10,10,11,13,11,14,14,11,14,15,23,15,28,19,32,18,21,29,35,42,37,35,43,50,56,41,59,87,79,73,73,90,86,63,67,64,51,37,32,32,37,34,44,28,40,38,42,43,43,32,29,34,26,18,13,10,5,9,4,1,11,4,3,3,3,2,3,0
강원도 춘천시 북산면(4211038000),970,970,2,0,1,1,1,0,1,1,2,3,0,3,1,1,2,1,3,3,0,1,1,6,5,3,3,5,1,6,1,1,2,6,7,5,1,5,3,5,1,6,3,3,6,8,3,2,6,6,13,7,7,10,13,17,14,18,23,22,31,33,23,37,43,29,33,37,31,25,18,36,23,17,16,17,18,26,19,12,17,26,21,12,14,15,11,6,8,7,11,3,2,4,3,2,1,1,0,1,0,0,0
강원도 춘천시 동내면(4211039000),"17,159","17,159",91,82,91,109,128,144,157,149,147,177,195,175,136,199,189,179,120,164,158,183,183,198,198,192,210,192,238,205,228,225,221,215,198,223,195,208,231,231,227,287,278,293,298,278,252,260,284,277,301,289,307,293,292,308,297,275,243,253,258,284,303,300,252,285,256,233,234,240,166,216,99,111,86,109,91,123,95,103,91,118,105,92,80,73,64,54,59,45,37,31,30,17,16,14,11,8,3,4,3,1,3
강원도 춘천시 남산면(4211040000),"3,426","3,426",4,4,3,4,8,13,7,11,7,11,15,11,14,11,16,14,19,15,14,18,18,21,24,22,17,21,29,18,24,20,26,18,18,18,12,27,23,28,28,36,24,49,35,31,27,37,29,35,37,32,51,44,52,66,63,59,77,70,66,83,98,110,92,99,95,92,98,95,78,92,58,40,53,66,48,60,33,44,36,47,57,42,36,39,26,24,22,21,23,14,14,5,9,8,4,3,5,1,0,0,5
강원도 춘천시 교동(4211052000),"3,517","3,517",8,9,5,5,11,13,10,9,11,9,10,10,8,13,13,15,16,15,24,35,43,99,133,124,119,102,83,74,68,71,73,51,58,35,34,39,26,32,39,36,29,43,27,23,43,38,32,25,38,51,49,44,47,44,50,45,37,50,55,54,61,54,50,43,53,58,48,62,42,62,26,39,27,35,33,32,45,33,38,38,23,24,24,25,22,22,14,21,15,10,7,7,2,2,2,2,1,1,0,0,2
강원도 춘천시 조운동(4211053000),"2,679","2,679",8,7,6,10,6,8,7,6,7,10,7,7,14,12,13,9,10,12,10,14,21,26,25,36,40,32,49,33,42,45,32,43,28,28,29,22,22,15,25,28,36,31,35,28,29,31,36,35,34,34,43,33,47,48,48,44,33,48,45,63,56,56,51,65,50,54,45,63,35,36,32,26,21,39,34,31,34,37,28,39,33,37,23,25,26,21,20,13,12,12,6,7,6,7,5,2,3,3,0,0,1
강원도 춘천시 약사명동(4211054500),"3,383","3,383",23,19,27,24,24,12,23,20,30,23,22,29,17,21,16,17,14,17,23,25,33,33,35,29,45,38,54,46,53,62,58,46,52,35,48,37,47,28,41,44,47,46,47,39,36,43,47,44,49,56,53,52,61,63,47,48,57,48,49,60,60,62,52,41,60,60,57,54,39,45,24,31,25,33,36,33,29,50,38,33,32,29,24,26,22,21,19,10,9,6,9,6,10,4,2,2,4,1,1,0,2
강원도 춘천시 근화동(4211057000),"8,509","8,509",91,104,83,86,88,87,91,90,84,79,80,72,75,55,68,67,51,55,55,60,63,86,59,80,92,98,113,128,128,160,162,165,149,160,153,110,129,125,142,147,123,129,106,99,99,100,90,113,121,123,127,122,121,112,101,120,95,106,146,131,105,121,129,142,141,110,115,99,56,93,64,43,60,54,68,80,61,80,52,77,85,69,52,52,41,46,33,24,19,19,14,13,12,8,5,2,3,3,2,1,2
강원도 춘천시 소양동(4211058000),"9,243","9,243",46,58,64,66,69,80,75,75,88,78,85,73,63,80,61,66,73,82,79,90,94,123,111,123,112,116,126,108,122,127,104,102,107,101,107,111,116,101,141,132,159,148,139,118,140,105,118,115,127,152,150,170,168,152,177,176,153,136,143,166,167,181,147,124,138,139,123,121,104,103,63,63,60,66,93,98,71,77,72,85,71,65,54,51,49,43,37,32,16,16,9,13,11,14,8,1,1,2,2,3,3
강원도 춘천시 후평1동(4211060000),"11,451","11,451",45,32,36,39,39,47,49,44,60,53,82,74,65,76,81,68,79,91,74,122,133,137,168,195,165,163,231,207,221,194,192,148,150,110,106,111,122,110,114,133,119,127,136,141,147,138,126,177,171,184,181,186,146,217,177,191,177,195,181,190,244,233,211,196,221,201,170,199,150,180,78,108,95,114,133,108,84,111,83,124,108,111,80,82,67,61,46,44,25,19,15,15,18,12,13,2,3,3,6,3,2
강원도 춘천시 후평2동(4211061000),"14,537","14,537",90,111,112,119,106,113,111,141,131,156,129,141,107,131,144,134,135,156,151,151,181,200,190,223,226,214,237,224,211,234,202,200,215,224,181,200,171,197,232,207,247,202,207,210,199,181,186,188,224,237,255,237,258,241,240,240,195,228,189,209,241,228,223,183,200,176,184,127,117,129,87,74,84,107,92,105,86,89,94,96,105,89,79,68,63,46,46,40,40,27,24,13,22,16,7,6,0,2,2,3,6
강원도 춘천시 후평3동(4211061100),"20,720","20,720",146,151,149,132,151,181,175,181,184,200,180,171,172,167,200,165,192,200,221,234,237,311,237,246,270,264,262,232,226,267,280,235,258,281,233,263,263,262,259,301,351,318,283,278,270,276,280,304,294,397,362,331,355,354,360,323,307,317,318,336,351,379,340,329,338,307,290,255,227,245,130,138,166,149,158,156,128,154,132,156,135,128,116,114,109,93,71,51,53,41,24,25,22,18,14,5,4,7,4,0,5
강원도 춘천시 효자1동(4211062000),"4,390","4,390",13,21,20,31,23,31,48,36,43,42,43,48,42,36,35,32,22,30,39,36,46,55,53,52,53,49,54,57,44,58,38,34,32,47,35,34,53,45,59,70,66,56,75,57,67,56,67,59,73,62,89,63,81,86,62,70,67,71,63,80,82,81,81,82,67,76,72,53,48,59,30,28,40,41,44,35,44,48,40,37,46,40,26,29,19,30,25,16,13,8,11,7,6,6,3,0,3,2,1,0,2
강원도 춘천시 효자2동(4211063000),"11,978","11,978",26,38,33,32,28,39,23,42,54,53,55,56,42,42,54,59,67,60,67,120,214,271,364,383,366,330,299,267,204,180,186,176,132,131,136,100,110,122,119,126,124,119,118,133,144,121,126,143,151,164,165,195,160,189,179,184,160,172,173,174,195,185,183,200,168,195,202,154,141,161,89,105,84,105,108,130,109,124,116,132,113,90,106,96,83,59,56,47,23,26,22,24,9,13,4,7,2,4,3,1,4
강원도 춘천시 효자3동(4211064000),"4,376","4,376",9,8,14,11,14,11,18,13,13,16,19,15,16,17,28,21,17,33,26,40,40,60,96,108,101,123,124,94,112,96,89,81,69,62,45,54,57,39,43,36,47,39,44,42,40,52,46,52,45,48,70,61,53,75,62,64,70,71,67,65,77,77,95,81,61,66,66,58,50,65,30,35,32,31,48,46,33,41,36,44,45,43,41,48,19,23,22,13,6,7,4,10,8,2,3,2,2,1,2,1,1
강원도 춘천시 석사동(4211065000),"34,498","34,498",140,154,169,169,177,233,251,254,311,326,382,407,386,411,450,398,399,438,441,476,507,525,554,546,504,503,463,473,473,411,422,329,346,334,307,311,327,309,391,461,472,489,536,482,537,473,571,654,663,713,717,714,678,700,631,552,549,577,472,581,592,552,485,466,473,426,363,333,308,337,201,204,225,214,257,234,177,187,189,207,199,177,175,145,143,105,100,88,71,62,40,19,30,31,22,12,8,4,3,1,4
강원도 춘천시 퇴계동(4211066000),"48,669","48,669",255,320,316,332,421,457,492,524,469,556,558,551,514,566,586,561,512,565,613,597,639,742,654,603,641,604,608,613,550,582,611,549,500,520,540,557,608,559,688,804,788,795,794,725,777,757,797,849,894,911,947,941,947,888,826,769,752,750,685,746,810,723,718,662,660,578,550,485,417,442,248,251,233,264,259,268,253,236,238,268,259,214,208,179,179,156,137,105,82,74,50,42,40,28,24,16,14,14,4,3,3
강원도 춘천시 강남동(4211067500),"22,725","22,725",181,168,198,205,196,215,201,195,186,193,200,194,181,154,212,173,183,161,214,212,236,266,255,277,289,290,288,276,309,284,328,288,310,277,334,322,363,347,367,406,385,347,373,310,307,290,311,308,395,378,379,343,426,375,406,357,365,352,370,360,410,428,350,338,366,330,291,303,250,281,139,157,162,149,161,172,142,121,108,152,108,97,103,94,74,62,64,46,31,26,26,26,21,15,14,7,5,11,4,1,9
강원도 춘천시 신사우동(4211070500),"24,571","24,571",186,237,226,243,245,248,246,278,288,279,260,261,253,233,237,226,257,177,225,226,272,281,287,294,300,283,303,293,325,357,324,326,331,367,341,344,330,344,354,413,450,445,399,337,336,332,347,354,398,403,390,387,360,418,351,360,373,336,332,387,439,369,302,347,344,303,292,289,225,250,151,130,122,185,193,152,150,170,129,170,154,138,136,93,83,82,67,61,59,44,30,23,28,17,13,15,9,3,6,2,1
강원도 원주시 (4213000000),"358,647","358,647","2,001","2,190","2,378","2,303","2,693","2,919","3,172","3,058","3,080","3,468","3,563","3,622","3,412","3,458","3,900","3,393","3,314","3,506","3,575","3,635","3,987","4,434","4,421","4,397","4,453","4,557","4,510","4,465","4,660","4,789","4,674","4,260","4,350","4,241","4,170","4,265","4,391","4,463","5,017","5,616","5,705","5,591","5,661","5,119","5,390","5,413","5,465","5,925","6,525","6,212","6,386","6,636","6,480","6,620","5,906","6,104","5,914","5,785","5,348","6,045","6,521","6,315","6,314","5,412","5,518","4,842","4,412","4,209","3,115","4,022","2,439","2,219","2,101","2,257","2,332","2,355","1,875","1,955","1,917","2,292","2,026","1,869","1,775","1,659","1,361","1,250","1,007",899,724,590,483,377,332,260,174,140,109,56,52,34,58
강원도 원주시 문막읍(4213025000),"17,968","17,968",71,75,100,87,101,103,120,94,152,161,144,147,158,141,177,160,144,160,152,169,187,244,242,197,194,183,180,185,209,196,203,125,153,164,194,144,163,185,181,273,261,271,260,243,258,268,288,282,354,342,348,345,366,373,314,346,343,352,293,355,351,337,366,294,299,258,271,242,202,226,159,143,122,140,163,166,129,128,142,152,151,120,108,103,77,87,62,54,55,41,35,29,21,19,6,5,8,3,5,3,6
강원도 원주시 소초면(4213031000),"8,465","8,465",32,29,31,33,31,41,33,36,28,45,45,50,44,37,50,54,30,52,53,54,80,94,88,84,93,89,112,108,95,93,75,91,71,72,57,53,69,54,65,73,74,64,68,84,78,98,89,90,120,114,127,148,151,137,163,171,155,184,194,213,218,243,221,238,230,189,174,163,147,177,98,67,96,80,95,78,70,81,84,103,81,77,62,84,61,51,39,48,32,25,27,26,19,9,7,4,4,3,2,4,2
강원도 원주시 호저면(4213032000),"3,664","3,664",4,7,9,10,8,15,15,14,15,10,12,14,11,8,14,9,16,10,11,14,25,25,37,23,32,35,31,25,34,36,24,23,25,25,22,28,18,15,27,21,24,24,29,34,29,30,28,34,47,39,44,52,58,61,71,74,86,68,72,99,97,117,132,96,101,90,85,96,66,102,40,49,41,50,51,50,34,38,35,71,49,53,48,59,47,40,33,33,21,23,15,10,11,9,6,3,0,1,0,1,1
강원도 원주시 지정면(4213033000),"29,030","29,030",418,490,476,463,496,509,551,444,446,451,440,389,325,322,307,202,168,169,174,182,181,213,214,197,202,251,259,291,355,431,530,532,592,651,663,725,713,776,778,814,750,684,708,551,492,467,438,416,437,340,358,362,345,345,296,313,329,271,277,276,342,322,325,255,268,235,215,194,149,166,108,89,82,79,82,88,60,67,67,68,60,72,57,48,42,51,23,42,26,20,21,15,11,9,6,8,4,3,3,0,3
강원도 원주시 부론면(4213035000),"2,229","2,229",0,3,2,1,4,3,4,7,5,9,10,10,9,7,8,6,7,9,4,20,16,15,11,17,11,14,9,9,7,11,13,10,9,9,9,9,6,9,8,7,10,10,17,9,15,12,13,18,21,22,27,21,26,33,40,31,36,41,40,41,88,66,66,81,84,72,57,58,48,62,53,25,35,41,42,48,36,30,36,49,40,43,28,38,30,32,30,16,11,11,18,6,6,6,2,5,3,3,2,1,1
강원도 원주시 귀래면(4213036000),"2,165","2,165",2,5,4,4,2,5,4,8,3,3,6,12,0,8,5,4,8,7,8,7,13,16,19,15,15,10,13,13,11,14,8,13,12,9,10,5,8,11,8,14,15,13,15,9,14,12,18,14,18,20,29,33,21,34,37,49,44,57,63,62,65,77,79,59,64,57,54,63,48,51,41,37,26,34,40,34,30,34,38,46,32,32,29,36,26,18,20,13,12,12,9,7,4,5,3,5,1,2,2,1,0
강원도 원주시 흥업면(4213037000),"9,302","9,302",35,37,36,36,35,51,58,61,47,58,58,68,68,77,75,62,62,65,64,100,119,132,190,168,188,157,115,122,131,103,101,107,83,67,78,79,90,100,102,99,118,94,126,110,111,105,113,128,162,164,143,155,157,173,143,170,168,168,152,196,191,229,219,187,168,186,151,145,111,128,84,66,65,84,68,75,49,75,52,70,77,77,59,60,52,47,32,40,27,21,23,7,14,5,3,4,5,2,2,0,2
강원도 원주시 판부면(4213038000),"7,355","7,355",27,33,33,32,37,46,53,46,39,46,51,57,67,64,81,51,63,64,60,63,80,94,107,80,85,106,102,92,116,109,135,80,97,80,79,75,84,80,76,103,118,81,110,101,107,113,111,115,133,134,147,142,136,157,117,146,142,152,142,152,155,146,151,123,122,95,85,92,77,90,41,53,48,49,41,47,45,42,31,50,31,51,38,36,23,26,28,19,17,19,8,8,14,12,5,3,0,1,1,2,1
강원도 원주시 신림면(4213039000),"3,579","3,579",5,3,1,7,6,7,8,11,10,7,9,5,4,10,17,9,7,10,14,18,19,15,19,22,18,20,24,21,13,19,18,17,17,20,18,14,14,27,19,24,16,20,21,15,21,23,35,35,34,42,43,56,69,62,54,78,75,99,70,110,107,136,145,124,104,101,93,97,67,91,64,63,56,70,53,59,42,53,40,60,65,43,57,53,38,39,31,21,20,12,8,10,10,7,4,4,3,1,1,0,3
강원도 원주시 중앙동(4213051500),"2,549","2,549",0,1,3,4,6,9,2,8,4,3,7,8,7,11,12,8,11,13,6,12,14,17,14,18,11,15,23,16,18,22,21,11,13,10,16,17,22,21,14,25,25,26,27,23,17,26,22,27,29,26,37,53,46,55,41,48,68,61,48,66,76,75,77,64,77,68,60,59,33,65,33,38,29,32,24,37,28,40,41,39,38,30,28,38,30,23,24,23,11,16,12,4,5,11,4,6,1,1,3,2,0
강원도 원주시 원인동(4213052000),"4,441","4,441",13,12,16,12,27,21,22,12,16,22,23,29,26,32,35,32,32,29,31,32,39,51,52,73,61,72,80,79,65,72,66,49,52,42,40,34,51,38,42,47,52,58,61,48,41,42,43,59,67,51,76,77,81,92,72,81,80,90,83,75,113,123,80,89,93,72,72,74,49,69,30,48,32,51,36,34,37,38,39,35,44,49,24,33,31,32,17,22,21,11,10,11,3,4,3,1,1,0,0,1,1
강원도 원주시 개운동(4213053000),"12,715","12,715",42,48,49,45,57,56,49,74,76,94,107,108,108,110,154,129,119,144,154,139,160,146,162,176,146,165,135,147,167,154,130,118,149,120,94,107,88,96,142,130,139,139,172,137,160,177,164,176,209,202,206,240,247,255,226,250,253,257,215,226,314,261,230,234,240,195,168,185,130,202,134,113,113,108,117,129,99,96,93,121,116,104,84,80,73,74,47,38,44,34,21,23,18,5,6,11,3,2,2,2,2
강원도 원주시 명륜1동(4213054100),"8,334","8,334",15,27,21,36,25,41,39,53,47,64,62,64,54,57,87,81,78,71,73,92,103,118,107,113,113,118,103,88,100,94,96,88,75,78,74,64,60,49,85,81,78,102,100,80,101,94,112,113,136,148,132,157,165,177,154,182,153,154,164,187,176,185,195,160,175,140,109,143,90,134,73,85,76,59,73,87,65,65,70,89,70,58,78,57,39,34,36,35,21,14,12,11,6,8,7,6,5,0,3,1,1
강원도 원주시 명륜2동(4213054200),"16,642","16,642",62,65,63,64,80,90,112,120,102,113,128,172,160,164,185,171,181,191,199,197,216,257,251,238,267,203,222,185,190,207,187,156,164,136,132,138,151,163,175,211,184,224,201,219,222,245,269,277,292,324,305,346,318,353,331,340,329,298,292,313,319,314,304,279,305,246,219,225,163,209,137,112,106,122,114,124,92,93,93,115,113,79,101,78,81,63,54,48,44,30,28,14,24,11,13,7,5,3,3,1,1
강원도 원주시 단구동(4213055000),"44,485","44,485",206,227,279,277,291,349,365,353,371,450,462,458,458,525,553,511,522,559,534,544,606,692,667,659,643,668,678,605,660,685,598,570,537,487,519,516,536,512,586,628,704,733,695,676,760,775,773,844,956,880,915,965,902,845,790,761,717,706,607,695,699,629,619,532,538,512,456,374,275,396,195,207,206,220,228,221,192,207,197,198,181,202,176,143,112,93,96,65,69,45,33,34,24,16,15,7,15,5,2,1,5
강원도 원주시 일산동(4213056000),"8,557","8,557",33,36,34,24,34,32,45,36,46,54,50,55,48,57,58,52,46,68,83,73,85,110,111,158,205,194,195,167,171,189,140,124,109,82,90,73,79,87,74,82,92,77,84,95,81,94,95,106,146,114,99,132,158,153,127,138,134,111,127,158,165,160,168,158,166,152,113,124,98,132,75,80,64,83,90,93,75,75,68,77,62,65,56,76,50,48,32,24,25,15,20,9,11,15,6,4,8,2,0,1,2
강원도 원주시 학성동(4213057500),"4,674","4,674",15,9,11,13,14,15,11,13,27,17,30,32,22,17,26,27,27,21,33,37,50,54,57,53,60,54,56,43,47,43,53,37,37,32,36,42,23,32,39,56,58,43,64,58,54,49,44,73,70,80,57,95,96,98,91,89,87,96,93,94,98,106,116,97,117,104,84,100,74,85,51,47,48,67,46,47,47,37,49,63,60,50,39,29,32,37,30,13,17,14,11,9,11,13,4,2,3,3,2,0,2
강원도 원주시 단계동(4213059000),"28,732","28,732",201,232,207,190,213,208,209,180,198,227,212,219,208,215,231,231,237,246,268,274,325,306,359,366,391,462,474,501,508,491,505,464,460,407,390,427,419,344,396,439,447,400,410,341,385,382,385,389,454,438,530,531,528,579,498,493,550,502,467,564,589,582,541,452,460,419,367,310,247,293,180,169,140,145,170,136,106,139,108,144,117,104,115,95,86,69,64,55,39,44,34,26,16,21,11,11,5,2,2,2,4
강원도 원주시 우산동(4213060000),"13,507","13,507",70,56,82,83,105,106,119,105,100,122,117,121,108,98,133,100,106,112,139,144,185,226,213,227,187,197,182,179,180,172,157,148,154,137,149,145,134,123,186,212,219,240,202,188,199,190,209,198,255,230,229,262,232,242,213,222,188,232,233,226,260,245,281,212,205,217,184,147,111,154,113,77,87,121,109,114,79,80,67,71,82,64,62,67,45,43,35,38,25,13,14,15,8,4,8,7,7,3,2,2,1
강원도 원주시 태장1동(4213061000),"10,310","10,310",45,47,47,60,67,81,95,75,94,116,94,107,100,94,117,97,110,119,116,120,108,125,124,102,128,117,127,111,109,102,95,87,82,110,75,92,108,121,126,158,178,146,146,159,159,156,164,190,205,199,196,172,197,199,180,188,161,180,154,159,190,183,194,160,165,133,147,146,108,135,92,74,75,89,62,85,75,72,70,87,64,74,68,50,42,33,26,24,22,18,19,4,7,3,5,4,4,0,1,2,2
강원도 원주시 태장2동(4213062000),"24,794","24,794",110,122,134,124,170,167,166,225,192,203,237,264,251,247,324,237,236,236,245,258,266,301,282,278,290,302,298,302,290,323,278,259,250,235,239,252,251,277,300,350,347,397,370,353,411,383,388,431,454,467,480,472,481,500,444,442,449,439,407,442,494,466,481,402,414,359,330,320,235,283,182,146,153,169,194,173,126,122,152,165,145,123,145,126,108,108,60,67,44,55,21,25,23,19,11,6,6,4,2,1,1
강원도 원주시 봉산동(4213063500),"7,889","7,889",18,19,14,16,20,26,27,27,32,44,46,40,55,50,71,63,54,77,76,80,77,99,97,91,93,86,68,83,78,80,66,54,74,73,67,54,46,52,65,72,70,76,81,74,85,80,88,131,131,118,150,143,151,154,131,155,157,137,141,185,217,185,184,184,166,144,153,150,96,149,96,77,74,84,101,84,73,77,84,84,94,75,78,64,58,51,46,41,35,22,25,18,12,15,6,8,2,1,2,2,4
강원도 원주시 행구동(4213065000),"7,791","7,791",32,41,49,42,48,46,61,50,61,60,63,88,82,79,91,79,92,95,88,85,98,91,101,112,99,99,74,88,78,74,69,76,61,56,57,68,53,92,110,98,113,95,95,108,104,117,110,140,144,155,142,141,179,161,152,157,144,130,123,140,174,151,165,131,148,125,101,99,73,108,55,48,46,48,46,50,48,43,53,55,47,42,35,47,47,32,25,22,16,18,6,8,9,5,7,6,4,2,4,0,6
강원도 원주시 무실동(4213066000),"34,757","34,757",199,198,230,227,297,326,409,400,387,452,505,479,472,420,485,455,422,406,426,419,417,448,421,448,445,442,428,480,445,429,449,416,436,413,376,409,489,480,557,615,649,665,666,613,649,609,626,713,751,649,655,695,601,644,556,514,480,461,431,499,512,511,490,395,428,346,344,304,223,279,161,167,145,124,140,142,117,113,116,127,109,97,93,82,69,59,51,52,30,25,26,22,26,14,13,7,6,4,2,1,2
강원도 원주시 반곡관설동(4213067500),"44,713","44,713",346,368,447,413,519,566,595,606,582,637,645,626,567,608,604,563,536,573,564,502,518,545,476,482,476,498,522,525,583,640,657,605,638,726,686,695,716,719,856,984,964,909,933,791,837,866,840,926,900,914,911,841,769,738,665,666,586,539,460,512,511,466,485,406,381,327,320,299,195,236,144,139,136,108,147,154,121,110,92,153,98,85,107,77,62,60,66,46,40,32,27,26,19,15,13,6,6,5,4,3,5
강원도 강릉시 (4215000000),"212,767","212,767",875,"1,002","1,004","1,133","1,193","1,370","1,464","1,474","1,537","1,668","1,709","1,754","1,697","1,681","1,945","1,760","1,777","1,912","2,023","2,053","2,257","2,738","2,604","2,523","2,510","2,424","2,408","2,380","2,251","2,285","2,145","1,958","1,906","1,878","1,916","1,964","2,072","2,086","2,448","2,699","2,881","2,968","2,923","2,858","2,892","2,995","3,197","3,493","3,813","3,688","3,693","3,851","3,715","3,895","3,581","3,674","3,355","3,518","3,337","3,981","3,948","4,305","4,183","3,841","3,910","3,519","3,293","3,257","2,668","3,015","2,059","2,081","1,981","2,146","2,160","1,975","1,790","1,801","1,689","1,969","1,651","1,521","1,424","1,327","1,091",968,868,704,575,484,366,351,283,210,172,114,93,55,43,33,53
강원도 강릉시 주문진읍(4215025000),"16,675","16,675",41,58,49,54,46,69,87,77,80,89,79,97,79,96,90,86,97,106,89,110,157,166,139,153,159,139,135,138,126,118,140,127,104,88,130,119,121,117,149,144,184,176,197,174,187,176,213,233,242,244,278,272,262,328,269,328,277,305,304,367,363,429,402,389,382,340,365,338,293,370,228,252,234,263,251,250,202,180,187,248,197,169,177,166,128,116,91,78,58,59,39,33,25,28,30,15,5,10,7,7,7
강원도 강릉시 성산면(4215031000),"3,439","3,439",5,6,10,13,13,13,10,18,15,21,18,16,23,25,24,17,18,18,19,19,15,29,28,25,27,25,28,26,29,23,27,25,13,14,24,18,16,18,19,31,22,39,37,30,45,26,39,42,50,46,48,56,52,72,71,73,69,71,86,76,79,106,86,71,78,92,69,87,55,60,46,51,44,55,57,36,42,30,39,47,38,39,36,39,41,32,28,31,27,13,11,10,5,7,5,2,8,1,3,1,1
강원도 강릉시 왕산면(4215032000),"1,585","1,585",4,1,4,4,3,2,2,4,3,5,3,3,5,1,4,2,3,2,7,3,7,6,15,9,7,10,7,12,7,11,6,10,4,9,4,10,7,9,14,8,10,6,7,10,11,9,7,15,16,12,17,23,24,35,25,30,30,42,32,46,45,56,55,47,43,60,42,53,50,51,24,31,30,23,23,32,26,25,21,29,27,20,19,18,11,19,10,11,5,11,5,2,8,1,4,0,3,0,1,0,0
강원도 강릉시 구정면(4215033000),"4,249","4,249",10,14,9,21,26,23,33,33,32,17,27,20,39,21,28,26,28,23,30,29,32,32,25,30,40,34,33,35,46,23,30,25,32,27,33,29,35,37,47,34,51,40,37,52,46,48,45,62,53,64,66,63,70,58,62,74,79,79,74,91,99,134,119,113,110,106,75,85,79,71,54,43,39,56,57,54,50,41,41,61,38,50,29,42,32,29,29,24,23,12,19,19,12,13,4,5,7,3,4,3,3
강원도 강릉시 강동면(4215034000),"4,190","4,190",5,4,7,8,8,12,10,15,11,8,20,13,17,19,9,17,22,14,19,32,28,47,36,35,41,45,44,46,40,34,24,27,31,30,31,25,29,20,31,26,38,44,32,31,37,38,37,53,48,51,66,52,69,64,77,83,79,77,85,92,88,122,106,97,126,89,95,85,96,77,63,70,60,63,72,55,58,68,48,79,59,47,58,53,40,38,41,26,25,26,12,12,11,11,5,4,5,4,1,0,2
강원도 강릉시 옥계면(4215035000),"3,475","3,475",4,4,8,8,8,11,17,11,6,9,15,13,9,12,17,14,17,10,21,16,25,27,27,26,24,24,22,25,21,27,21,22,26,15,19,13,15,23,27,28,24,32,26,19,35,27,32,40,38,31,47,49,54,66,66,61,70,70,65,89,102,112,87,104,104,92,93,71,69,76,55,60,66,58,51,36,56,65,41,58,57,50,39,41,34,33,28,22,22,17,9,8,8,10,5,1,4,1,1,0,1
강원도 강릉시 사천면(4215036000),"4,614","4,614",9,12,17,14,15,19,16,15,30,21,30,24,19,28,21,20,21,30,23,27,21,33,23,58,34,41,43,53,47,51,35,37,35,31,33,32,35,45,42,50,46,47,59,50,49,58,62,67,61,68,67,75,65,88,85,79,72,103,102,102,109,126,118,144,116,93,115,102,88,81,57,56,54,46,46,71,50,46,55,65,41,41,53,33,33,36,35,24,13,13,13,9,7,5,5,3,9,2,1,2,3
강원도 강릉시 연곡면(4215037000),"6,305","6,305",22,20,17,29,26,33,43,29,43,41,45,44,30,39,46,44,44,46,46,39,45,53,45,55,40,50,43,49,52,40,33,52,48,47,35,49,52,65,61,78,82,86,88,86,98,73,89,90,112,106,90,99,88,101,109,116,96,112,100,147,155,136,158,155,174,136,126,143,95,116,96,87,83,79,88,67,60,68,63,78,57,55,40,60,46,34,35,23,24,17,11,14,7,10,7,6,3,2,2,0,3
강원도 강릉시 홍제동(4215051000),"15,117","15,117",105,106,116,108,137,132,137,123,137,141,134,152,133,133,150,154,142,148,167,146,176,155,170,171,157,171,164,163,178,201,157,174,170,187,178,178,217,213,223,227,225,282,243,231,240,241,248,266,317,271,266,304,259,251,245,241,199,233,217,261,227,241,257,228,199,202,167,175,143,179,123,109,103,111,118,112,98,103,101,107,82,73,79,50,49,62,47,36,38,24,21,29,16,8,8,8,5,1,1,1,5
강원도 강릉시 중앙동(4215052000),"4,785","4,785",11,15,10,17,7,10,19,19,21,22,22,33,23,22,29,31,24,26,33,34,41,55,54,52,69,46,61,62,43,52,44,39,36,37,46,36,34,32,49,47,56,65,45,38,46,59,84,53,76,73,76,80,59,88,71,82,75,61,69,92,94,104,85,111,116,87,101,103,94,100,60,71,62,69,77,71,52,54,74,60,60,52,45,51,37,26,31,21,13,17,10,12,14,10,9,8,5,1,2,3,2
강원도 강릉시 옥천동(4215054000),"3,358","3,358",7,7,9,6,8,7,9,11,12,11,11,12,16,16,14,18,19,15,14,17,19,28,32,30,37,35,38,33,41,33,38,19,28,19,26,21,19,25,28,33,38,38,39,26,32,38,34,47,62,46,54,43,49,80,69,67,63,64,61,55,70,76,72,69,89,67,65,70,53,67,38,72,42,62,53,63,53,53,59,49,41,46,36,34,25,20,17,14,13,17,4,5,9,1,2,1,2,0,1,0,2
강원도 강릉시 교1동(4215055000),"25,882","25,882",96,121,128,126,136,171,224,204,213,244,268,245,256,257,306,274,283,330,318,352,336,457,382,393,349,364,345,331,318,303,290,232,230,213,220,227,255,239,283,365,381,381,369,377,410,408,422,499,555,578,530,543,534,511,462,406,403,379,344,380,430,385,405,367,360,320,310,305,229,300,177,185,168,194,199,186,176,166,148,180,141,162,138,120,89,87,90,69,41,50,29,26,24,20,16,10,8,3,4,3,6
강원도 강릉시 교2동(4215056000),"7,739","7,739",21,23,27,27,28,33,53,32,40,50,43,41,61,56,55,56,58,46,60,103,80,103,107,85,105,91,97,113,84,90,77,78,71,74,60,64,65,72,82,101,85,90,79,89,110,97,97,108,134,109,112,150,146,144,144,148,136,137,109,161,155,169,183,131,170,147,126,156,119,123,91,81,90,89,81,77,68,74,66,74,72,56,59,49,42,41,30,23,23,11,17,13,8,10,4,6,0,4,2,0,2
강원도 강릉시 포남1동(4215057100),"10,451","10,451",16,39,37,41,45,52,35,45,44,57,56,59,58,75,72,61,75,91,87,90,102,122,142,151,116,116,123,132,129,144,98,95,93,72,76,89,79,89,86,120,114,133,127,138,114,116,141,166,167,158,190,206,182,209,188,203,182,204,209,219,214,219,241,209,223,208,202,192,157,176,122,109,130,115,124,114,112,95,98,118,99,69,80,69,57,46,33,29,27,20,18,15,12,6,4,7,1,3,1,0,2
강원도 강릉시 포남2동(4215057200),"12,768","12,768",40,34,39,47,45,54,59,52,81,70,87,92,112,99,114,100,112,105,159,108,129,176,171,130,172,163,179,160,163,153,146,130,107,117,130,104,117,112,127,146,144,159,177,149,166,162,198,199,207,220,207,228,226,262,217,237,221,237,223,273,289,267,311,247,257,237,217,216,188,190,132,137,108,143,136,107,106,90,88,100,91,67,75,71,57,54,49,36,24,21,20,27,18,8,6,9,8,2,2,2,2
강원도 강릉시 초당동(4215058000),"4,731","4,731",18,22,25,18,31,35,34,33,34,27,32,31,38,32,43,33,33,43,42,43,52,46,44,47,60,48,60,60,58,50,66,53,50,61,45,47,54,57,63,56,71,55,67,70,58,59,69,65,82,87,100,86,95,71,81,86,93,93,101,107,97,103,103,84,81,76,72,67,52,59,38,38,31,42,47,42,30,33,29,36,30,29,33,29,24,13,25,14,14,11,5,9,6,2,1,3,2,1,0,0,0
강원도 강릉시 송정동(4215059000),"10,052","10,052",67,104,69,87,82,114,78,89,99,91,89,107,87,82,133,105,94,100,105,98,121,110,123,111,103,98,104,96,124,135,102,102,96,117,110,112,131,141,145,164,200,135,164,141,141,169,157,199,184,173,172,171,177,154,164,180,142,156,163,188,177,192,160,184,160,145,136,117,94,100,89,68,77,63,69,67,71,47,37,61,40,55,42,48,31,29,22,23,18,10,17,13,12,6,6,1,3,2,2,1,2
강원도 강릉시 내곡동(4215060000),"16,328","16,328",100,87,108,116,142,141,130,155,146,187,157,176,153,150,168,136,115,127,146,164,205,294,289,260,249,205,216,206,180,181,177,169,170,184,175,201,218,180,243,280,282,278,264,268,216,268,271,269,301,278,257,259,268,306,253,263,221,255,229,243,258,287,273,245,237,235,195,207,163,169,133,120,110,110,124,112,86,103,97,93,82,80,72,70,51,46,49,40,30,25,27,16,20,6,6,5,2,2,1,2,4
강원도 강릉시 강남동(4215061500),"17,742","17,742",61,79,69,81,79,82,83,115,102,130,117,150,118,128,138,146,150,176,171,168,176,216,189,177,194,204,206,197,165,186,166,139,159,151,113,140,162,129,168,198,195,228,216,238,232,251,240,261,300,296,306,332,336,330,318,292,297,265,255,348,326,420,364,290,326,288,297,288,211,293,174,203,199,216,237,190,206,206,194,204,197,172,136,125,138,94,92,69,62,43,35,40,27,23,18,8,7,5,3,0,2
강원도 강릉시 성덕동(4215064500),"28,001","28,001",168,167,169,199,205,230,241,263,268,291,319,308,309,281,370,317,337,340,371,337,369,415,383,344,346,340,288,308,277,293,318,297,272,261,296,315,274,297,403,375,426,443,459,435,437,489,524,552,617,575,530,565,507,487,455,477,400,402,347,469,418,444,432,406,409,360,304,286,249,271,184,171,191,210,173,177,133,179,148,166,154,142,135,119,97,81,71,74,56,48,34,30,21,19,22,8,4,4,3,7,4
강원도 강릉시 경포동(4215066500),"11,281","11,281",65,79,77,109,103,127,144,131,120,136,137,118,112,109,114,103,85,116,96,118,121,168,180,181,181,175,172,135,123,137,150,106,131,124,132,135,137,166,158,188,207,211,191,206,182,183,188,207,191,202,214,195,193,190,150,148,151,173,162,175,153,177,166,150,150,139,121,111,91,86,75,67,60,79,77,56,55,75,55,56,48,47,43,40,29,32,15,17,19,19,10,9,13,6,5,4,2,4,1,1,0
강원도 동해시 (4217000000),"89,950","89,950",416,424,481,502,552,705,721,738,774,885,851,833,799,813,895,792,849,848,938,881,962,"1,013",976,942,975,890,922,873,865,858,762,770,717,788,725,749,917,896,"1,051","1,214","1,338","1,293","1,270","1,316","1,353","1,319","1,383","1,609","1,715","1,592","1,631","1,776","1,658","1,685","1,545","1,532","1,432","1,411","1,421","1,536","1,623","1,860","1,717","1,562","1,570","1,367","1,404","1,387","1,156","1,179",823,830,828,973,876,729,680,776,700,794,712,581,550,505,427,350,339,249,229,190,157,120,82,81,49,31,24,24,19,9,11
강원도 동해시 천곡동(4217051000),"30,759","30,759",170,165,196,213,228,278,310,305,348,359,370,360,332,295,368,312,318,312,290,280,354,328,323,311,360,329,354,367,349,354,301,304,286,345,275,312,357,347,394,476,534,490,506,503,519,490,456,566,575,513,541,579,556,523,504,488,475,491,455,506,545,610,583,529,494,440,456,434,350,354,241,216,213,279,217,188,167,160,169,165,163,114,112,103,94,81,70,54,53,49,42,22,25,15,14,13,5,6,6,2,1
강원도 동해시 송정동(4217052000),"3,719","3,719",7,4,5,5,10,22,12,22,14,19,22,16,16,20,16,16,20,25,24,30,36,47,55,62,64,53,52,50,48,45,36,37,24,18,25,22,28,17,26,32,37,48,27,45,39,51,41,58,56,51,58,66,62,73,63,67,51,60,66,71,91,94,68,73,79,85,68,58,79,56,38,57,40,55,56,36,31,42,33,53,53,36,40,36,29,24,18,18,14,21,9,11,7,6,2,2,1,5,1,1,1
강원도 동해시 북삼동(4217053000),"19,966","19,966",102,102,113,116,127,159,176,171,182,237,202,206,230,263,257,236,251,236,320,278,290,298,257,245,217,226,227,195,217,200,173,187,180,169,149,148,207,198,244,292,301,323,316,335,349,316,377,446,483,425,449,435,405,423,390,373,313,288,293,309,303,356,306,254,250,215,228,228,167,177,127,128,125,144,116,110,111,99,106,123,106,85,82,70,63,41,49,38,27,21,22,16,13,13,8,2,4,1,0,0,0
강원도 동해시 부곡동(4217054000),"4,958","4,958",8,10,11,13,11,28,22,20,12,29,21,40,25,35,31,30,35,35,34,49,49,33,53,37,56,46,46,39,29,40,23,22,20,29,31,21,34,29,50,47,53,51,58,60,62,57,69,75,79,87,87,90,95,111,77,83,82,90,84,95,108,127,115,112,137,105,112,100,91,94,77,68,71,84,82,64,59,80,57,71,63,43,43,48,29,25,30,18,9,13,12,9,2,7,2,1,4,1,4,1,2
강원도 동해시 동호동(4217055000),"5,094","5,094",23,19,27,23,23,26,26,34,33,39,48,39,42,38,40,35,39,47,45,51,43,53,38,37,56,44,51,42,50,38,47,24,33,32,38,38,50,50,51,59,64,54,67,73,53,60,75,83,100,85,96,82,94,87,103,104,81,97,74,95,97,116,118,91,103,86,85,91,68,87,56,66,77,76,63,75,45,57,67,63,45,44,32,33,41,25,20,19,14,14,3,3,2,4,3,0,1,3,1,0,2
강원도 동해시 발한동(4217057000),"3,330","3,330",2,4,5,11,9,10,14,8,7,15,19,8,13,11,16,11,14,20,26,19,19,32,29,32,22,16,33,17,19,31,18,21,19,11,10,12,15,25,26,21,29,35,28,26,30,30,46,45,52,64,52,54,47,53,46,55,52,52,63,70,71,73,79,94,85,76,79,82,74,81,52,49,55,75,65,59,40,66,54,58,60,48,36,41,31,28,25,17,20,14,12,4,6,6,5,3,3,2,2,1,0
강원도 동해시 묵호동(4217059000),"3,042","3,042",3,5,5,6,7,10,9,16,11,17,5,13,11,15,14,15,21,18,27,19,14,23,12,27,20,24,10,11,12,18,19,16,10,7,8,12,24,15,22,23,33,28,37,32,31,47,41,38,38,36,46,66,54,47,40,39,41,49,63,60,55,77,66,70,69,68,75,89,58,65,53,57,58,58,72,54,46,63,50,49,47,59,33,47,36,25,33,17,18,10,8,3,3,4,5,0,0,0,1,0,1
강원도 동해시 북평동(4217060000),"12,824","12,824",89,98,100,97,115,154,131,135,130,143,136,108,105,103,120,109,115,122,136,111,115,152,157,143,134,109,109,109,97,89,109,124,119,146,154,149,158,162,188,205,214,205,177,192,211,185,199,214,245,235,205,276,221,248,233,209,205,183,206,199,203,254,238,195,205,166,178,166,153,138,89,105,100,101,115,64,88,105,76,101,82,69,85,67,50,42,45,32,38,29,28,32,11,8,4,6,0,3,2,2,2
강원도 동해시 망상동(4217063000),"3,475","3,475",8,12,12,12,17,16,15,16,23,18,14,24,14,15,23,12,22,17,17,20,20,27,35,26,20,24,23,21,24,20,17,22,16,14,25,19,27,29,31,33,45,35,29,32,32,55,53,47,43,63,45,74,67,65,41,60,70,48,58,68,84,86,76,66,83,82,61,71,64,82,43,49,47,50,55,50,55,53,51,54,54,49,49,28,35,35,26,21,20,13,12,13,5,11,2,3,3,1,1,1,1
강원도 동해시 삼화동(4217065000),"2,783","2,783",4,5,7,6,5,2,6,11,14,9,14,19,11,18,10,16,14,16,19,24,22,20,17,22,26,19,17,22,20,23,19,13,10,17,10,16,17,24,19,26,28,24,25,18,27,28,26,37,44,33,52,54,57,55,48,54,62,53,59,63,66,67,68,78,65,44,62,68,52,45,47,35,42,51,35,29,38,51,37,57,39,34,38,32,19,24,23,15,16,6,9,7,8,7,4,1,3,2,1,1,1
강원도 태백시 (4219000000),"40,515","40,515",130,151,158,183,217,219,261,289,280,355,339,378,345,336,369,351,363,354,373,371,420,444,378,351,313,318,339,278,298,265,261,207,305,264,294,303,318,311,438,478,563,533,603,540,575,571,627,650,676,684,687,696,710,760,693,726,708,651,608,753,814,901,900,788,783,800,778,729,609,671,525,525,557,538,513,449,398,448,379,487,393,325,337,274,229,214,156,151,106,62,43,56,37,28,29,20,12,9,11,7,5
강원도 태백시 황지동(4219051500),"6,051","6,051",18,21,32,46,35,45,71,43,55,54,68,62,55,53,62,43,52,49,48,55,57,67,51,65,52,58,58,40,51,49,56,35,56,46,49,42,46,48,74,86,84,78,89,72,80,75,100,112,102,78,95,97,109,112,97,120,122,89,90,121,133,132,128,107,121,116,109,111,80,101,63,73,81,72,65,56,48,53,55,65,55,41,41,30,31,22,19,13,13,6,6,9,4,5,4,0,1,1,2,3,1
강원도 태백시 황연동(4219052500),"4,234","4,234",7,9,5,8,14,16,19,20,31,23,24,30,27,23,33,42,24,31,30,29,32,38,37,42,27,35,30,22,33,26,25,23,24,14,26,20,24,25,36,39,42,44,60,50,72,46,55,63,70,65,61,65,74,79,69,77,72,81,70,88,97,107,106,93,113,123,116,91,79,99,73,65,72,61,53,52,58,67,45,64,50,40,39,30,23,16,14,15,10,7,2,6,6,4,0,2,5,1,2,2,0
강원도 태백시 삼수동(4219053500),"5,664","5,664",22,25,29,21,36,34,34,35,45,49,52,53,62,44,48,51,53,40,46,44,40,49,46,31,29,40,39,40,40,21,31,20,34,26,43,52,45,55,59,71,79,83,83,82,80,79,93,88,91,93,100,79,100,105,79,87,96,77,86,91,105,131,117,109,104,94,110,114,86,97,87,82,105,87,85,80,66,62,62,69,63,58,62,45,50,34,27,23,14,7,8,8,5,3,6,2,2,4,1,2,3
강원도 태백시 상장동(4219054000),"13,012","13,012",64,63,67,75,95,92,107,150,111,166,134,163,154,155,159,162,146,138,150,167,178,201,155,130,129,109,128,107,102,112,93,82,113,107,112,124,126,112,180,195,236,236,253,227,229,248,261,258,257,280,258,276,233,252,213,228,205,192,154,196,195,220,199,201,176,178,170,164,147,145,104,101,117,122,95,77,71,100,77,93,69,56,51,49,40,47,31,25,22,16,8,13,6,4,7,4,1,3,2,0,1
강원도 태백시 문곡소도동(4219058500),"3,799","3,799",8,15,6,13,15,15,12,17,20,25,24,26,14,21,30,20,29,25,31,30,39,38,32,25,17,31,28,20,29,15,25,22,16,23,21,26,26,30,37,32,42,33,44,41,52,43,47,58,54,58,58,68,74,70,72,70,58,75,68,83,94,96,116,92,96,112,81,77,78,69,73,66,57,56,67,44,46,44,31,38,50,32,40,23,25,20,16,14,9,8,6,6,6,2,6,3,2,0,2,0,0
강원도 태백시 장성동(4219059500),"3,322","3,322",7,13,9,13,15,8,13,14,8,17,18,21,17,17,16,15,23,17,39,26,42,25,30,31,34,23,26,28,21,22,12,13,30,26,21,21,20,20,22,30,43,26,33,28,27,38,32,30,42,48,58,49,47,71,81,68,71,68,64,95,75,106,95,82,62,70,73,60,52,49,56,50,44,40,48,47,50,37,41,60,33,43,32,33,19,32,22,22,14,8,4,7,6,2,0,5,0,0,1,0,0
강원도 태백시 구문소동(4219060500),"2,462","2,462",2,3,8,4,6,4,3,4,7,16,12,14,10,11,14,10,30,45,24,12,14,16,18,15,17,11,15,9,7,7,5,10,18,6,11,10,19,15,15,12,22,15,23,27,21,25,23,19,38,30,33,36,35,37,53,40,38,39,36,45,64,61,74,62,62,57,61,60,54,61,41,55,44,52,48,55,28,49,34,61,36,35,44,27,18,20,16,22,10,4,6,5,0,2,5,3,1,0,1,0,0
강원도 태백시 철암동(4219061500),"1,971","1,971",2,2,2,3,1,5,2,6,3,5,7,9,6,12,7,8,6,9,5,8,18,10,9,12,8,11,15,12,15,13,14,2,14,16,11,8,12,6,15,13,15,18,18,13,14,17,16,22,22,32,24,26,38,34,29,36,46,30,40,34,51,48,65,42,49,50,58,52,33,50,28,33,37,48,52,38,31,36,34,37,37,20,28,37,23,23,11,17,14,6,3,2,4,6,1,1,0,0,0,0,0
강원도 속초시 (4221000000),"82,790","82,790",383,412,483,466,507,584,724,682,625,722,704,741,672,687,707,708,654,742,757,791,853,976,852,901,865,854,924,852,892,918,944,830,826,826,849,823,866,879,"1,060","1,157","1,191","1,206","1,157","1,088","1,149","1,085","1,191","1,255","1,388","1,409","1,551","1,578","1,560","1,633","1,482","1,438","1,417","1,464","1,420","1,513","1,677","1,757","1,611","1,535","1,459","1,395","1,295","1,260","1,019","1,026",665,693,741,759,730,741,628,595,587,665,570,520,454,415,392,299,275,219,170,137,116,118,117,82,66,41,33,20,11,11,13
강원도 속초시 영랑동(4221051000),"4,443","4,443",13,9,12,19,12,19,26,19,25,20,13,21,21,21,18,25,19,25,26,34,39,39,31,32,42,47,39,43,45,43,47,45,38,34,41,33,31,33,44,51,55,59,33,38,48,41,39,44,58,64,94,84,83,91,84,75,93,100,87,87,105,134,118,121,124,101,77,112,87,78,49,62,65,60,51,61,47,44,47,47,38,32,34,29,29,28,25,15,17,13,4,6,12,5,4,5,0,2,1,1,2
강원도 속초시 동명동(4221052000),"3,553","3,553",10,12,22,13,23,27,20,35,20,38,32,24,32,20,23,25,28,26,29,19,23,38,31,25,25,30,29,24,27,21,31,18,24,30,28,22,44,31,42,48,47,47,52,39,43,45,47,52,61,55,60,57,63,64,84,63,72,64,73,78,76,89,64,85,76,61,64,65,48,57,42,36,49,43,48,47,33,30,41,39,37,29,27,19,18,18,19,13,8,6,5,5,7,3,4,1,2,2,1,1,0
강원도 속초시 금호동(4221054000),"6,026","6,026",13,14,16,18,24,21,30,31,21,28,32,43,36,49,37,43,37,41,53,52,49,65,62,73,49,55,72,54,64,47,45,42,39,49,29,40,37,46,65,68,69,66,68,63,53,60,69,68,100,96,106,117,114,122,108,119,109,108,127,136,156,174,135,131,125,143,126,122,87,110,62,76,73,82,74,70,57,63,57,72,56,71,51,41,47,30,28,24,17,13,15,16,12,10,9,7,8,6,1,1,1
강원도 속초시 교동(4221056000),"9,535","9,535",28,44,44,43,45,47,51,62,53,63,75,77,73,87,75,95,81,57,82,97,110,126,112,105,117,99,112,111,101,109,110,97,96,103,97,98,79,75,107,109,107,105,115,119,116,118,153,139,161,156,161,167,167,177,182,182,168,159,163,170,223,201,232,197,197,170,166,188,128,127,89,88,100,106,93,91,67,80,64,81,75,71,62,46,52,35,34,29,19,16,15,11,12,7,7,4,7,3,1,2,2
강원도 속초시 노학동(4221057000),"21,858","21,858",92,86,113,108,109,152,176,170,149,184,215,206,189,209,216,220,203,220,237,243,260,287,244,249,213,224,223,243,242,253,235,213,205,219,224,220,198,218,258,280,281,318,304,305,313,282,330,367,367,412,453,482,437,450,372,388,370,371,366,438,433,455,428,413,367,350,329,314,257,247,154,159,168,195,168,168,152,154,133,180,154,124,92,108,93,82,68,59,45,38,35,28,31,22,13,14,8,4,3,1,1
강원도 속초시 조양동(4221058000),"29,288","29,288",202,217,235,232,253,281,365,320,322,356,311,327,281,276,300,268,247,326,293,294,317,342,309,347,346,321,353,315,360,366,406,352,351,326,354,327,413,389,445,516,535,512,493,438,485,465,450,511,531,513,547,532,532,576,491,484,463,481,451,444,459,498,431,368,396,395,369,291,270,278,177,171,183,175,180,194,171,147,154,161,125,127,102,102,93,66,60,50,41,28,25,27,24,17,18,5,4,2,2,3,4
강원도 속초시 청호동(4221059000),"4,963","4,963",23,20,33,24,34,31,38,34,26,24,15,32,26,16,21,26,29,33,32,34,37,49,38,45,49,44,66,45,39,49,48,37,54,41,56,65,47,69,76,66,61,74,60,58,62,54,61,46,74,82,69,87,101,92,99,74,88,99,98,86,127,114,121,123,98,93,97,92,79,68,42,52,57,52,62,45,57,37,46,42,52,35,47,45,39,22,20,14,11,13,10,15,11,8,8,5,3,1,0,1,3
강원도 속초시 대포동(4221060000),"3,124","3,124",2,10,8,9,7,6,18,11,9,9,11,11,14,9,17,6,10,14,5,18,18,30,25,25,24,34,30,17,14,30,22,26,19,24,20,18,17,18,23,19,36,25,32,28,29,20,42,28,36,31,61,52,63,61,62,53,54,82,55,74,98,92,82,97,76,82,67,76,63,61,50,49,46,46,54,65,44,40,45,43,33,31,39,25,21,18,21,15,12,10,7,10,8,10,3,0,1,0,2,1,0
강원도 삼척시 (4223000000),"63,730","63,730",280,313,326,315,324,374,356,382,425,469,461,458,450,453,477,456,456,493,549,773,803,873,910,797,692,588,539,518,511,474,492,458,463,460,484,468,552,539,623,698,759,764,763,793,765,800,890,989,"1,076",979,"1,012","1,097","1,121","1,143","1,060","1,096","1,097","1,038",993,"1,226","1,432","1,461","1,383","1,212","1,216","1,177","1,122","1,025",912,"1,013",667,762,770,790,750,621,573,660,670,747,608,554,548,521,398,381,374,304,225,199,186,122,109,68,51,40,30,16,15,9,16
강원도 삼척시 도계읍(4223025000),"9,449","9,449",16,29,25,24,22,16,31,30,38,41,41,38,56,55,48,58,57,61,117,259,281,285,301,226,181,102,78,61,55,43,36,31,36,34,46,51,52,43,62,60,71,80,74,91,89,89,100,130,138,106,128,158,143,165,144,142,141,150,168,195,222,231,209,211,208,196,198,138,140,184,110,118,117,126,134,108,103,121,117,125,107,95,90,86,55,43,52,33,41,31,19,14,11,8,6,4,4,2,1,1,2
강원도 삼척시 원덕읍(4223025300),"3,200","3,200",5,10,8,9,5,7,5,8,9,7,8,12,8,9,13,13,13,10,11,19,26,26,28,23,23,21,14,26,18,21,20,19,20,13,19,17,15,24,20,21,25,22,30,30,29,35,35,46,35,49,55,47,47,62,60,63,55,80,64,66,95,81,96,75,74,83,68,67,56,67,39,56,65,57,66,32,23,55,56,50,43,53,44,37,35,35,25,36,23,14,12,13,8,5,6,4,2,2,0,1,3
강원도 삼척시 원덕읍임원출장소(4223025400),"1,700","1,700",3,3,2,5,4,10,6,7,4,4,7,3,5,5,4,5,5,10,7,7,12,18,13,14,7,11,17,8,8,9,6,3,6,9,11,8,9,8,9,13,16,15,14,17,10,26,16,24,22,27,25,36,25,32,33,35,47,28,28,37,54,42,39,41,38,37,36,41,45,30,23,25,29,36,31,24,12,31,30,41,27,24,21,21,17,16,16,12,4,8,13,5,3,2,1,2,1,1,1,1,1
강원도 삼척시 근덕면(4223031000),"5,040","5,040",13,11,7,4,11,12,10,10,11,15,12,8,10,14,15,8,17,22,27,32,24,30,37,26,30,29,36,37,26,25,30,26,22,23,22,30,25,29,31,32,31,41,36,30,34,37,38,56,73,71,79,68,102,96,91,100,95,105,88,118,158,149,141,137,135,128,117,116,79,122,66,83,78,95,74,68,74,86,78,102,77,80,85,77,64,59,63,46,25,31,29,26,22,11,10,5,5,2,3,1,5
강원도 삼척시 하장면(4223032000),"1,287","1,287",3,3,0,0,2,2,3,2,2,4,5,5,1,4,3,2,4,3,5,2,9,10,4,9,8,2,7,7,1,6,3,6,4,6,4,6,7,7,8,10,8,9,6,9,11,17,11,14,20,21,15,19,17,31,31,29,30,27,22,38,52,46,50,41,38,33,38,36,36,32,21,17,20,18,26,15,8,15,25,10,20,14,16,16,14,16,11,16,4,5,4,5,1,0,1,1,1,0,1,0,0
강원도 삼척시 노곡면(4223033000),717,717,0,1,1,0,0,1,1,1,2,0,1,1,0,1,1,1,1,0,0,4,2,2,6,3,4,1,4,1,4,4,1,2,0,3,4,4,2,2,1,1,2,6,2,5,7,5,10,6,10,9,5,12,12,10,15,18,9,17,14,23,28,16,28,30,16,23,14,16,21,10,14,9,13,22,12,12,14,8,15,14,12,11,8,10,11,9,11,10,5,5,5,8,1,2,4,2,1,1,0,1,0
강원도 삼척시 미로면(4223034000),"1,806","1,806",0,2,4,2,4,4,2,3,4,4,6,6,4,9,1,6,7,7,7,9,7,9,8,10,8,7,12,6,6,2,4,3,6,4,8,3,12,8,10,15,9,12,14,23,14,23,20,23,27,17,26,27,23,34,37,36,42,28,31,38,56,65,54,43,42,48,45,52,43,38,25,35,34,30,30,30,34,30,26,39,30,23,32,17,20,28,23,19,17,14,16,10,5,4,2,1,1,1,1,0,0
강원도 삼척시 가곡면(4223035000),669,669,0,0,0,2,1,3,0,1,3,1,1,2,3,2,2,3,1,4,3,3,3,5,5,3,3,1,0,1,1,1,0,3,2,2,1,1,2,0,2,2,6,3,4,3,1,7,10,14,13,6,13,10,13,7,11,11,12,17,12,9,32,19,20,14,19,18,17,21,14,19,14,20,17,14,11,4,12,10,9,15,12,9,7,12,4,7,13,9,5,4,2,3,3,1,0,2,0,2,0,0,0
강원도 삼척시 신기면(4223036000),665,665,0,0,2,1,3,1,1,1,1,1,3,2,0,0,2,1,2,1,1,0,1,1,3,3,5,3,1,5,1,3,2,3,1,3,0,5,3,4,5,3,5,5,4,4,7,2,9,12,6,10,13,11,16,7,13,9,26,13,14,12,13,31,20,16,23,13,15,18,14,11,10,13,13,11,18,8,10,9,13,13,11,12,11,7,13,9,7,5,6,4,3,2,2,1,0,1,1,1,1,0,0
강원도 삼척시 남양동(4223051000),"7,363","7,363",14,17,26,20,20,26,27,22,29,40,37,39,42,34,50,46,41,54,50,70,47,76,78,81,70,73,51,55,63,62,60,58,63,49,51,45,56,51,55,61,79,61,83,75,89,92,101,102,107,101,105,124,131,126,118,167,143,130,128,163,188,193,177,156,178,132,153,151,137,157,112,116,111,118,111,105,84,92,98,85,78,64,76,63,52,40,39,33,28,28,32,5,13,6,4,7,3,0,2,0,2
강원도 삼척시 교동(4223053000),"15,239","15,239",141,148,169,151,161,190,169,181,184,206,196,195,160,187,184,154,177,167,170,195,199,228,202,224,172,175,177,179,164,162,181,160,177,177,191,185,206,208,239,284,276,286,236,282,243,248,281,276,326,274,258,297,280,295,237,231,211,187,165,226,222,211,219,148,162,160,161,132,110,110,76,75,84,90,72,71,60,60,60,69,51,44,36,54,26,46,25,18,15,18,17,8,11,11,4,5,4,1,1,1,1
강원도 삼척시 정라동(4223054000),"8,736","8,736",57,44,45,52,50,52,58,63,73,85,73,79,76,65,69,83,66,80,77,97,105,112,131,97,101,86,80,74,94,84,88,81,68,74,74,63,92,88,107,104,120,124,139,122,120,105,140,158,170,161,167,177,182,155,144,145,150,133,132,149,158,170,143,156,140,148,135,116,95,112,85,96,83,85,89,81,75,57,76,98,74,57,62,53,36,34,40,29,27,11,20,10,21,8,5,3,3,1,2,2,0
강원도 삼척시 성내동(4223057000),"7,859","7,859",28,45,37,45,41,50,43,53,65,61,71,68,85,68,85,76,65,74,74,76,87,71,94,78,80,77,62,58,70,52,61,63,58,63,53,50,71,67,74,92,111,100,121,102,111,114,119,128,129,127,123,111,130,123,126,110,136,123,127,152,154,207,187,144,143,158,125,121,122,121,72,99,106,88,76,63,64,86,67,86,66,68,60,68,51,39,49,38,25,26,14,13,8,9,8,3,4,2,2,1,2
강원도 홍천군 (4272000000),"68,177","68,177",240,293,300,308,326,386,424,359,405,455,466,440,457,476,515,448,491,487,577,539,577,648,618,663,717,628,639,618,616,644,584,568,546,527,513,558,531,503,620,718,730,706,725,681,735,755,806,876,960,959,978,"1,060","1,084","1,205","1,135","1,264","1,192","1,301","1,307","1,450","1,778","1,710","1,637","1,733","1,677","1,558","1,450","1,333","1,043","1,408",683,742,675,759,818,783,654,639,636,728,729,617,632,608,507,436,368,345,262,200,149,151,98,91,58,38,30,28,18,9,22
강원도 홍천군 홍천읍(4272025000),"33,998","33,998",167,194,201,205,221,258,305,247,269,313,329,315,342,325,351,319,340,325,375,364,380,417,399,407,440,368,377,378,368,389,390,364,333,317,315,370,346,315,421,449,481,461,476,423,488,481,538,553,621,573,564,594,595,659,553,596,543,595,580,572,679,643,579,641,589,565,504,453,376,473,242,263,221,258,281,271,245,227,213,267,246,202,220,195,148,141,121,114,78,61,52,49,36,34,17,8,10,9,7,1,5
강원도 홍천군 화촌면(4272031000),"4,502","4,502",5,15,4,10,10,10,6,8,12,11,14,7,11,12,13,15,18,14,23,20,23,35,27,41,41,46,35,33,36,29,33,24,28,33,24,28,16,18,29,30,26,24,33,28,31,34,35,39,48,47,63,47,69,60,72,70,76,82,65,110,160,143,155,149,155,131,105,146,92,142,62,74,71,77,96,68,59,63,51,59,65,58,50,51,57,47,32,38,40,21,10,14,13,10,4,7,6,8,2,3,2
강원도 홍천군 두촌면(4272032000),"2,424","2,424",3,3,2,2,2,7,3,5,10,6,4,11,5,11,9,7,7,16,19,4,9,12,19,17,15,13,7,9,13,14,12,10,13,5,13,6,6,9,12,11,15,14,11,12,11,18,15,15,15,30,32,33,39,35,34,48,48,41,55,48,95,77,88,99,68,79,75,65,61,71,38,36,35,44,41,46,28,39,40,43,51,33,30,40,28,24,25,18,12,13,10,11,7,6,6,5,2,2,0,1,2
강원도 홍천군 내촌면(4272033000),"2,405","2,405",2,1,3,7,5,6,2,6,5,12,3,8,5,11,9,4,4,7,12,8,13,19,7,12,11,8,6,13,12,7,7,11,14,12,6,11,12,11,7,11,8,16,12,14,12,16,15,23,22,27,24,38,30,43,33,65,37,52,61,65,95,89,81,91,85,70,82,59,64,81,37,39,34,38,33,34,34,37,33,39,47,34,35,31,26,26,20,25,19,12,9,6,3,2,3,3,2,1,1,0,2
강원도 홍천군 서석면(4272034000),"3,736","3,736",5,8,9,9,15,9,19,15,13,20,20,16,13,18,21,13,13,20,23,23,35,35,31,30,17,19,32,15,27,25,20,13,22,19,10,20,23,20,20,30,20,27,35,27,28,28,23,37,28,41,53,68,52,62,82,70,78,84,104,95,103,120,120,95,125,127,115,94,73,99,48,49,53,53,39,64,37,36,43,54,46,48,50,51,34,34,15,24,19,13,10,15,5,4,3,3,2,1,1,1,3
강원도 홍천군 영귀미면(4272035200),"4,104","4,104",7,12,7,9,8,13,16,10,19,12,9,12,16,17,32,19,15,15,23,23,17,16,18,25,25,24,28,19,18,25,13,25,20,18,23,26,21,24,21,29,31,28,23,37,33,38,42,31,42,49,51,61,62,68,72,81,90,72,82,98,112,137,124,140,154,124,119,113,82,120,49,72,64,60,65,90,60,53,51,54,52,47,53,46,36,41,41,25,31,17,14,9,2,10,6,4,1,1,0,2,3
강원도 홍천군 남면(4272036000),"6,158","6,158",30,39,44,45,38,43,36,28,30,39,37,47,26,38,30,31,48,49,46,41,44,48,56,67,103,78,97,84,85,83,63,64,60,72,62,43,56,43,45,77,62,48,49,48,46,46,44,66,62,63,68,68,72,83,90,97,92,109,112,132,165,157,142,164,148,142,136,124,84,127,53,68,64,74,75,61,68,67,60,66,69,65,58,71,65,45,37,41,22,19,13,17,13,7,8,3,3,3,2,0,0
강원도 홍천군 서면(4272037000),"3,804","3,804",7,8,10,3,6,13,12,15,13,10,13,6,7,13,10,11,13,10,20,18,15,13,15,20,24,24,18,30,24,31,19,22,24,18,20,15,14,21,23,23,31,34,34,35,39,26,32,43,37,45,43,43,60,63,56,82,82,100,77,109,114,109,140,130,133,117,112,111,77,111,62,50,56,61,66,55,44,44,53,57,56,52,42,40,33,31,31,19,14,22,13,16,8,11,3,2,1,2,2,0,2
강원도 홍천군 북방면(4272038000),"3,928","3,928",8,8,9,11,9,7,17,16,18,14,25,8,18,14,24,10,24,20,22,22,26,23,23,29,28,32,28,22,22,24,17,18,14,25,24,23,25,26,22,35,28,37,27,34,32,37,36,33,48,53,42,58,65,60,81,86,72,77,94,122,131,128,116,115,128,106,116,89,74,98,50,46,48,45,65,49,43,34,62,58,62,48,57,46,46,38,29,24,16,10,13,9,5,4,3,0,1,0,2,0,2
강원도 홍천군 내면(4272039000),"3,118","3,118",6,5,11,7,12,20,8,9,16,18,12,10,14,17,16,19,9,11,14,16,15,30,23,15,13,16,11,15,11,17,10,17,18,8,16,16,12,16,20,23,28,17,25,23,15,31,26,36,37,31,38,50,40,72,62,69,74,89,77,99,124,107,92,109,92,97,86,79,60,86,42,45,29,49,57,45,36,39,30,31,35,30,37,37,34,9,17,17,11,12,5,5,6,3,5,3,2,1,1,1,1
강원도 횡성군 (4273000000),"46,459","46,459",144,170,178,195,202,239,223,238,231,282,265,275,273,294,340,308,430,479,354,343,346,381,413,367,382,341,344,355,318,329,321,289,287,279,275,335,324,323,364,435,421,456,455,445,439,447,473,577,598,610,696,721,827,783,778,880,911,915,857,"1,074","1,221","1,274","1,289","1,220","1,202","1,169","1,054","1,003",810,984,589,557,548,564,635,575,517,484,497,556,571,488,424,438,392,362,248,246,200,138,124,102,92,76,41,40,27,15,17,8,28
강원도 횡성군 횡성읍(4273025000),"21,003","21,003",109,113,131,122,146,167,149,156,159,191,182,169,188,202,216,205,190,212,179,219,221,229,254,223,236,205,222,219,203,203,200,179,177,164,173,206,200,203,231,254,259,288,261,278,263,273,267,335,344,352,368,396,431,381,340,372,328,359,313,393,412,420,442,386,400,357,338,324,235,311,185,176,172,176,203,178,176,154,172,202,198,164,147,143,140,123,68,66,61,50,42,39,44,27,17,12,9,9,6,4,7
강원도 횡성군 우천면(4273031000),"4,438","4,438",4,8,8,11,13,10,14,24,12,19,16,20,12,14,24,14,26,21,19,34,36,40,44,39,30,25,25,31,28,29,22,25,21,23,25,17,20,25,18,29,31,31,38,26,35,32,35,49,51,60,69,59,63,78,80,90,106,95,77,124,128,141,136,122,132,142,114,123,92,99,69,58,71,58,70,69,61,57,56,76,67,51,46,45,40,42,32,37,19,22,16,8,8,8,4,4,4,2,1,2,2
강원도 횡성군 안흥면(4273032000),"3,063","3,063",5,5,5,8,5,5,7,6,9,7,12,13,9,13,9,15,138,160,72,19,18,17,9,18,7,12,10,13,9,16,16,11,11,10,13,17,10,10,7,8,19,11,22,14,12,21,16,20,22,27,24,35,43,47,49,52,58,61,72,91,93,83,111,108,105,89,81,70,57,75,41,39,40,53,43,38,40,41,47,40,37,28,30,36,34,19,21,20,16,3,14,6,5,6,2,5,3,0,1,0,3
강원도 횡성군 둔내면(4273033000),"5,850","5,850",15,27,16,27,20,29,26,18,24,34,32,31,33,36,39,42,39,53,43,32,24,34,44,29,42,39,34,41,25,23,34,32,36,36,24,37,35,38,61,63,45,52,50,62,54,52,60,74,70,61,98,87,104,104,110,117,145,139,114,125,171,175,181,176,155,176,141,109,121,145,87,68,63,86,80,75,65,65,63,56,76,73,62,57,47,43,27,36,21,21,10,9,7,9,6,4,2,2,2,1,7
강원도 횡성군 갑천면(4273034000),"2,429","2,429",3,4,6,3,3,2,2,3,3,3,3,5,6,5,13,5,8,5,11,7,15,18,16,4,14,11,12,11,13,11,12,3,11,5,6,9,11,10,9,12,15,18,18,16,10,14,20,22,15,20,23,34,47,34,38,45,60,52,62,66,73,90,78,109,93,79,87,68,55,56,44,53,33,40,47,44,35,36,24,38,47,43,24,33,32,24,19,12,19,10,10,8,7,8,0,3,2,0,2,0,2
강원도 횡성군 청일면(4273035000),"2,373","2,373",1,3,1,6,3,6,4,2,5,5,1,8,7,7,9,4,4,6,11,4,7,5,12,9,16,7,11,8,7,11,10,8,9,7,8,12,8,7,9,12,8,7,15,13,19,11,18,16,16,23,29,29,36,40,48,43,56,47,60,61,95,94,100,87,74,80,70,79,53,71,51,41,29,42,58,50,35,23,40,43,35,29,30,23,28,30,25,19,15,8,8,12,6,4,2,6,1,0,0,0,2
강원도 횡성군 공근면(4273036000),"3,453","3,453",5,5,3,4,7,5,6,14,12,8,10,10,8,9,18,13,9,9,4,11,11,20,19,24,20,17,17,20,17,16,13,18,10,15,14,16,17,13,17,21,20,27,26,18,22,17,30,27,38,27,46,31,49,50,58,77,89,70,73,113,117,129,121,104,118,109,99,104,84,94,53,54,72,43,58,55,46,47,44,44,70,51,38,50,36,46,18,29,25,17,14,13,8,11,5,4,4,1,4,0,1
강원도 횡성군 서원면(4273037000),"2,094","2,094",1,3,6,10,3,10,8,9,4,7,5,9,7,3,6,3,6,5,9,6,10,11,7,12,8,15,8,6,9,17,10,10,10,12,8,12,15,10,7,19,16,16,13,10,16,16,14,16,21,23,18,24,24,17,29,42,37,50,45,56,76,71,69,70,72,81,69,59,59,79,31,37,29,32,36,32,31,27,21,33,25,29,24,31,25,17,26,17,15,3,4,6,4,2,5,1,2,1,1,0,3
강원도 횡성군 강림면(4273038000),"1,756","1,756",1,2,2,4,2,5,7,6,3,8,4,10,3,5,6,7,10,8,6,11,4,7,8,9,9,10,5,6,7,3,4,3,2,7,4,9,8,7,5,17,8,6,12,8,8,11,13,18,21,17,21,26,30,32,26,42,32,42,41,45,56,71,51,58,53,56,55,67,54,54,28,31,39,34,40,34,28,34,30,24,16,20,23,20,10,18,12,10,9,4,6,1,3,1,0,1,0,0,0,1,1
강원도 영월군 (4275000000),"37,954","37,954",89,115,142,142,141,166,169,185,185,220,246,228,217,195,266,255,295,346,316,351,403,401,349,360,312,294,248,239,246,258,244,204,231,238,226,257,238,248,312,381,370,374,380,366,389,408,420,530,582,536,582,656,644,707,703,716,737,707,684,904,910,"1,016",975,971,889,810,803,796,651,786,486,522,463,485,521,445,397,460,425,504,463,435,401,378,269,263,205,214,154,114,90,78,70,35,32,22,17,15,10,6,15
강원도 영월군 영월읍(4275025000),"20,829","20,829",67,89,114,119,111,138,129,136,136,165,185,164,159,135,203,179,226,264,222,272,306,289,251,254,222,209,173,161,176,174,173,146,177,170,156,176,177,172,212,256,265,268,272,249,257,266,283,358,365,321,338,409,397,404,343,380,344,341,352,424,404,449,401,402,365,342,321,350,231,319,211,233,208,205,215,189,168,198,184,227,206,178,158,149,101,115,73,88,60,42,40,29,32,12,12,11,6,5,3,4,4
강원도 영월군 상동읍(4275025300),"1,016","1,016",0,1,2,0,2,1,2,2,4,3,2,4,1,4,2,3,4,3,4,5,1,4,6,2,8,7,4,4,5,3,5,1,1,3,4,5,1,2,5,6,6,8,7,8,7,14,10,11,13,17,12,9,7,22,26,24,18,23,19,21,32,37,37,23,28,24,30,29,19,22,15,22,19,22,16,10,18,19,17,23,19,23,20,17,21,10,9,3,4,6,3,4,4,0,2,0,1,0,0,0,0
강원도 영월군 산솔면(4275031200),"1,416","1,416",2,3,1,4,1,2,7,4,2,6,3,4,3,4,3,5,7,5,7,6,8,8,4,2,8,6,3,9,7,5,6,3,4,4,1,5,2,4,7,9,12,7,11,13,10,10,6,10,17,9,18,22,26,33,39,30,31,37,30,49,40,47,39,55,44,39,35,38,30,34,22,26,12,26,21,21,21,26,27,36,23,31,16,26,13,10,8,13,10,5,6,3,2,3,1,3,0,0,0,0,0
강원도 영월군 김삿갓면(4275032500),"1,717","1,717",1,1,2,1,0,1,2,2,7,3,9,6,8,8,4,12,3,13,11,6,8,13,5,11,5,13,5,7,3,11,7,6,5,5,4,6,2,5,4,9,8,13,5,13,19,21,8,21,20,22,18,23,32,35,39,45,39,36,37,52,70,78,55,58,50,45,51,48,44,43,21,33,32,39,21,22,18,23,29,20,20,25,12,15,9,17,18,14,13,11,3,7,5,3,2,1,1,0,1,0,0
강원도 영월군 북면(4275033000),"2,072","2,072",2,2,1,3,2,0,7,2,3,8,8,12,7,6,11,10,3,8,10,9,13,7,12,21,6,8,14,11,14,13,9,8,4,8,10,8,11,10,17,9,14,14,8,12,20,10,25,10,29,26,39,26,24,53,47,38,53,38,41,59,58,50,75,60,60,59,63,48,57,48,41,26,29,34,43,38,29,36,24,32,38,25,30,29,25,16,17,21,13,10,3,4,6,2,5,0,1,1,0,1,2
강원도 영월군 남면(4275034000),"2,232","2,232",2,1,1,1,5,2,1,7,8,5,9,9,8,11,12,10,5,9,12,10,18,12,19,9,16,8,10,13,6,12,10,1,9,11,7,16,4,11,15,19,13,16,12,18,24,18,19,27,30,29,26,20,35,25,38,41,59,52,39,61,68,69,70,83,68,82,62,62,62,55,38,45,31,40,25,27,32,34,37,32,34,26,36,32,22,16,10,17,17,8,9,7,3,6,2,2,0,4,1,0,2
강원도 영월군 한반도면(4275035500),"1,211","1,211",5,4,3,2,6,2,5,6,6,4,5,1,1,3,3,2,8,4,7,7,4,14,11,16,11,7,5,5,5,6,6,5,3,8,12,5,6,2,9,9,10,5,7,3,8,15,10,18,17,19,18,26,18,24,25,17,34,27,29,34,33,41,50,38,40,28,32,20,17,38,18,19,17,15,18,10,13,16,19,16,18,13,22,19,12,10,6,3,2,3,1,2,0,0,1,2,1,0,1,0,0
강원도 영월군 한반도면쌍용출장소(4275035900),"1,661","1,661",2,5,6,1,4,5,6,6,6,5,6,3,3,6,2,7,5,6,7,5,13,15,10,9,12,6,9,10,12,7,10,9,11,9,12,9,11,13,6,20,9,13,11,10,15,21,15,16,23,20,16,24,25,25,36,25,40,31,20,36,49,48,62,41,38,33,34,42,42,48,29,27,30,27,37,28,22,25,22,30,28,26,26,23,22,21,10,12,6,4,6,5,7,4,0,1,2,1,1,0,2
강원도 영월군 주천면(4275036000),"3,747","3,747",4,7,9,8,5,12,8,16,7,12,13,16,19,8,18,18,25,27,28,24,20,34,20,20,20,21,18,14,13,19,14,15,9,13,11,17,17,20,27,30,21,20,26,26,17,23,30,41,46,43,63,67,55,58,76,84,77,83,72,87,89,124,120,139,120,98,113,86,95,109,53,50,50,43,77,60,47,54,40,60,52,53,59,52,36,37,35,34,20,17,12,11,5,5,5,2,3,3,3,1,4
강원도 영월군 무릉도원면(4275038000),"2,053","2,053",4,2,3,3,5,3,2,4,6,9,6,9,8,10,8,9,9,7,8,7,12,5,11,16,4,9,7,5,5,8,4,10,8,7,9,10,7,9,10,14,12,10,21,14,12,10,14,18,22,30,34,30,25,28,34,32,42,39,45,81,67,73,66,72,76,60,62,73,54,70,38,41,35,34,48,40,29,29,26,28,25,35,22,16,8,11,19,9,9,8,7,6,6,0,2,0,2,1,0,0,1
강원도 평창군 (4276000000),"41,162","41,162",87,130,119,152,170,176,199,202,210,278,237,253,242,264,303,258,268,274,323,307,333,392,342,362,329,293,318,276,305,287,264,265,237,273,234,278,280,265,328,374,453,424,437,429,458,462,518,577,627,675,665,704,735,803,747,788,776,808,753,972,"1,067","1,135","1,132","1,057","1,044",911,920,830,669,843,515,508,496,592,542,484,480,438,425,456,473,424,445,336,301,281,250,144,138,117,83,73,75,50,32,18,21,23,11,6,19
강원도 평창군 평창읍(4276025000),"8,471","8,471",23,28,25,37,42,36,43,49,46,63,53,61,67,77,80,55,67,64,84,76,92,89,82,72,76,67,65,90,75,58,70,59,62,68,59,57,64,47,69,79,88,98,78,83,103,87,117,140,131,112,137,144,153,170,155,151,149,161,146,183,202,204,218,213,196,176,176,163,125,161,82,93,105,118,89,101,90,87,77,81,75,69,85,69,64,72,45,30,29,23,23,25,12,8,3,4,4,3,2,2,5
강원도 평창군 미탄면(4276031000),"1,631","1,631",2,2,2,7,4,0,2,2,5,7,4,4,4,3,10,7,7,8,9,9,7,18,9,13,13,6,5,9,11,8,8,6,5,4,9,6,6,5,5,8,5,13,10,14,11,15,20,15,25,27,33,22,26,38,34,32,28,41,28,55,53,57,52,42,55,48,55,40,33,32,26,23,29,26,33,21,28,28,17,18,22,24,24,16,12,12,8,9,7,4,3,5,5,5,2,2,1,1,1,0,1
강원도 평창군 방림면(4276032000),859,859,3,0,1,1,0,2,1,4,4,4,5,6,2,5,1,5,8,1,4,1,4,6,4,3,3,7,5,1,9,4,3,2,5,2,1,5,2,4,7,7,6,10,6,6,4,2,5,6,6,12,15,14,13,8,14,16,16,23,17,20,38,26,36,28,29,34,27,18,8,21,13,16,11,14,17,16,11,11,7,18,20,10,16,8,9,8,10,2,1,4,3,2,1,1,1,1,0,2,0,0,0
강원도 평창군 방림면계촌출장소(4276032500),"1,695","1,695",0,5,0,5,4,9,4,9,5,10,7,3,6,4,5,9,8,7,7,12,7,13,7,7,6,9,11,2,7,9,6,10,7,9,7,6,9,9,11,10,17,8,10,9,13,14,15,19,21,19,28,16,30,29,31,26,35,34,41,64,60,53,63,59,54,48,52,54,40,48,30,26,22,34,25,12,32,18,30,19,26,14,20,8,20,16,9,7,6,6,3,5,4,3,1,2,3,1,1,0,1
강원도 평창군 대화면(4276033000),"5,197","5,197",7,12,16,20,17,22,19,20,28,42,31,27,20,23,38,37,23,42,32,38,31,54,46,38,36,28,35,36,35,22,31,22,29,19,30,28,35,27,33,37,54,44,59,43,59,55,61,64,89,74,73,93,90,99,96,94,95,102,99,122,116,145,144,140,136,128,131,116,101,120,72,68,51,88,66,65,63,63,60,81,70,67,72,41,35,51,42,22,28,19,13,7,16,8,7,2,3,5,1,0,3
강원도 평창군 봉평면(4276034000),"5,748","5,748",15,21,20,21,27,27,31,30,28,38,43,32,46,38,53,44,44,36,40,44,44,46,39,46,33,38,45,29,37,36,32,37,27,41,36,43,36,45,53,52,72,67,64,63,69,64,78,95,85,113,95,100,116,117,98,118,114,108,104,138,148,170,168,148,156,113,140,117,108,108,71,66,70,84,84,64,53,42,49,44,63,51,48,39,38,32,38,16,14,14,10,4,7,5,4,3,2,2,1,0,3
강원도 평창군 용평면(4276035000),"3,071","3,071",9,8,4,15,8,9,12,9,16,18,14,17,18,18,22,13,18,22,20,19,27,27,19,21,18,22,22,20,16,14,17,14,12,15,14,15,14,15,20,19,22,25,30,30,32,27,36,44,43,55,48,59,54,54,67,73,62,74,70,77,97,103,98,79,76,81,74,63,48,70,36,37,28,35,44,33,33,33,35,45,36,35,43,35,27,19,25,19,15,11,3,5,4,4,3,0,3,4,0,0,0
강원도 평창군 진부면(4276036000),"8,575","8,575",13,30,27,29,42,33,56,46,50,56,49,65,48,63,57,54,64,59,85,66,82,82,85,98,84,64,60,44,53,71,35,52,35,44,38,53,64,56,68,84,98,85,92,105,89,111,105,109,118,155,142,142,160,169,156,154,158,171,141,187,223,236,209,212,225,193,172,155,122,168,117,109,115,111,117,121,99,94,96,99,114,104,82,79,58,41,50,25,24,23,17,16,15,13,10,3,3,4,3,3,4
강원도 평창군 대관령면(4276038000),"5,915","5,915",15,24,24,17,26,38,31,33,28,40,31,38,31,33,37,34,29,35,42,42,39,57,51,64,60,52,70,45,62,65,62,63,55,71,40,65,50,57,62,78,91,74,88,76,78,87,81,85,109,108,94,114,93,119,96,124,119,94,107,126,130,141,144,136,117,90,93,104,84,115,68,70,65,82,67,51,71,62,54,51,47,50,55,41,38,30,23,14,14,13,8,4,11,3,1,1,2,1,2,1,2
강원도 정선군 (4277000000),"35,527","35,527",114,128,138,129,135,152,164,194,186,243,214,242,241,238,254,227,232,219,230,287,314,340,286,267,238,248,222,227,201,209,214,212,246,241,280,245,275,278,345,362,387,411,415,416,422,440,459,549,564,530,601,592,643,739,651,673,642,659,685,759,882,"1,004",906,827,911,781,751,702,565,643,476,442,458,465,459,401,396,409,395,484,397,357,344,288,228,203,175,154,114,103,79,46,50,41,28,30,23,14,25,6,11
강원도 정선군 정선읍(4277025000),"10,386","10,386",38,48,36,42,51,53,65,82,73,101,74,93,109,105,108,75,97,83,91,118,133,120,122,92,94,95,76,81,60,67,75,66,76,80,89,68,75,84,105,121,104,137,150,133,146,131,167,204,185,182,194,180,192,206,169,198,178,164,190,196,220,240,234,188,213,188,171,160,116,150,128,109,94,110,119,120,93,103,102,119,91,87,76,73,56,49,49,35,26,29,22,19,15,13,12,11,4,5,4,1,5
강원도 정선군 고한읍(4277025300),"4,352","4,352",30,31,35,31,23,26,19,16,27,26,26,18,16,24,25,27,22,18,20,27,21,27,19,21,24,30,32,41,40,37,46,44,75,58,64,59,69,57,73,83,90,64,64,78,68,70,62,61,69,63,76,56,69,83,60,69,79,60,62,88,89,89,92,96,83,86,72,83,72,70,71,68,61,59,66,45,37,29,42,38,33,35,35,19,19,12,10,13,3,9,3,4,2,2,4,0,2,0,1,0,0
강원도 정선군 사북읍(4277025600),"4,657","4,657",12,21,26,17,24,30,35,34,22,46,44,36,44,32,38,38,32,30,41,29,39,54,42,50,35,31,28,27,27,26,22,30,26,32,45,46,45,40,59,57,59,87,62,71,68,73,74,65,88,74,81,97,83,113,83,101,81,88,75,85,110,121,110,105,115,87,101,91,75,68,47,39,47,57,51,45,35,49,45,49,40,28,29,28,16,14,12,15,3,6,8,0,2,1,1,2,2,0,2,0,1
강원도 정선군 신동읍(4277025900),"1,820","1,820",3,3,4,5,4,7,10,8,10,9,10,10,12,11,10,15,14,9,12,9,16,15,13,12,16,6,12,9,12,6,5,11,7,13,11,5,7,9,19,11,10,16,15,16,15,27,21,30,21,23,33,30,28,39,41,38,32,34,45,34,46,63,50,46,64,43,38,33,29,41,24,29,26,24,25,23,23,32,29,26,27,32,22,18,14,16,9,6,6,5,1,3,4,2,0,1,0,1,1,0,0
강원도 정선군 신동읍함백출장소(4277026000),"1,591","1,591",3,3,3,3,3,1,1,2,7,13,6,14,8,7,10,12,8,11,9,15,12,18,12,10,15,14,11,8,3,6,10,2,6,6,9,5,11,13,8,12,15,12,12,14,13,17,12,19,21,21,20,33,29,32,22,39,36,40,26,36,47,49,42,26,50,41,37,35,33,34,26,20,26,21,22,21,28,21,23,39,26,13,21,19,11,9,10,10,9,7,2,0,6,1,2,2,0,0,1,0,2
강원도 정선군 남면(4277032000),"3,181","3,181",9,9,10,10,10,11,11,18,16,17,22,19,11,11,25,25,23,14,16,21,14,31,18,17,11,20,15,19,19,17,16,23,16,21,22,20,30,23,34,22,51,43,47,31,45,39,44,46,48,40,50,48,55,67,65,48,52,67,66,81,96,98,94,95,90,80,85,65,61,79,42,38,62,39,43,22,28,31,28,33,37,29,30,20,16,18,11,12,14,8,9,1,1,8,1,3,1,0,2,1,1
강원도 정선군 북평면(4277034000),"2,472","2,472",6,3,5,8,5,9,7,9,10,11,12,18,16,15,17,13,10,21,14,21,20,24,17,17,11,17,17,9,12,15,16,11,12,4,13,13,13,17,13,16,19,8,17,35,26,25,25,38,39,30,38,33,47,54,51,42,53,51,55,57,59,80,57,67,60,50,51,64,39,51,38,40,35,38,35,26,37,35,33,38,33,33,39,31,20,17,19,16,15,7,15,5,5,4,2,4,4,3,5,1,1
강원도 정선군 임계면(4277035000),"3,470","3,470",6,6,8,7,5,9,9,12,12,9,11,15,12,16,9,11,12,14,10,27,23,28,14,18,13,15,15,15,14,17,12,13,16,14,16,16,11,15,17,20,21,20,22,21,19,23,28,37,35,51,56,57,68,65,85,61,55,85,90,88,113,134,112,94,114,108,89,88,57,66,47,53,46,63,51,53,51,56,38,77,53,55,44,48,46,35,34,22,24,24,5,5,8,6,3,3,5,3,6,2,0
강원도 정선군 화암면(4277036000),"1,621","1,621",4,0,5,3,5,4,4,7,5,5,2,6,10,10,8,5,7,11,9,9,12,12,15,12,9,9,4,9,6,9,5,3,7,5,5,4,7,7,6,11,4,13,11,5,9,19,10,25,25,21,26,29,32,51,38,30,45,38,38,52,40,56,48,52,57,48,47,42,35,28,16,17,21,18,24,18,26,21,27,26,35,14,18,11,13,11,15,8,8,1,7,3,4,2,1,0,5,0,1,0,0
강원도 정선군 여량면(4277037000),"1,977","1,977",3,4,6,3,5,2,3,6,4,6,7,13,3,7,4,6,7,8,8,11,24,11,14,18,10,11,12,9,8,9,7,9,5,8,6,9,7,13,11,9,14,11,15,12,13,16,16,24,33,25,27,29,40,29,37,47,31,32,38,42,62,74,67,58,65,50,60,41,48,56,37,29,40,36,23,28,38,32,28,39,22,31,30,21,17,22,6,17,6,7,7,6,3,2,2,4,0,2,2,1,1
강원도 철원군 (4278000000),"43,044","43,044",256,306,307,297,329,290,323,343,296,336,331,345,297,352,349,374,339,372,356,435,415,497,491,496,526,525,525,563,564,542,537,500,454,409,421,401,411,383,456,471,543,524,486,486,498,511,487,593,659,647,659,668,634,671,653,706,698,693,699,802,820,930,804,807,767,647,713,704,552,507,332,417,456,455,487,474,419,453,456,477,443,361,387,303,263,200,170,116,117,83,72,64,67,57,38,27,21,11,10,6,14
강원도 철원군 철원읍(4278025000),"5,247","5,247",49,55,53,41,43,34,29,39,38,36,36,37,33,39,53,46,40,46,56,63,55,64,61,57,47,38,61,66,77,49,83,65,61,61,50,51,56,40,61,57,54,60,59,43,64,69,60,66,67,91,87,79,95,71,87,67,99,78,94,92,106,106,102,85,90,56,74,88,64,60,53,48,44,52,63,80,48,55,58,66,55,46,41,33,37,21,22,18,10,18,7,7,7,6,5,3,4,0,0,0,1
강원도 철원군 김화읍(4278025300),"3,410","3,410",34,29,36,32,31,24,39,28,34,34,29,32,24,30,21,27,22,23,20,22,24,29,30,40,55,52,49,54,57,62,71,46,47,35,56,34,48,41,43,28,42,51,41,35,34,38,21,40,34,43,38,37,36,32,41,62,41,55,36,58,60,65,62,63,69,55,39,45,37,35,19,30,40,25,41,34,30,32,46,42,35,33,35,28,20,24,17,11,11,6,7,8,5,4,3,2,0,1,3,1,0
강원도 철원군 갈말읍(4278025600),"11,841","11,841",49,76,62,67,87,79,85,92,75,84,93,92,75,95,76,113,101,103,78,140,115,137,147,138,152,179,145,154,161,151,143,133,123,98,105,114,108,115,128,133,165,161,146,141,135,134,124,173,196,202,211,193,160,206,178,202,205,179,198,235,234,275,209,209,212,176,201,208,165,144,95,115,117,108,132,119,119,135,115,119,97,87,103,71,66,48,47,29,26,14,20,7,19,20,7,6,7,6,1,3,5
강원도 철원군 동송읍(4278025900),"14,817","14,817",78,90,103,100,117,97,117,122,105,131,126,140,118,141,147,131,113,143,155,153,152,180,177,167,156,151,160,156,154,167,158,158,142,139,141,130,137,111,139,183,197,185,167,182,167,195,197,222,236,206,219,263,232,254,216,255,245,249,244,273,282,316,272,293,255,234,261,231,189,168,99,141,169,174,142,149,147,152,141,159,161,122,133,107,79,57,57,35,47,29,17,29,21,19,15,11,6,2,3,1,3
강원도 철원군 서면(4278031000),"1,812","1,812",19,21,15,15,13,14,13,14,11,11,4,10,7,5,9,7,10,14,5,5,12,18,17,31,46,38,49,55,37,44,28,31,27,20,16,28,18,23,18,13,18,11,24,19,13,16,15,19,21,16,18,16,19,18,30,25,21,26,22,24,29,33,36,36,23,35,26,26,16,27,18,13,23,21,28,23,16,13,19,30,19,15,18,16,18,12,5,6,7,4,2,3,3,2,3,2,1,1,1,1,0
강원도 철원군 서면와수출장소(4278031500),"3,646","3,646",14,20,18,25,15,30,25,32,21,20,31,22,25,32,32,39,31,30,33,39,39,52,41,42,43,39,31,52,43,31,28,31,31,26,25,27,17,32,44,39,46,38,38,51,62,42,48,57,74,63,60,62,57,62,61,59,63,60,62,68,76,71,76,75,69,56,62,57,42,47,23,42,37,39,39,39,36,41,41,34,34,34,39,27,27,21,14,9,8,7,13,3,9,6,4,1,3,1,2,0,2
강원도 철원군 근남면(4278032000),"2,166","2,166",13,15,20,17,23,12,15,16,12,20,12,12,15,10,9,11,21,13,9,13,18,16,18,21,27,28,30,26,35,38,26,36,23,30,28,17,27,21,22,18,19,18,11,15,22,15,21,16,30,24,23,16,32,28,38,36,23,44,42,47,32,62,45,46,46,34,49,44,36,24,22,27,25,35,35,26,20,22,32,25,33,19,17,19,13,17,7,8,8,4,6,6,3,0,1,2,0,0,0,0,3
강원도 철원군 근북면(4278033000),105,105,0,0,0,0,0,0,0,0,0,0,0,0,0,0,2,0,1,0,0,0,0,1,0,0,0,0,0,0,0,0,0,0,0,0,0,0,0,0,1,0,2,0,0,0,1,2,1,0,1,2,3,2,3,0,2,0,1,2,1,5,1,2,2,0,3,1,1,5,3,2,3,1,1,1,7,4,3,3,4,2,9,5,1,2,3,0,1,0,0,1,0,1,0,0,0,0,0,0,0,0,0
강원도 화천군 (4279000000),"24,094","24,094",125,160,171,159,154,179,192,195,165,168,178,174,159,157,168,160,158,183,171,200,210,288,277,366,459,412,359,426,348,366,387,306,315,285,255,227,248,232,218,278,275,253,232,209,261,227,250,277,316,290,334,340,352,396,358,371,370,423,396,402,485,517,468,449,432,398,392,401,320,321,138,185,219,225,234,242,213,216,237,270,264,224,214,182,166,149,107,90,78,52,51,50,37,23,19,9,10,7,12,5,13
강원도 화천군 화천읍(4279025000),"8,300","8,300",49,58,66,57,51,76,82,81,75,63,88,84,73,69,79,78,68,78,66,80,81,108,83,120,133,112,100,110,120,121,133,108,110,98,89,77,94,102,71,109,120,116,101,84,106,102,110,117,125,118,132,115,128,135,105,147,104,133,138,129,162,162,113,124,135,109,116,111,87,89,40,54,68,77,68,88,63,67,84,91,78,73,64,56,50,45,36,24,19,21,19,10,11,4,3,2,3,0,2,3,4
강원도 화천군 간동면(4279031000),"2,670","2,670",2,4,4,3,5,4,9,7,5,9,7,8,7,12,12,12,14,20,9,27,22,24,24,19,16,30,32,30,25,14,24,14,13,10,14,8,10,4,18,14,16,11,2,13,26,19,30,27,36,29,41,37,54,64,70,51,72,74,55,61,63,79,93,71,63,78,60,67,57,42,23,26,41,44,42,43,36,38,34,40,43,30,36,36,27,28,14,7,16,8,11,15,8,4,2,3,2,2,3,0,2
강원도 화천군 하남면(4279032000),"2,825","2,825",4,11,9,18,14,11,8,13,15,21,16,16,16,27,22,25,25,24,32,32,31,36,26,26,22,31,27,24,16,16,20,17,24,31,19,25,16,23,17,27,33,26,38,28,33,36,27,41,37,50,50,49,41,58,51,43,39,57,59,68,79,73,63,66,66,51,51,58,31,51,12,33,26,20,35,25,29,32,32,38,43,34,33,22,31,13,18,17,6,7,6,7,7,2,1,0,1,2,3,1,3
강원도 화천군 상서면(4279033000),"4,051","4,051",30,28,28,29,23,33,23,25,18,20,20,20,16,9,10,9,15,18,20,20,29,66,68,125,160,136,104,132,108,98,98,67,73,56,48,45,35,35,30,36,22,22,24,33,29,23,31,37,39,31,43,54,45,59,37,48,43,61,48,47,75,84,84,67,66,63,63,66,53,48,26,29,32,34,38,35,32,32,39,46,39,46,34,33,27,26,18,17,14,9,7,11,4,2,4,1,2,2,1,1,2
강원도 화천군 사내면(4279034000),"6,248","6,248",40,59,64,52,61,55,70,69,52,55,47,46,47,40,45,36,36,43,44,41,47,54,76,76,128,103,96,130,79,117,112,100,95,90,85,72,93,68,82,92,84,78,67,51,67,47,52,55,79,62,68,85,84,80,95,82,112,98,96,97,106,119,115,121,102,97,102,99,92,91,37,43,52,50,51,51,53,47,48,55,61,41,47,35,31,37,21,25,23,7,8,7,7,11,9,3,2,1,3,0,2
강원도 양구군 (4280000000),"21,651","21,651",153,148,133,157,189,178,159,159,163,179,190,172,136,159,184,156,229,264,193,180,194,258,243,323,341,278,318,303,274,292,314,250,239,247,227,224,215,228,227,286,266,244,213,234,203,223,239,232,287,279,289,296,329,336,319,317,343,363,358,420,470,449,405,419,403,368,333,357,257,249,169,165,188,183,197,209,163,236,194,246,210,179,180,129,147,109,93,68,77,53,54,41,17,22,18,13,4,6,8,3,8
강원도 양구군 양구읍(4280025000),"13,735","13,735",126,114,120,134,163,151,135,132,131,154,144,143,111,131,150,118,180,220,148,124,144,156,139,170,178,152,177,176,163,190,219,179,172,196,175,182,164,186,179,228,213,198,175,173,149,155,166,174,213,191,202,194,201,209,173,184,194,208,209,220,248,228,222,233,200,178,183,189,135,129,88,89,87,81,103,94,77,113,100,116,81,93,92,67,72,50,46,39,41,23,21,20,8,10,6,2,2,3,5,1,5
강원도 양구군 국토정중앙면(4280031500),"3,345","3,345",7,9,1,6,15,9,11,13,13,10,21,12,11,16,15,15,18,27,15,29,15,43,39,60,65,43,59,40,39,40,32,25,25,18,26,20,24,22,18,23,21,21,22,26,21,36,31,27,29,31,48,48,58,52,51,56,61,66,65,86,111,96,86,78,87,72,77,71,59,45,34,37,45,47,38,49,42,43,38,50,69,36,40,21,30,33,15,11,17,15,14,8,3,5,4,7,1,0,2,1,3
강원도 양구군 동면(4280032000),"2,038","2,038",14,19,6,11,7,9,7,8,8,9,10,6,5,8,5,8,9,9,10,10,13,24,36,49,49,45,46,51,39,28,40,26,23,20,13,8,9,10,15,15,11,10,6,12,15,15,16,11,25,17,14,22,34,33,41,33,39,34,41,49,39,46,43,51,42,50,30,32,29,25,19,15,22,18,25,29,17,37,27,45,25,27,20,16,19,12,14,6,4,7,9,7,4,3,4,3,1,0,1,0,0
강원도 양구군 방산면(4280033000),"1,275","1,275",3,4,4,5,2,6,2,5,6,4,7,6,3,3,8,6,6,3,9,6,12,23,20,38,42,25,22,26,22,26,15,13,13,4,8,6,9,4,4,10,12,7,4,9,6,8,12,4,9,14,11,14,11,16,19,22,23,27,22,25,30,32,26,26,39,32,25,37,16,24,15,10,14,16,13,14,14,25,11,15,15,11,17,15,11,11,12,6,4,6,6,5,1,3,1,1,0,1,0,0,0
강원도 양구군 해안면(4280034000),"1,258","1,258",3,2,2,1,2,3,4,1,5,2,8,5,6,1,6,9,16,5,11,11,10,12,9,6,7,13,14,10,11,8,8,7,6,9,5,8,9,6,11,10,9,8,6,14,12,9,14,16,11,26,14,18,25,26,35,22,26,28,21,40,42,47,28,31,35,36,18,28,18,26,13,14,20,21,18,23,13,18,18,20,20,12,11,10,15,3,6,6,11,2,4,1,1,1,3,0,0,2,0,1,0
강원도 인제군 (4281000000),"32,192","32,192",229,242,257,226,264,247,286,221,237,280,227,263,189,236,228,221,208,230,231,209,282,345,401,451,430,453,424,472,461,449,484,446,400,366,371,367,404,353,336,447,454,394,396,385,363,331,416,385,407,426,452,435,505,509,448,488,528,537,539,625,716,719,633,594,653,608,512,513,381,481,244,241,235,253,284,264,240,298,244,299,248,236,209,221,180,154,116,97,86,73,51,49,33,32,32,14,14,18,10,4,7
강원도 인제군 인제읍(4281025000),"10,306","10,306",93,100,110,96,99,98,102,93,92,115,97,104,80,99,82,83,72,98,88,82,104,114,105,121,114,132,129,118,155,148,159,139,131,117,144,127,132,127,136,177,175,163,145,163,133,133,145,150,155,137,159,135,177,175,133,151,152,153,150,180,190,196,168,152,175,152,146,136,98,139,70,65,75,64,76,77,67,71,56,80,63,58,59,49,42,45,25,24,23,18,13,14,8,10,4,5,4,7,3,1,2
강원도 인제군 인제읍귀둔출장소(4281025100),518,518,0,1,2,2,2,3,1,1,1,3,3,4,4,0,4,4,3,2,4,1,4,2,2,4,2,2,5,3,3,0,3,3,5,4,0,2,5,2,3,4,3,4,2,5,4,5,7,6,4,12,12,9,10,12,15,6,13,14,15,18,14,9,16,16,15,13,9,6,11,12,5,10,7,8,4,7,11,12,6,6,5,5,5,4,4,3,4,2,4,2,0,1,0,1,2,0,0,0,0,0,0
강원도 인제군 남면(4281031000),"3,802","3,802",24,26,27,20,40,15,35,16,21,27,18,28,16,22,29,27,27,17,20,21,32,26,42,58,41,43,49,71,59,74,62,63,62,44,42,55,40,43,30,63,53,41,47,37,31,30,37,35,37,36,45,57,55,59,48,56,57,65,55,66,88,100,79,70,89,83,83,66,50,75,28,33,35,29,29,26,22,43,28,45,36,23,31,33,33,23,18,14,14,9,11,10,6,4,4,1,2,4,1,1,1
강원도 인제군 북면(4281032000),"8,025","8,025",33,42,43,51,58,55,60,59,62,71,61,66,55,71,61,58,58,59,46,50,72,95,101,112,106,115,100,120,92,90,83,81,72,73,72,71,102,82,73,109,106,83,108,84,99,88,113,96,104,117,121,140,139,130,131,122,155,152,154,166,186,196,169,164,171,152,127,127,113,119,54,57,45,62,73,66,73,83,66,76,70,77,47,66,52,33,29,25,15,21,11,7,9,9,9,4,5,3,2,1,3
강원도 인제군 기린면(4281033000),"4,971","4,971",36,33,37,28,34,39,55,27,38,38,35,37,24,29,31,29,23,33,43,31,31,45,69,38,63,59,54,71,62,59,74,70,64,73,51,58,64,65,62,54,65,67,63,51,61,40,67,54,62,63,71,57,66,69,69,88,79,93,85,105,139,126,127,108,102,110,73,89,63,66,43,38,33,41,53,41,36,45,38,51,32,42,30,36,24,28,19,17,17,18,7,12,5,3,11,3,1,2,1,0,0
강원도 인제군 서화면(4281034000),"2,556","2,556",32,26,21,19,22,21,21,12,10,18,7,16,5,7,11,12,16,13,17,15,18,31,38,79,69,66,57,60,57,54,73,60,41,35,39,31,38,23,21,27,30,21,19,26,20,15,23,23,23,29,25,24,28,27,26,34,33,30,42,45,46,48,32,43,55,48,37,51,15,31,19,17,21,19,21,28,23,16,25,29,23,16,16,19,10,14,14,10,6,3,7,4,3,4,0,0,0,0,1,1,0
강원도 인제군 상남면(4281035000),"2,014","2,014",11,14,17,10,9,16,12,13,13,8,6,8,5,8,10,8,9,8,13,9,21,32,44,39,35,36,30,29,33,24,30,30,25,20,23,23,23,11,11,13,22,15,12,19,15,20,24,21,22,32,19,13,30,37,26,31,39,30,38,45,53,44,42,41,46,50,37,38,31,39,25,21,19,30,28,19,8,28,25,12,19,15,21,14,15,8,7,5,7,2,2,1,2,1,2,1,2,2,2,0,1
강원도 고성군 (4282000000),"27,326","27,326",92,112,120,125,123,134,163,155,170,173,164,159,133,143,159,146,159,167,175,181,233,229,283,289,265,298,277,292,247,257,253,227,220,233,215,230,234,215,262,307,261,285,270,273,247,272,317,361,372,408,448,458,472,456,414,499,490,479,501,561,628,692,673,580,580,549,552,556,443,471,314,321,337,336,342,374,356,337,308,373,303,325,271,249,215,177,146,137,91,93,57,56,49,48,46,26,14,10,12,9,7
강원도 고성군 간성읍(4282025000),"7,109","7,109",48,56,56,61,56,62,59,52,72,60,67,52,59,50,56,39,53,52,62,60,78,69,82,88,96,98,86,122,79,97,107,88,84,77,63,86,85,74,89,95,82,84,77,88,79,79,83,94,93,108,114,104,118,102,105,119,114,101,114,130,123,144,145,116,115,120,101,110,86,79,50,63,60,76,64,84,59,67,53,62,57,74,50,41,46,39,30,29,22,18,6,9,12,8,13,8,3,1,2,0,1
강원도 고성군 거진읍(4282025300),"5,968","5,968",8,9,9,11,18,9,26,23,26,28,23,30,23,34,32,37,30,34,33,36,40,47,65,59,41,47,45,23,43,34,40,34,25,28,38,21,35,24,37,37,34,41,50,55,52,56,54,65,67,86,91,114,99,92,92,117,98,125,132,127,139,167,152,161,141,151,144,133,107,131,82,92,101,88,94,97,101,94,95,108,94,101,70,70,66,53,35,50,25,24,16,16,18,15,14,11,5,5,7,5,1
강원도 고성군 현내면(4282031000),"2,296","2,296",1,7,6,6,4,5,4,10,7,10,7,8,7,3,8,13,14,11,10,10,7,16,15,14,11,8,10,15,11,12,10,11,12,14,10,17,11,21,12,16,22,16,15,22,12,14,20,25,28,22,28,31,32,31,25,51,44,45,42,52,82,73,65,58,67,65,61,65,49,56,35,41,38,43,47,35,40,39,32,53,39,36,39,23,27,10,17,18,10,11,14,9,5,5,2,1,2,0,1,2,0
강원도 고성군 죽왕면(4282032000),"3,465","3,465",10,5,3,11,7,14,13,17,16,13,14,22,12,8,17,14,16,20,21,15,28,24,33,41,28,31,47,28,26,28,26,25,23,22,35,27,20,14,33,37,21,31,31,22,25,34,31,41,55,45,59,59,54,60,58,64,60,66,57,77,87,112,98,69,77,72,80,85,73,70,43,35,43,54,44,47,55,50,50,66,52,48,37,39,28,38,15,21,16,21,9,11,7,3,7,2,2,2,0,1,2
강원도 고성군 토성면(4282033000),"8,488","8,488",25,35,46,36,38,44,61,53,49,62,53,47,32,48,46,43,46,50,49,60,80,73,88,87,89,114,89,104,88,86,70,69,76,92,69,79,83,82,91,122,102,113,97,86,79,89,129,136,129,147,156,150,169,171,134,148,174,142,156,175,197,196,213,176,180,141,166,163,128,135,104,90,95,75,93,111,101,87,78,84,61,66,75,76,48,37,49,19,18,19,12,11,7,17,10,4,2,2,2,1,3
강원도 양양군 (4283000000),"27,864","27,864",73,85,112,107,107,121,149,153,146,186,167,170,151,158,198,154,152,185,220,186,227,288,228,263,209,250,220,206,205,197,212,182,180,190,214,211,209,224,259,329,301,316,351,300,322,301,339,380,405,422,423,447,479,514,479,495,497,496,486,594,651,698,624,656,641,587,539,608,455,547,347,328,369,367,412,379,331,373,345,381,315,302,301,259,195,196,163,131,102,83,68,53,49,46,42,26,26,13,11,4,11
강원도 양양군 양양읍(4283025000),"12,682","12,682",52,51,72,68,69,76,93,106,86,118,107,113,100,101,127,102,91,118,129,114,130,151,107,146,108,132,107,113,111,114,114,101,99,100,117,112,129,119,131,178,171,188,193,189,188,180,180,192,223,239,206,222,221,230,228,221,201,202,205,221,255,258,260,261,244,225,194,191,149,202,114,127,131,128,143,141,109,106,116,116,107,102,104,83,58,71,44,50,29,27,28,18,24,11,13,9,8,3,6,0,5
강원도 양양군 서면(4283031000),"2,805","2,805",1,1,2,3,5,4,13,6,6,15,13,11,11,14,19,15,15,18,30,16,16,30,24,20,20,31,22,6,10,11,14,9,17,17,15,10,12,18,19,23,10,28,31,14,22,25,42,45,27,35,39,47,55,48,50,49,55,50,48,74,70,80,63,70,61,66,59,75,70,59,56,37,38,39,61,43,54,51,47,49,45,43,46,32,26,14,22,13,10,9,7,9,5,6,3,4,3,2,1,0,1
강원도 양양군 손양면(4283032000),"2,280","2,280",2,6,6,6,5,4,9,6,9,5,7,10,9,15,7,8,2,5,12,7,18,24,18,14,14,17,18,12,20,19,18,24,14,9,13,18,13,13,14,20,16,21,13,20,18,26,16,22,24,39,23,33,59,51,26,48,46,40,44,53,60,71,53,68,43,32,53,59,34,55,28,26,34,35,44,33,34,39,39,49,38,39,32,37,27,16,19,19,9,12,8,6,1,7,5,4,1,1,0,0,2
강원도 양양군 현북면(4283033000),"2,596","2,596",2,5,7,5,8,9,9,8,12,11,11,8,7,9,10,5,10,8,8,15,12,20,14,17,14,14,22,21,15,9,18,10,12,21,19,22,16,20,25,23,28,25,32,22,20,19,24,25,23,29,35,31,32,41,41,41,56,61,47,60,72,80,57,78,65,86,65,66,52,64,47,34,42,39,53,44,37,52,34,46,41,34,27,32,22,24,22,14,17,10,7,6,5,4,3,1,6,1,1,1,2
강원도 양양군 현남면(4283034000),"2,939","2,939",7,8,11,8,4,9,8,4,11,9,16,11,9,7,9,7,11,12,14,13,15,21,17,15,16,14,6,13,13,13,16,17,11,18,22,12,22,19,31,38,26,16,40,28,35,14,32,40,35,37,28,34,48,41,44,47,57,55,54,58,74,72,77,56,84,71,76,98,63,73,52,42,55,61,58,46,41,59,46,55,39,39,45,42,28,34,37,16,25,12,7,8,7,11,13,2,4,3,1,0,1
강원도 양양군 강현면(4283035000),"4,562","4,562",9,14,14,17,16,19,17,23,22,28,13,17,15,12,26,17,23,24,27,21,36,42,48,51,37,42,45,41,36,31,32,21,27,25,28,37,17,35,39,47,50,38,42,27,39,37,45,56,73,43,92,80,64,103,90,89,82,88,88,128,120,137,114,123,144,107,92,119,87,94,50,62,69,65,53,72,56,66,63,66,45,45,47,33,34,37,19,19,12,13,11,6,7,7,5,6,4,3,2,3,0
