부산광역시  (2600000000),"3,347,396","3,347,396","14,135","15,026","17,063","19,057","21,265","24,043","26,561","26,188","25,846","28,404","27,621","27,436","25,006","25,869","27,703","24,983","24,342","26,206","28,306","28,515","32,401","38,621","39,383","40,269","42,467","43,408","43,761","43,957","43,489","44,283","42,709","38,685","39,124","37,567","36,710","36,961","38,005","38,987","44,675","49,209","52,611","52,603","52,585","46,066","46,664","44,714","47,497","51,186","54,084","54,444","56,267","57,425","56,450","58,200","54,749","52,690","53,661","53,302","50,555","59,178","62,953","66,370","61,595","57,422","57,107","54,323","55,321","50,257","41,868","44,382","37,646","34,742","35,401","35,198","33,069","29,004","21,039","24,743","22,582","26,802","22,109","18,729","17,534","15,014","12,701","11,192","9,471","8,048","6,206","5,143","4,061","2,906","2,558","2,040","1,565",955,670,449,361,269,414
부산광역시 중구 (2611000000),"40,582","40,582",74,71,64,94,110,124,121,137,150,151,163,173,161,150,196,163,177,187,238,251,354,431,511,547,644,687,704,665,692,681,618,526,490,441,396,356,420,376,389,456,469,500,468,430,453,411,521,573,614,653,641,669,712,694,647,627,676,604,662,758,818,833,836,844,831,803,858,780,649,692,568,567,568,563,547,488,370,430,394,490,392,312,310,290,206,199,156,119,113,95,67,61,48,52,40,19,16,7,13,10,7
부산광역시 중구 중앙동(2611051000),"3,085","3,085",4,4,4,2,4,7,1,4,2,2,5,3,3,6,5,5,5,4,10,14,27,38,59,74,111,124,131,124,131,103,134,108,87,70,62,46,52,46,36,43,39,35,43,32,27,29,31,29,42,41,35,41,42,41,33,38,33,26,37,38,42,42,35,44,41,40,39,33,28,38,23,24,31,16,18,15,18,16,11,12,17,7,13,14,6,10,4,7,5,6,5,1,2,5,1,0,1,1,0,2,0
부산광역시 중구 동광동(2611052000),"2,638","2,638",1,5,1,6,9,6,11,5,11,11,7,9,14,3,12,7,8,6,8,14,20,27,23,20,25,20,33,31,40,48,27,19,31,10,14,22,26,24,25,28,19,31,28,29,21,26,37,29,37,43,46,44,39,48,55,35,49,46,52,58,68,65,51,53,60,46,65,46,48,54,53,51,51,43,44,33,32,41,37,40,33,35,28,20,12,20,12,11,9,5,6,7,5,7,1,1,3,0,1,1,1
부산광역시 중구 대청동(2611053000),"6,229","6,229",6,7,11,16,12,28,21,22,26,25,28,29,21,25,36,31,36,37,57,48,59,63,62,94,121,102,104,101,106,113,82,62,64,72,71,47,60,49,48,71,74,70,75,64,74,86,88,102,99,97,107,96,114,101,86,92,103,94,108,109,139,131,135,137,137,112,111,108,92,103,72,72,83,98,72,75,59,64,63,86,52,33,44,43,31,29,26,14,19,8,12,12,8,12,10,6,3,1,1,3,1
부산광역시 중구 보수동(2611054500),"10,523","10,523",30,20,14,24,29,38,36,45,45,41,42,37,41,45,61,37,54,61,73,79,117,145,180,152,151,162,152,140,158,140,151,137,123,101,107,96,102,85,100,115,117,141,128,114,127,109,133,152,153,193,166,192,168,187,160,164,184,173,173,196,203,212,212,225,217,213,237,196,152,177,136,137,152,125,147,132,77,99,87,133,113,82,85,69,62,39,42,35,28,25,13,19,9,12,8,3,4,2,6,0,2
부산광역시 중구 부평동(2611056000),"4,526","4,526",5,7,8,7,10,4,11,12,12,14,17,24,18,17,18,14,15,19,25,21,31,33,43,56,62,75,68,52,70,62,56,47,45,45,30,46,50,45,41,45,64,57,46,54,47,39,51,61,66,71,66,76,79,86,75,76,73,53,68,100,93,104,113,106,111,106,106,111,91,79,74,83,64,64,72,59,44,47,62,49,47,44,32,35,20,26,20,8,14,15,10,4,7,1,10,3,0,0,1,2,1
부산광역시 중구 광복동(2611057000),972,972,1,1,3,3,1,3,3,1,4,2,3,3,5,2,2,5,3,5,3,5,2,6,7,10,16,8,9,13,9,11,14,4,5,11,7,5,14,7,5,16,10,12,11,13,10,6,9,13,8,11,16,18,26,17,15,11,17,21,16,19,22,21,26,29,20,23,27,27,28,22,17,19,12,14,15,14,9,9,13,7,13,11,5,7,10,5,5,2,5,3,2,4,1,5,1,1,0,0,0,1,1
부산광역시 중구 남포동(2611058000),908,908,1,0,0,0,1,1,2,0,3,1,1,3,5,2,2,3,4,2,2,1,3,5,1,6,5,1,9,9,7,9,7,10,4,8,5,5,6,5,7,5,11,12,7,9,5,4,6,12,20,10,19,22,17,19,20,22,19,10,21,27,36,27,36,19,28,39,25,16,23,23,15,12,14,19,20,18,9,11,12,8,11,9,6,6,5,5,1,3,1,0,1,2,0,2,1,0,1,0,0,0,1
부산광역시 중구 영주제1동(2611059000),"4,688","4,688",15,12,11,18,15,11,13,23,17,17,24,24,18,18,22,19,12,16,18,22,41,46,60,68,90,96,112,127,93,121,84,72,72,71,51,39,54,55,70,68,54,61,43,51,53,42,87,65,82,77,70,64,71,81,84,65,82,51,60,77,72,75,73,86,72,87,87,90,60,72,62,59,60,60,53,44,41,44,31,53,30,26,37,31,19,30,16,12,17,5,8,3,7,3,2,3,1,1,1,0,0
부산광역시 중구 영주제2동(2611060000),"7,013","7,013",11,15,12,18,29,26,23,25,30,38,36,41,36,32,38,42,40,37,42,47,54,68,76,67,63,99,86,68,78,74,63,67,59,53,49,50,56,60,57,65,81,81,87,64,89,70,79,110,107,110,116,116,156,114,119,124,116,130,127,134,143,156,155,145,145,137,161,153,127,124,116,110,101,124,106,98,81,99,78,102,76,65,60,65,41,35,30,27,15,28,10,9,9,5,6,2,3,2,3,1,0
부산광역시 서구 (2614000000),"104,618","104,618",328,339,402,446,492,589,644,619,648,693,720,685,634,667,709,677,622,745,781,830,"1,009","1,243","1,285","1,357","1,373","1,405","1,345","1,288","1,272","1,293","1,143","1,004","1,082",941,921,917,955,974,"1,122","1,320","1,377","1,491","1,402","1,243","1,271","1,252","1,267","1,508","1,630","1,617","1,669","1,744","1,728","1,725","1,646","1,611","1,681","1,642","1,644","1,900","2,042","2,293","2,118","1,947","1,949","1,904","1,951","1,898","1,490","1,669","1,460","1,376","1,442","1,330","1,390","1,197",893,"1,043",996,"1,143","1,013",857,829,678,547,532,454,357,292,216,187,113,117,87,88,36,35,33,18,9,22
부산광역시 서구 동대신제1동(2614051000),"5,611","5,611",28,22,37,36,36,45,40,30,35,38,30,35,44,37,37,27,34,32,44,40,46,57,73,64,79,71,74,62,69,81,84,63,74,47,66,78,54,58,73,88,94,81,71,62,73,68,78,83,82,75,93,103,98,96,77,99,80,76,91,98,95,106,93,95,108,90,90,98,65,97,65,65,69,69,67,51,41,50,43,48,52,42,38,41,26,33,27,27,16,12,16,5,8,3,4,1,1,6,1,0,1
부산광역시 서구 동대신제2동(2614052000),"7,265","7,265",9,14,14,23,28,34,36,32,26,51,38,38,48,37,44,56,44,49,55,56,67,89,79,76,69,72,80,66,79,66,57,48,66,59,53,52,47,53,54,91,72,74,90,89,86,84,80,111,125,120,120,124,140,127,127,108,138,110,125,128,146,149,160,143,142,139,146,162,118,118,124,94,118,106,124,104,91,78,77,103,92,72,79,66,41,41,39,34,38,24,14,11,9,10,7,2,4,3,2,0,2
부산광역시 서구 동대신제3동(2614053000),"7,730","7,730",29,28,23,36,43,49,49,42,55,52,47,55,47,49,46,54,47,55,68,49,93,107,125,159,144,115,129,117,106,121,101,83,76,91,76,75,74,71,90,103,108,107,115,97,90,99,78,103,136,112,121,130,114,117,124,95,87,119,105,128,117,172,152,125,125,144,129,125,94,102,113,83,92,87,85,73,68,77,71,73,64,61,65,43,39,40,33,22,18,14,13,13,7,3,9,2,3,2,3,3,2
부산광역시 서구 서대신제1동(2614054000),"13,657","13,657",76,66,103,90,105,126,128,112,126,131,128,122,94,95,114,104,92,112,116,118,151,159,183,138,173,177,184,164,158,182,153,149,169,150,150,163,169,174,210,231,247,267,202,202,162,207,197,205,227,216,233,235,224,204,197,185,196,214,175,221,203,236,217,197,189,196,185,174,157,185,139,146,144,144,136,117,84,118,112,128,112,83,81,65,69,60,47,42,19,21,25,12,16,5,13,5,7,6,1,0,0
부산광역시 서구 서대신제3동(2614056000),"8,011","8,011",25,34,41,42,45,57,72,81,64,71,92,80,74,88,90,83,69,89,73,82,79,101,93,89,74,90,84,97,92,77,81,75,73,73,74,64,87,79,96,108,117,115,129,122,132,119,130,117,149,147,115,154,141,128,134,114,128,121,119,134,139,181,144,134,110,125,123,118,94,114,103,84,83,71,85,62,49,62,61,69,54,40,40,50,38,41,24,20,25,11,17,10,8,7,4,3,2,1,0,1,1
부산광역시 서구 서대신제4동(2614057000),"7,718","7,718",32,32,44,46,56,58,64,92,84,79,86,84,78,81,82,74,67,68,69,72,73,79,86,85,100,100,85,78,82,86,83,63,79,60,74,66,86,96,96,99,118,140,126,121,98,95,121,124,136,134,125,135,115,142,125,106,129,116,123,124,142,170,143,114,123,115,112,106,100,91,74,80,96,69,75,62,47,55,47,61,52,39,54,49,30,31,23,23,14,12,15,8,7,7,8,3,0,0,2,0,2
부산광역시 서구 부민동(2614059000),"7,542","7,542",17,36,29,37,39,38,54,49,52,57,44,38,54,51,55,50,44,50,71,97,119,146,165,165,154,156,155,156,151,126,114,95,101,91,86,69,80,73,78,89,117,114,95,88,95,92,90,98,111,105,128,126,116,107,89,106,102,103,86,116,129,138,107,125,105,123,122,123,78,99,82,80,78,62,72,55,49,49,45,56,39,48,46,38,28,30,28,17,19,11,6,5,10,8,5,1,5,1,1,0,4
부산광역시 서구 아미동(2614061500),"6,522","6,522",7,5,0,9,11,6,7,12,8,16,14,16,16,22,17,28,25,40,40,48,44,54,52,74,98,83,76,81,70,79,62,50,50,46,37,40,33,42,41,56,64,62,63,58,61,69,61,103,97,98,100,97,131,105,103,107,99,105,119,142,167,157,160,158,144,148,152,156,129,126,130,107,131,113,118,106,71,94,73,100,102,84,79,67,54,51,31,36,30,26,11,12,8,11,4,2,2,3,3,2,5
부산광역시 서구 초장동(2614063000),"4,224","4,224",8,6,3,11,6,9,21,13,12,8,18,11,15,15,17,15,16,15,19,20,30,31,38,50,35,55,31,35,42,44,35,33,35,30,24,26,25,19,29,34,45,50,50,38,57,49,35,63,72,67,74,76,75,52,63,78,79,65,75,100,87,96,105,88,106,90,94,116,81,85,72,85,70,61,77,63,42,63,65,73,71,50,52,42,41,37,29,15,13,12,11,6,8,3,6,2,3,2,0,0,0
부산광역시 서구 충무동(2614064000),"9,872","9,872",36,29,38,34,36,56,58,49,55,55,47,55,46,48,54,38,35,54,66,64,76,116,112,170,146,185,159,142,163,151,125,122,118,115,96,86,105,86,103,125,132,150,115,97,108,105,110,135,140,162,147,170,159,169,149,168,177,152,168,183,221,207,209,174,172,172,206,183,122,154,124,129,152,140,135,110,80,81,116,88,86,94,71,42,45,44,47,27,25,18,12,8,7,7,5,3,0,1,3,1,1
부산광역시 서구 남부민제1동(2614065000),"4,833","4,833",12,16,13,12,9,15,8,11,16,17,13,9,13,12,19,18,16,23,13,28,30,54,36,39,48,42,41,48,36,54,37,38,47,34,42,46,40,42,49,52,41,55,56,37,40,45,45,58,75,81,77,71,71,96,83,85,79,95,89,103,117,118,103,109,131,125,112,116,97,111,88,90,83,82,73,82,60,66,58,84,84,54,51,35,30,23,27,19,21,10,13,7,7,6,4,3,1,3,0,0,0
부산광역시 서구 남부민제2동(2614066000),"8,965","8,965",19,17,12,28,33,37,30,31,37,45,45,45,43,47,39,28,38,44,50,75,71,70,77,75,66,83,98,92,82,83,74,64,65,41,52,54,69,71,67,95,102,109,97,89,104,94,110,119,126,137,152,141,153,166,158,167,166,133,157,174,199,229,228,195,224,191,199,210,162,174,169,161,167,148,158,161,116,125,107,130,111,96,78,60,48,55,53,39,36,24,14,7,5,11,14,5,3,1,1,2,3
부산광역시 서구 암남동(2614068000),"12,668","12,668",30,34,45,42,45,59,77,65,78,73,118,97,62,85,95,102,95,114,97,81,130,180,166,173,187,176,149,150,142,143,137,121,129,104,91,98,86,110,136,149,120,167,193,143,165,126,132,189,154,163,184,182,191,216,217,193,221,233,212,249,280,334,297,290,270,246,281,211,193,213,177,172,159,178,185,151,95,125,121,130,94,94,95,80,58,46,46,36,18,21,20,9,17,6,5,4,4,4,1,0,1
부산광역시 동구 (2617000000),"88,245","88,245",382,313,339,360,380,437,447,416,448,436,480,433,423,440,516,466,430,490,565,577,748,812,874,919,"1,019","1,145","1,200","1,187","1,205","1,257","1,247","1,092","1,108",996,983,931,"1,008",961,"1,094","1,094","1,194","1,154","1,207","1,027","1,061",980,"1,115","1,222","1,325","1,349","1,464","1,488","1,485","1,518","1,452","1,361","1,361","1,333","1,323","1,589","1,644","1,848","1,767","1,624","1,698","1,666","1,679","1,512","1,292","1,435","1,292","1,156","1,198","1,272","1,172",982,774,970,865,"1,064",855,785,665,600,513,449,402,310,251,191,176,107,82,85,69,41,26,17,11,15,19
부산광역시 동구 초량제1동(2617051000),"5,019","5,019",12,3,7,9,11,17,18,31,15,27,17,28,38,26,23,33,21,21,37,35,37,41,51,75,68,97,84,96,93,77,79,71,64,56,53,46,43,53,40,58,75,75,74,70,57,62,71,76,75,85,90,99,76,107,78,69,83,65,70,84,93,110,92,95,96,87,93,77,79,81,61,58,67,77,56,64,51,42,50,52,60,42,35,23,30,35,17,7,5,10,5,1,3,3,3,3,0,2,0,1,1
부산광역시 동구 초량제2동(2617052000),"5,692","5,692",6,6,9,8,19,10,16,22,16,14,27,28,23,19,36,22,25,27,21,25,47,32,60,47,57,61,62,86,83,78,66,65,57,37,58,43,54,60,64,42,70,54,82,68,62,58,69,73,83,82,111,102,84,114,103,86,98,91,91,111,111,119,120,110,122,124,130,125,97,125,99,114,107,101,86,69,57,80,62,78,59,61,48,45,37,28,21,16,27,17,16,11,12,7,10,3,3,1,1,1,2
부산광역시 동구 초량제3동(2617053000),"13,100","13,100",161,119,127,127,119,128,137,99,128,93,77,87,68,83,94,63,77,72,86,90,134,141,123,176,175,242,201,217,228,254,324,246,294,257,251,263,260,237,263,288,254,263,234,188,170,171,173,194,202,197,195,197,214,210,176,188,177,144,153,168,174,180,193,163,157,128,149,129,116,108,87,80,79,95,65,68,59,80,64,55,54,35,38,45,38,29,32,26,22,20,9,11,5,5,5,8,2,3,0,4,3
부산광역시 동구 초량제6동(2617055000),"5,902","5,902",9,7,6,12,7,19,17,22,17,33,28,38,29,42,40,45,30,41,41,39,37,65,56,70,47,60,56,61,59,48,61,50,48,44,35,45,36,52,54,41,56,67,74,59,75,58,82,87,83,112,102,100,93,101,96,99,83,103,111,106,108,135,123,119,118,117,116,112,93,134,112,94,92,117,110,79,51,74,65,110,68,78,60,51,39,46,48,27,26,14,24,11,8,10,5,4,4,3,2,0,1
부산광역시 동구 수정제1동(2617056000),"4,132","4,132",10,11,9,10,12,17,22,30,30,28,24,34,20,20,33,42,21,29,40,26,37,42,43,48,51,46,49,34,63,55,55,41,31,33,36,34,30,34,48,55,55,51,59,43,59,60,53,58,73,63,66,65,65,76,80,66,68,48,61,64,85,77,52,78,87,80,82,67,65,79,70,64,53,66,66,57,32,46,39,62,41,39,32,27,26,22,12,13,14,9,9,3,2,5,1,0,1,0,0,0,3
부산광역시 동구 수정제2동(2617057000),"9,824","9,824",44,35,26,36,36,41,44,34,48,51,48,38,36,39,56,50,53,63,71,74,79,88,93,92,104,99,127,121,135,157,120,134,127,118,116,94,101,108,123,92,103,129,107,98,114,99,124,121,150,162,159,160,174,168,164,139,163,161,145,204,177,232,215,163,209,196,192,176,161,150,168,141,149,161,151,131,94,106,86,134,85,99,71,60,62,44,48,53,31,23,22,10,7,6,5,3,2,1,0,4,1
부산광역시 동구 수정제4동(2617059000),"3,849","3,849",3,3,7,9,11,13,13,5,6,15,9,15,14,14,20,14,22,19,27,25,34,38,33,32,35,32,38,34,29,39,31,26,24,26,35,23,28,28,33,30,30,33,37,33,30,36,36,47,65,62,65,69,67,69,59,76,50,66,59,84,80,73,77,93,81,73,93,84,68,84,66,59,82,76,92,74,54,46,55,83,65,57,47,36,39,31,34,14,14,7,18,3,3,9,6,4,1,1,2,0,0
부산광역시 동구 수정제5동(2617060000),"5,292","5,292",3,3,6,13,9,21,15,23,23,19,41,24,34,26,35,25,31,43,38,39,35,46,67,47,51,56,66,59,48,44,46,40,38,33,41,25,30,37,43,46,68,44,66,53,72,44,60,75,83,79,74,92,103,92,105,69,91,89,83,106,98,123,133,96,98,112,125,122,68,108,89,89,94,113,92,82,54,87,68,76,79,56,61,47,29,29,30,31,11,19,12,7,13,8,7,3,3,0,0,2,1
부산광역시 동구 좌천동(2617064500),"11,444","11,444",49,44,48,42,47,49,49,47,45,46,64,45,51,46,65,61,59,74,75,84,119,110,115,125,144,158,179,150,142,136,134,127,135,114,107,103,131,111,127,131,136,147,142,136,139,127,144,158,166,158,184,220,185,195,184,185,187,181,160,214,236,244,217,219,221,222,229,195,166,175,175,152,161,171,166,130,120,141,137,145,119,103,108,103,70,52,53,48,38,13,18,16,6,15,8,3,4,1,3,1,4
부산광역시 동구 범일제1동(2617065000),"11,735","11,735",27,20,29,28,25,35,29,33,38,43,67,50,44,59,51,57,51,54,75,64,93,100,113,104,124,139,169,142,150,145,163,120,110,116,96,96,116,88,110,133,151,118,131,97,113,112,140,150,178,157,212,179,210,197,212,181,183,195,215,230,257,297,300,256,265,292,249,240,203,218,209,179,175,162,172,125,110,150,144,156,148,120,106,94,91,81,67,43,38,36,24,16,14,8,9,5,4,1,2,0,2
부산광역시 동구 범일제2동(2617066000),"7,947","7,947",31,30,33,31,45,48,44,33,42,41,41,29,37,40,37,35,25,26,36,49,62,75,84,70,110,109,129,144,135,158,128,137,109,101,104,103,114,98,106,108,119,95,126,105,103,99,90,115,113,126,135,146,149,145,130,138,127,140,112,160,161,181,170,151,161,155,140,121,117,106,97,80,92,88,68,64,52,79,57,65,39,61,37,46,28,30,26,15,17,11,9,12,2,5,5,4,2,2,0,1,0
부산광역시 동구 범일제5동(2617068000),"4,309","4,309",27,32,32,35,39,39,43,37,40,26,37,17,29,26,26,19,15,21,18,27,34,34,36,33,53,46,40,43,40,66,40,35,71,61,51,56,65,55,83,70,77,78,75,77,67,54,73,68,54,66,71,59,65,44,65,65,51,50,63,58,64,77,75,81,83,80,81,64,59,67,59,46,47,45,48,39,40,39,38,48,38,34,22,23,24,22,14,17,8,12,10,6,7,4,5,1,0,2,1,1,1
부산광역시 영도구 (2620000000),"109,991","109,991",275,303,368,404,471,522,589,562,610,656,661,745,582,684,703,674,634,720,816,777,945,"1,112","1,162","1,126","1,182","1,192","1,112","1,169","1,101","1,194","1,081",956,930,951,879,942,940,964,"1,172","1,269","1,354","1,408","1,406","1,265","1,286","1,270","1,436","1,567","1,728","1,696","1,766","1,830","1,803","1,861","1,806","1,878","1,814","1,776","1,768","2,144","2,347","2,571","2,398","2,237","2,265","2,276","2,386","2,130","1,757","1,929","1,715","1,581","1,709","1,624","1,624","1,498","1,041","1,245","1,165","1,426","1,133",984,905,742,620,551,461,375,301,255,173,129,120,96,63,59,31,22,16,11,23
부산광역시 영도구 남항동(2620053000),"10,839","10,839",23,28,30,26,33,44,47,46,48,45,54,48,45,46,47,38,46,50,62,58,85,101,107,107,119,115,116,112,121,104,115,100,99,96,107,94,98,79,127,118,116,138,140,95,124,121,130,161,153,167,191,158,170,190,183,200,191,193,167,210,258,259,232,231,216,247,262,241,179,172,168,166,177,172,191,173,115,129,124,148,133,94,94,97,59,64,52,39,41,24,25,17,18,15,10,5,4,2,1,2,1
부산광역시 영도구 영선제1동(2620054000),"3,968","3,968",11,5,12,10,19,18,25,14,18,17,25,26,20,22,27,22,15,27,27,20,35,32,49,38,46,47,38,35,35,49,41,41,19,40,20,35,27,42,39,41,44,47,47,59,47,32,48,50,49,59,68,49,61,71,65,79,77,73,50,83,79,103,98,83,96,96,74,87,58,80,76,65,57,63,63,68,32,44,44,48,37,44,32,28,16,20,19,16,15,10,10,5,3,1,1,1,2,2,1,3,1
부산광역시 영도구 영선제2동(2620055000),"8,219","8,219",25,18,30,26,23,32,45,46,40,52,38,58,43,50,40,65,46,44,62,57,65,82,77,87,75,87,87,88,83,99,82,74,88,77,70,86,46,79,83,86,86,103,97,89,85,78,103,114,105,117,137,117,161,118,135,138,141,144,124,173,182,175,197,169,144,175,167,150,116,171,134,126,139,134,142,117,83,101,95,117,96,85,75,62,56,48,37,23,12,15,19,10,15,7,3,6,2,5,3,0,0
부산광역시 영도구 신선동(2620058500),"8,212","8,212",13,16,18,13,15,16,20,20,33,32,23,41,26,49,49,41,40,47,53,52,51,77,62,51,81,63,65,95,72,77,61,55,45,51,46,46,55,59,62,73,82,90,89,87,81,94,94,118,126,121,130,159,127,155,136,144,143,141,136,160,188,218,187,158,208,171,177,155,142,184,118,146,127,154,177,151,99,133,112,148,127,116,120,81,68,60,47,35,37,23,15,4,13,16,9,4,4,1,1,0,1
부산광역시 영도구 봉래제1동(2620059000),"6,719","6,719",18,21,26,33,31,43,42,24,27,40,28,40,39,33,37,36,35,28,46,47,51,63,71,63,57,58,60,88,66,85,63,64,69,59,51,66,65,61,76,65,86,83,86,83,83,86,88,86,106,94,108,104,98,101,96,102,112,94,104,134,149,175,149,156,148,139,144,144,118,134,113,94,114,94,89,92,64,74,71,75,68,63,51,54,46,31,29,26,17,28,16,12,9,8,1,4,4,1,2,1,3
부산광역시 영도구 봉래제2동(2620060500),"7,886","7,886",33,41,40,54,52,66,53,42,55,58,64,53,43,41,50,48,63,50,47,59,70,57,57,84,60,84,74,83,88,87,89,81,71,72,75,82,87,79,114,120,120,117,117,94,98,101,123,110,147,132,113,126,129,129,130,136,134,126,115,125,143,133,139,137,136,139,133,123,104,139,127,105,112,114,106,89,70,87,92,143,76,70,71,46,35,35,37,27,15,15,11,2,8,6,2,8,0,1,1,0,1
부산광역시 영도구 청학제1동(2620063000),"6,060","6,060",17,20,14,22,28,46,38,37,40,36,37,50,28,48,35,34,32,47,35,49,35,62,61,33,53,53,48,66,54,60,57,39,61,38,53,53,48,56,65,74,98,75,88,85,75,81,92,98,87,85,92,108,101,99,84,102,74,89,104,117,125,149,124,105,122,128,160,101,91,108,96,89,97,86,95,85,67,85,65,87,53,67,48,40,31,38,18,26,15,15,5,10,6,7,6,8,4,1,0,0,1
부산광역시 영도구 청학제2동(2620064000),"17,501","17,501",47,52,66,66,93,94,101,110,122,133,137,159,110,122,132,126,126,148,148,134,161,166,176,166,185,192,180,183,172,181,183,156,147,154,134,154,171,144,189,233,241,240,233,231,212,227,257,260,283,279,263,352,298,307,295,277,278,308,290,320,349,403,386,336,333,334,337,344,272,271,297,239,250,232,211,184,144,179,176,176,151,122,126,103,81,82,72,45,36,35,15,18,17,9,10,11,3,2,0,3,3
부산광역시 영도구 동삼제1동(2620065000),"27,399","27,399",68,73,100,114,133,126,172,175,169,189,187,205,169,221,213,203,169,215,248,222,285,338,370,336,345,338,301,306,281,319,275,232,240,255,232,238,248,264,302,321,335,348,374,297,343,310,370,400,481,455,458,445,449,491,482,482,455,418,462,550,574,625,554,570,542,562,583,469,426,400,343,331,377,367,332,335,213,226,228,288,250,197,177,136,141,104,80,86,77,53,40,33,18,17,13,9,4,5,5,1,6
부산광역시 영도구 동삼제2동(2620066000),"3,370","3,370",7,11,9,16,17,17,17,15,24,16,19,21,17,8,20,16,8,16,19,27,32,71,51,71,82,73,58,38,40,42,34,30,31,19,24,20,28,24,32,43,40,47,40,51,39,41,35,46,47,48,47,47,48,51,37,44,45,50,41,46,59,72,70,61,71,74,63,77,46,68,46,62,58,42,50,51,49,44,28,43,26,22,29,17,22,8,12,13,9,6,4,3,6,2,1,0,0,1,0,1,1
부산광역시 영도구 동삼제3동(2620067000),"9,818","9,818",13,18,23,24,27,20,29,33,34,38,49,44,42,44,53,45,54,48,69,52,75,63,81,90,79,82,85,75,89,91,81,84,60,90,67,68,67,77,83,95,106,120,95,94,99,99,96,124,144,139,159,165,161,149,163,174,164,140,175,226,241,259,262,231,249,211,286,239,205,202,197,158,201,166,168,153,105,143,130,153,116,104,82,78,65,61,58,39,27,31,13,15,7,8,7,3,4,1,2,0,5
부산광역시 부산진구 (2623000000),"351,764","351,764","1,443","1,461","1,578","1,821","1,901","2,189","2,317","2,310","2,175","2,459","2,414","2,404","2,181","2,234","2,445","2,244","2,201","2,428","2,601","2,773","3,456","4,279","4,471","4,889","5,186","5,496","5,649","5,781","5,699","5,791","5,545","4,937","4,819","4,437","4,453","4,143","4,250","4,197","4,753","5,029","5,201","5,221","5,130","4,489","4,506","4,464","4,740","5,079","5,519","5,507","5,805","5,727","5,695","5,870","5,477","5,399","5,517","5,572","5,162","6,044","6,548","6,967","6,444","6,008","5,961","5,729","5,719","5,225","4,297","4,518","3,959","3,667","3,710","3,735","3,423","3,045","2,256","2,590","2,448","2,903","2,518","2,074","1,993","1,710","1,389","1,241","1,019",853,684,556,416,301,277,214,144,76,56,44,34,26,24
부산광역시 부산진구 부전제1동(2623051000),"15,894","15,894",58,71,63,78,72,67,51,71,46,43,55,41,45,40,45,50,54,53,72,92,147,193,293,322,405,435,440,495,425,441,405,304,294,218,275,241,208,211,215,204,205,213,177,134,177,128,169,186,207,185,215,238,255,269,258,225,244,232,222,273,250,286,288,263,268,240,257,226,167,179,162,158,162,140,146,118,108,97,83,103,109,88,79,69,64,48,35,35,28,30,16,11,12,8,6,0,1,2,1,1,0
부산광역시 부산진구 부전제2동(2623052000),"9,941","9,941",60,46,55,60,62,77,83,57,62,53,50,45,42,47,39,41,32,41,52,71,95,145,145,196,216,239,233,250,234,225,223,199,159,178,154,160,147,142,166,174,208,184,162,140,134,114,128,131,148,156,170,154,152,180,121,162,155,154,121,136,169,175,153,163,141,117,134,105,96,94,85,58,66,73,60,54,44,36,39,57,35,29,28,26,32,18,6,17,11,7,9,8,7,6,5,4,2,0,4,2,1
부산광역시 부산진구 연지동(2623054000),"20,512","20,512",83,84,114,113,139,149,191,176,165,173,177,177,179,164,185,176,153,204,169,167,209,227,186,215,195,198,199,190,183,219,229,218,204,224,183,199,193,226,265,280,330,323,284,308,276,291,309,357,366,386,373,356,353,352,299,296,310,307,259,332,372,446,398,344,380,371,362,301,273,292,268,229,253,237,251,194,156,161,159,214,163,127,118,110,90,93,68,66,36,30,22,22,14,14,11,5,5,8,1,1,0
부산광역시 부산진구 초읍동(2623055000),"22,020","22,020",64,82,100,126,121,163,144,135,141,159,164,157,148,160,154,151,154,148,187,146,200,195,195,209,193,218,230,247,207,229,222,195,217,201,228,210,245,242,283,263,312,322,322,304,273,285,265,323,342,379,355,340,386,375,355,336,362,336,342,382,405,423,431,388,438,424,446,397,340,366,345,326,307,299,269,273,209,217,250,222,229,180,166,146,99,106,84,57,61,51,36,23,27,17,13,8,3,2,3,2,3
부산광역시 부산진구 양정제1동(2623056000),"19,845","19,845",87,89,78,119,86,117,119,123,112,124,129,140,126,127,145,142,123,167,176,177,194,238,270,257,281,277,281,297,311,285,315,234,249,239,240,214,216,204,234,285,256,245,280,227,279,261,263,300,366,344,346,364,355,375,353,323,361,352,324,342,372,387,368,366,326,312,316,280,216,262,203,175,208,205,185,173,129,170,137,157,132,113,126,108,86,65,70,62,60,36,26,18,19,10,5,7,5,2,1,2,2
부산광역시 부산진구 양정제2동(2623057000),"11,897","11,897",30,38,32,43,50,66,54,62,47,46,46,47,48,43,46,44,43,53,60,92,155,185,227,269,292,321,376,371,351,366,320,249,267,187,197,183,177,181,188,186,179,184,142,144,143,126,153,180,154,193,148,163,183,158,147,128,133,139,125,150,154,143,150,160,141,167,139,137,131,111,101,98,101,96,99,98,66,71,68,77,79,72,59,60,35,37,32,27,14,14,15,7,8,11,3,2,0,1,0,1,2
부산광역시 부산진구 전포제1동(2623060000),"21,841","21,841",159,143,146,126,177,136,153,139,111,115,139,119,125,112,121,112,126,130,130,174,216,299,348,428,456,537,553,572,550,581,557,455,470,467,454,397,353,381,368,402,370,371,347,291,259,268,297,291,318,297,321,284,299,305,297,210,258,226,220,269,294,252,259,276,241,238,241,239,167,175,159,168,163,156,147,123,102,118,112,125,108,111,93,83,63,69,40,47,30,25,19,17,17,11,7,3,1,4,3,0,0
부산광역시 부산진구 전포제2동(2623061000),"20,808","20,808",58,66,52,69,77,106,96,108,98,122,113,127,104,89,132,112,99,111,110,128,182,250,256,320,344,374,422,408,425,428,393,329,301,303,304,240,255,223,294,271,312,329,303,243,259,269,255,276,290,309,343,310,312,296,303,284,285,302,267,317,356,385,390,378,336,383,328,302,273,282,247,244,246,267,219,209,150,196,185,194,165,148,138,126,108,80,69,62,46,37,26,18,12,8,12,7,4,4,3,1,1
부산광역시 부산진구 부암제1동(2623064000),"23,013","23,013",114,134,140,192,171,217,216,202,238,214,230,204,171,173,195,169,181,183,181,207,202,243,244,251,250,269,285,292,263,298,285,282,277,243,273,269,323,337,332,403,397,421,361,368,333,355,367,377,408,354,425,418,408,355,367,340,330,351,355,411,415,427,393,366,361,319,331,300,266,227,209,213,230,259,204,183,133,140,156,192,141,116,98,95,79,54,40,48,46,37,20,12,13,12,6,6,2,4,2,0,4
부산광역시 부산진구 부암제3동(2623066000),"17,364","17,364",45,55,57,89,98,112,111,137,120,197,164,158,175,190,196,201,160,196,192,182,191,214,184,168,196,194,195,160,199,159,128,146,149,146,136,137,176,148,189,211,256,229,283,256,251,254,307,298,317,318,325,332,332,328,278,304,323,328,315,347,382,368,337,336,301,273,272,234,203,230,181,181,170,171,199,131,98,132,110,135,126,81,93,53,66,63,46,44,22,20,13,11,14,11,3,4,4,2,1,0,1
부산광역시 부산진구 당감제1동(2623067000),"22,910","22,910",63,65,69,72,107,114,118,136,134,183,165,173,165,183,216,148,181,186,218,218,232,280,255,260,295,272,275,265,274,290,270,228,234,194,181,212,204,214,249,293,258,270,331,278,286,297,293,365,368,407,426,450,376,435,453,414,402,453,393,445,514,565,489,430,433,422,377,375,306,340,292,242,258,259,230,205,148,168,171,222,171,148,136,125,109,103,87,61,48,45,29,34,22,17,14,6,9,1,5,1,2
부산광역시 부산진구 당감제2동(2623068000),"10,238","10,238",81,67,68,61,67,73,81,70,67,76,73,67,54,67,75,66,72,67,54,78,88,111,91,106,116,135,138,143,163,186,168,176,157,149,154,151,155,120,167,166,186,172,170,144,109,129,154,128,154,151,161,136,140,163,127,128,143,164,122,164,182,216,180,168,188,165,202,149,118,131,110,102,132,109,104,90,57,74,80,82,66,55,61,63,30,34,34,15,20,12,11,8,7,8,2,3,0,0,0,1,0
부산광역시 부산진구 당감제4동(2623070000),"11,262","11,262",43,35,36,54,61,68,81,80,86,88,82,78,94,82,82,83,79,87,95,77,110,121,121,122,116,111,131,120,142,109,123,109,126,105,111,114,132,126,145,134,153,181,158,149,139,183,140,165,180,178,213,211,218,209,229,223,235,190,176,231,264,244,228,198,180,204,188,196,134,173,139,135,110,130,129,90,70,87,90,85,94,76,65,56,51,31,37,22,26,23,12,8,9,3,5,2,4,2,1,1,0
부산광역시 부산진구 가야제1동(2623071000),"19,084","19,084",50,37,63,67,50,88,106,111,90,119,133,121,93,104,123,108,87,111,134,176,206,325,314,366,320,277,311,299,250,262,246,237,226,208,196,178,205,179,228,249,250,223,254,249,265,243,275,277,263,294,295,304,313,336,279,312,342,303,325,339,413,419,381,347,332,338,360,334,243,303,249,233,224,228,198,197,145,157,124,201,160,129,122,86,70,65,56,46,31,30,14,14,17,9,8,1,0,2,3,1,0
부산광역시 부산진구 가야제2동(2623072000),"16,767","16,767",56,59,78,76,86,114,105,117,109,134,125,136,109,143,127,143,119,130,158,141,186,204,213,200,205,208,216,192,221,189,206,190,166,146,169,183,154,185,181,216,227,251,245,197,192,201,218,228,276,252,307,258,288,287,254,280,275,278,260,308,322,381,329,307,319,282,299,282,247,255,238,207,204,214,182,188,123,163,123,143,134,101,88,78,77,68,47,40,32,24,20,20,18,16,8,2,1,3,0,4,1
부산광역시 부산진구 개금제1동(2623074000),"16,699","16,699",79,84,109,107,88,120,134,164,124,118,122,106,100,79,93,89,83,88,102,131,189,250,291,308,337,364,290,357,366,348,323,301,281,237,277,216,231,233,245,266,272,266,274,201,238,208,210,239,238,248,222,263,261,254,258,259,232,255,207,247,274,280,262,218,218,221,216,182,179,176,136,152,125,152,134,120,92,101,76,108,105,89,75,85,42,35,46,29,22,14,14,10,7,6,5,2,3,1,2,2,1
부산광역시 부산진구 개금제2동(2623075000),"10,901","10,901",26,36,32,51,62,54,75,72,53,95,82,75,83,68,92,64,66,83,81,84,125,163,150,152,158,149,161,154,155,122,127,117,119,93,113,100,104,91,115,113,133,137,151,123,136,122,148,162,174,154,184,198,172,190,178,209,183,196,154,203,215,236,229,209,201,191,183,185,165,144,145,132,137,136,115,103,81,108,105,98,88,73,88,62,56,54,34,26,21,13,14,11,5,6,5,2,2,0,0,1,0
부산광역시 부산진구 개금제3동(2623076000),"28,647","28,647",104,111,128,161,162,167,227,203,211,227,204,264,193,220,245,209,265,257,258,262,289,338,327,315,338,350,361,368,357,356,341,331,313,316,321,266,302,286,365,422,372,414,407,340,360,362,392,419,480,471,499,459,478,528,497,527,497,527,502,580,608,691,608,548,585,534,509,463,391,343,328,296,280,257,250,208,147,192,167,199,161,136,168,126,91,98,89,66,61,57,48,21,24,17,8,4,7,3,1,4,2
부산광역시 부산진구 범천제1동(2623077000),"11,916","11,916",67,48,44,47,56,48,40,47,49,49,42,49,41,50,48,42,37,35,39,55,94,124,167,210,254,305,275,324,314,356,370,303,259,282,227,199,172,182,202,166,196,168,168,127,152,129,146,138,160,160,194,176,151,171,168,153,161,142,152,170,179,216,182,164,180,173,172,162,111,116,102,96,101,109,95,71,56,66,68,100,77,65,65,47,48,37,35,25,21,17,19,9,10,9,4,3,2,1,2,1,0
부산광역시 부산진구 범천제2동(2623078000),"20,205","20,205",116,111,114,110,109,133,132,100,112,124,119,120,86,93,86,94,87,98,133,115,146,174,194,215,219,263,277,277,309,342,294,334,351,301,260,274,298,286,322,325,329,318,311,266,245,239,251,239,310,271,283,313,263,304,256,286,286,337,321,398,408,427,389,379,392,355,387,376,271,319,260,222,233,238,207,217,142,136,145,189,175,137,127,106,93,83,64,58,48,34,33,19,15,15,14,5,1,2,1,0,4
부산광역시 동래구 (2626000000),"273,802","273,802","1,258","1,314","1,549","1,666","1,926","2,168","2,479","2,568","2,390","2,742","2,589","2,699","2,383","2,567","2,645","2,482","2,316","2,409","2,617","2,506","2,711","3,001","3,100","3,061","3,187","3,258","3,296","3,239","3,277","3,365","3,246","3,026","3,048","3,089","2,964","3,022","3,195","3,235","3,802","4,293","4,515","4,575","4,727","4,050","4,034","3,975","4,284","4,494","4,704","4,714","4,758","4,775","4,586","4,659","4,404","4,101","4,177","4,125","3,694","4,559","4,796","4,977","4,834","4,377","4,429","4,169","4,314","3,933","3,332","3,512","2,984","2,758","2,731","2,770","2,509","2,251","1,593","1,963","1,667","1,975","1,636","1,392","1,215","1,107",856,827,670,619,442,370,302,235,179,123,119,81,44,38,28,17,30
부산광역시 동래구 수민동(2626051000),"32,230","32,230",172,162,208,215,238,254,306,298,262,308,288,302,257,275,296,280,242,238,292,292,295,364,344,346,341,372,364,384,404,433,399,402,410,391,391,389,426,389,419,515,543,533,535,445,492,449,479,481,530,524,520,561,516,568,509,473,526,476,463,541,573,554,550,543,533,501,538,482,402,418,350,323,335,322,266,277,210,227,204,225,226,190,131,133,95,97,70,78,61,41,36,38,18,18,10,12,6,4,2,3,1
부산광역시 동래구 복산동(2626052000),"9,380","9,380",14,21,27,22,26,33,22,47,33,47,42,43,61,50,64,66,50,57,61,79,83,89,102,107,99,105,94,86,95,103,91,88,87,69,81,82,60,75,74,100,99,102,115,91,90,108,117,133,136,136,153,166,164,158,170,152,175,136,154,206,195,234,210,208,211,227,197,194,157,185,147,142,132,150,152,138,78,99,97,131,109,89,72,78,64,52,41,49,39,19,19,19,17,8,5,8,4,3,1,2,2
부산광역시 동래구 명륜동(2626054500),"24,480","24,480",123,129,159,172,229,262,346,319,323,383,363,358,349,371,358,330,301,279,295,255,254,284,249,262,237,210,216,222,209,213,213,224,187,267,248,228,262,317,394,409,520,519,565,423,471,485,505,516,511,496,490,467,427,406,324,321,367,281,270,293,357,352,324,278,269,283,245,253,200,205,180,211,182,176,159,151,93,131,99,143,112,96,77,75,48,67,61,47,29,22,19,17,19,12,9,7,0,1,4,0,1
부산광역시 동래구 온천제1동(2626055000),"21,734","21,734",139,131,104,114,127,116,120,97,113,124,106,117,114,125,114,121,108,137,144,158,196,225,331,291,369,364,408,419,434,445,428,427,390,362,368,344,318,317,334,373,358,357,378,312,279,265,308,343,344,389,353,400,346,372,326,275,287,326,294,325,301,320,351,327,276,298,282,275,253,220,198,200,175,208,194,164,126,150,155,183,139,120,95,102,66,67,58,52,34,45,20,15,12,6,9,6,4,7,1,2,9
부산광역시 동래구 온천제2동(2626056000),"22,831","22,831",118,164,215,269,270,317,349,305,292,255,279,261,218,233,222,212,158,205,214,184,208,227,228,209,220,205,209,218,238,223,212,226,270,294,288,300,335,328,379,413,423,433,399,368,361,305,362,387,393,333,379,361,347,325,330,282,281,308,239,338,345,382,351,310,355,297,326,247,247,266,217,201,214,225,195,184,113,156,123,166,147,124,100,87,94,85,61,52,46,44,44,23,21,12,10,14,6,7,6,3,1
부산광역시 동래구 온천제3동(2626057000),"38,327","38,327",181,203,227,219,257,261,257,310,256,264,269,267,224,268,269,254,260,274,321,358,393,447,491,522,592,587,588,538,566,612,547,505,495,492,478,493,481,462,534,599,594,546,589,505,488,474,551,538,621,621,651,622,678,707,720,629,586,605,510,713,734,721,714,639,634,544,610,574,478,534,451,379,376,384,347,308,208,262,234,280,225,172,195,141,115,100,78,83,50,43,36,23,22,16,21,8,5,5,4,2,3
부산광역시 동래구 사직제1동(2626058000),"10,481","10,481",40,51,55,56,86,79,89,92,93,100,83,98,81,99,101,105,94,104,130,79,102,114,105,119,131,139,126,124,111,147,126,131,107,110,116,101,132,146,144,156,193,171,185,152,159,159,168,178,185,178,199,192,184,179,156,141,137,136,142,161,148,165,175,159,165,121,157,135,126,146,110,108,120,114,91,89,66,84,83,78,76,73,64,62,32,43,25,27,16,17,9,11,2,5,11,3,3,1,3,0,1
부산광역시 동래구 사직제2동(2626059000),"26,929","26,929",114,118,142,166,177,250,321,332,331,440,398,439,350,430,445,382,411,386,380,307,384,381,344,309,304,271,254,248,233,197,204,174,205,190,186,218,231,288,360,415,453,532,565,498,482,557,544,575,625,614,560,545,513,502,410,444,395,382,332,372,380,418,406,339,331,322,320,285,211,241,215,191,175,195,160,142,101,143,83,101,82,86,63,60,38,43,38,33,25,18,21,14,5,11,5,5,3,1,0,2,2
부산광역시 동래구 사직제3동(2626060000),"17,345","17,345",70,67,74,94,117,135,181,222,200,252,224,238,218,203,181,196,150,151,159,138,140,164,185,168,175,206,205,188,162,160,181,145,128,151,149,144,190,172,229,283,328,320,344,319,348,307,304,327,297,312,327,272,262,274,236,260,261,227,222,257,272,321,286,232,239,254,262,265,202,225,189,169,173,174,164,152,118,137,141,143,103,80,79,66,59,56,39,37,27,19,17,15,8,9,4,3,1,3,2,0,1
부산광역시 동래구 안락제1동(2626074000),"14,388","14,388",58,42,51,63,67,68,95,93,77,109,97,85,93,97,86,99,83,107,91,113,112,119,141,146,155,193,158,183,178,184,180,162,158,160,156,141,147,130,193,172,184,198,210,184,177,168,191,199,223,207,231,213,234,223,244,246,239,266,216,290,315,321,309,278,317,287,310,262,226,251,204,196,184,187,174,158,139,132,113,145,107,87,111,75,59,44,44,43,25,28,20,15,15,7,5,4,2,0,2,2,0
부산광역시 동래구 안락제2동(2626075000),"27,005","27,005",112,115,121,135,156,180,202,236,228,253,249,295,239,241,308,256,265,280,303,295,276,316,299,276,285,276,329,282,280,306,314,266,278,282,223,290,301,276,346,388,383,451,432,381,358,377,415,454,446,483,468,513,456,480,485,434,424,468,393,479,532,519,554,499,491,425,464,417,375,342,311,297,285,273,279,222,143,191,148,161,139,117,112,96,77,89,68,55,48,33,24,23,21,10,11,5,2,2,1,0,6
부산광역시 동래구 명장제1동(2626076100),"13,938","13,938",53,54,67,68,96,126,115,130,103,111,106,112,102,92,102,93,95,87,107,112,122,129,141,143,122,143,162,166,171,164,159,114,156,138,112,121,159,177,198,239,242,202,219,196,147,163,174,178,202,200,208,236,226,194,249,229,222,261,217,275,272,298,289,276,309,266,279,266,222,225,198,170,188,173,174,132,102,126,83,106,87,80,69,63,45,49,44,34,21,21,16,9,10,5,11,3,4,1,1,1,3
부산광역시 동래구 명장제2동(2626076200),"14,734","14,734",64,57,99,73,80,87,76,87,79,96,85,84,77,83,99,88,99,104,120,136,146,142,140,163,157,187,183,181,196,178,192,162,177,183,168,171,153,158,198,231,195,211,191,176,182,158,166,185,191,221,219,227,233,271,245,215,277,253,242,309,372,372,315,289,299,344,324,278,233,254,214,171,192,189,154,134,96,125,104,113,84,78,47,69,64,35,43,29,21,20,21,13,9,4,8,3,4,3,1,0,0
부산광역시 남구 (2629000000),"260,624","260,624",881,982,"1,174","1,310","1,556","1,768","2,075","2,070","2,119","2,266","2,305","2,274","2,164","2,109","2,393","2,110","2,086","2,182","2,413","2,515","2,791","3,585","3,644","3,708","3,667","3,603","3,402","3,249","3,054","3,044","2,892","2,563","2,624","2,469","2,466","2,573","2,511","2,731","3,191","3,574","3,986","3,967","4,096","3,783","3,655","3,664","3,827","4,320","4,440","4,482","4,601","4,612","4,549","4,560","4,083","3,880","3,949","3,904","3,641","4,227","4,530","4,755","4,601","4,293","4,311","4,233","4,193","3,882","3,222","3,498","3,018","2,906","2,965","2,893","2,719","2,366","1,883","2,155","2,001","2,353","1,787","1,556","1,487","1,221","1,058",891,769,639,464,400,301,224,201,161,121,80,59,34,27,16,32
부산광역시 남구 대연제1동(2629051000),"15,755","15,755",36,30,29,29,47,37,69,50,53,65,78,79,91,78,68,85,77,90,125,166,198,323,368,446,431,473,357,358,310,306,267,227,208,186,165,151,131,139,147,174,186,224,186,198,170,160,193,197,250,219,248,255,252,241,238,196,209,204,172,201,228,259,253,238,235,252,247,226,194,208,194,209,180,197,178,148,129,158,122,175,132,100,115,95,71,47,44,39,34,27,25,10,8,6,11,5,3,2,1,1,3
부산광역시 남구 대연제3동(2629053000),"32,699","32,699",135,139,182,205,235,277,331,337,311,368,372,355,341,321,365,288,233,287,349,369,487,756,852,845,782,732,581,549,464,437,363,349,358,340,341,405,366,395,451,523,594,590,624,544,534,483,502,552,547,587,585,514,581,520,445,385,459,404,382,395,442,421,397,418,337,346,355,295,250,281,209,231,219,201,205,181,139,159,145,162,148,112,90,104,78,67,57,47,45,34,25,29,20,13,11,6,6,3,4,0,4
부산광역시 남구 대연제4동(2629054000),"12,293","12,293",69,73,90,99,103,98,125,130,103,108,89,107,91,93,102,69,72,88,71,80,104,99,118,118,114,131,116,130,114,132,142,138,130,137,149,167,146,163,199,211,232,221,202,190,166,171,148,187,174,175,201,162,182,170,172,194,163,173,196,199,211,244,245,194,214,189,221,187,160,163,157,158,153,154,150,132,99,123,109,122,88,84,76,65,62,55,37,31,26,31,16,11,7,8,3,7,0,0,3,0,2
부산광역시 남구 대연제5동(2629055000),"17,005","17,005",53,65,73,67,97,112,126,125,137,157,131,142,115,113,131,138,128,115,189,172,222,297,262,285,311,303,318,298,257,268,256,199,191,181,155,172,159,175,196,234,275,263,272,243,231,235,218,278,273,288,303,307,252,279,258,217,227,223,197,239,264,272,251,234,280,276,251,227,192,219,203,176,191,177,160,147,115,147,112,166,114,111,112,82,57,51,45,41,32,23,21,17,14,6,4,5,4,1,0,1,1
부산광역시 남구 대연제6동(2629056000),"15,267","15,267",79,99,113,133,153,192,209,216,231,232,199,199,165,156,167,154,136,138,154,140,132,168,187,162,172,143,164,136,162,167,158,149,139,160,156,186,201,220,284,282,321,306,322,277,271,237,262,303,249,280,256,267,250,254,219,195,217,185,186,221,202,208,219,208,202,200,170,163,129,156,146,130,126,110,126,98,59,92,80,108,77,65,40,48,45,36,31,33,18,16,8,11,11,8,4,5,3,3,0,0,2
부산광역시 남구 용호제1동(2629057000),"44,101","44,101",122,160,193,246,283,351,424,439,431,502,474,487,507,464,542,525,478,484,550,517,509,554,510,515,507,467,460,392,398,375,367,290,345,323,344,319,326,401,503,586,629,665,727,718,691,717,757,851,829,843,896,932,887,896,754,719,748,722,652,735,772,780,779,684,682,634,674,639,484,503,449,425,442,409,406,357,258,277,336,321,241,228,216,162,185,142,112,109,67,74,43,33,40,38,23,10,7,10,4,4,4
부산광역시 남구 용호제2동(2629058000),"16,704","16,704",65,85,88,95,110,148,176,178,174,180,204,192,165,187,188,167,173,156,152,153,177,198,178,159,163,146,132,153,138,137,134,131,127,143,159,139,170,168,201,258,291,259,270,266,263,277,280,271,307,265,321,292,302,270,237,216,261,248,258,274,289,308,277,309,325,323,275,238,220,236,203,185,193,196,172,148,133,135,94,139,85,82,73,61,53,54,57,34,28,23,20,13,14,10,9,4,7,1,2,1,0
부산광역시 남구 용호제3동(2629059000),"12,172","12,172",20,21,30,32,48,45,58,71,53,74,61,87,56,72,97,69,104,106,92,105,109,124,134,135,111,143,143,123,155,140,110,123,106,92,98,102,82,85,127,126,166,155,153,129,135,134,150,181,203,202,190,197,210,236,220,203,199,221,160,245,229,283,268,263,247,269,251,248,235,228,200,184,205,170,181,156,117,141,124,151,112,93,79,71,57,58,45,36,26,17,20,12,8,10,6,5,5,0,1,1,2
부산광역시 남구 용호제4동(2629060000),"8,487","8,487",36,30,41,45,45,52,43,45,69,54,73,72,54,56,72,40,59,72,58,83,67,90,92,92,100,80,86,88,78,92,86,91,79,95,90,98,91,96,116,122,129,126,128,113,124,116,121,149,150,156,125,144,140,141,136,119,128,135,105,145,164,166,174,167,169,174,172,161,136,143,115,107,124,107,100,112,60,65,63,71,57,53,46,38,31,32,30,20,18,10,6,9,8,8,3,3,0,1,0,1,5
부산광역시 남구 용당동(2629061000),"8,180","8,180",31,36,44,38,48,50,52,52,58,55,77,62,76,72,80,65,83,68,71,91,99,109,91,103,100,112,106,89,94,93,83,97,67,62,76,65,77,82,87,91,108,97,125,101,109,105,132,141,146,140,165,175,161,144,159,139,148,133,118,160,146,170,139,128,143,139,159,143,102,109,88,95,85,102,77,68,53,80,68,61,52,47,48,34,24,24,21,18,14,9,7,9,11,3,0,1,2,1,1,0,1
부산광역시 남구 감만제1동(2629062000),"12,831","12,831",33,42,47,53,53,55,73,54,81,77,92,79,86,78,94,88,90,105,102,82,107,111,170,119,127,130,145,146,143,142,152,121,149,119,122,108,111,118,115,146,171,167,176,164,146,155,179,200,228,223,212,215,235,222,210,181,186,230,203,250,275,273,284,281,264,264,270,253,195,223,184,168,185,197,155,145,106,126,118,152,119,104,102,69,60,47,44,41,25,21,19,8,9,5,5,2,4,5,4,1,1
부산광역시 남구 감만제2동(2629063000),"6,720","6,720",22,9,19,22,25,29,34,27,48,32,37,49,48,42,55,31,42,52,49,49,68,72,54,72,62,72,74,62,54,38,57,47,66,61,56,52,47,59,64,69,83,93,92,99,88,99,78,110,110,130,124,110,104,114,97,127,94,121,99,113,143,142,149,122,150,130,142,120,102,123,114,95,104,112,92,78,73,101,93,99,64,62,55,57,40,26,28,15,16,23,13,9,7,1,2,2,1,1,1,0,1
부산광역시 남구 우암동(2629064500),"12,747","12,747",17,30,38,45,59,65,59,74,74,73,96,77,85,66,93,89,97,86,102,93,111,121,114,116,114,123,128,133,129,116,113,85,104,99,87,133,120,126,126,148,159,173,168,160,158,152,169,200,202,210,220,195,188,203,175,198,202,201,206,232,282,305,306,262,281,266,271,275,216,251,200,221,206,180,187,141,146,149,149,155,112,89,104,79,69,64,46,47,22,30,19,14,14,17,22,7,1,2,2,1,2
부산광역시 남구 문현제1동(2629068000),"13,428","13,428",31,39,38,49,68,71,89,90,86,105,115,114,94,112,121,109,104,117,109,138,139,181,168,160,185,146,166,143,141,137,152,108,121,123,98,108,110,115,128,153,175,177,198,172,172,190,184,218,251,265,238,273,257,281,211,254,244,227,219,245,249,277,263,250,223,227,234,206,199,199,164,143,160,170,172,155,111,124,103,129,101,92,95,76,49,52,41,35,25,13,16,15,8,2,9,4,4,0,1,0,0
부산광역시 남구 문현제2동(2629069000),"8,491","8,491",36,32,31,24,40,34,45,33,31,29,34,31,48,34,30,33,28,42,38,49,49,86,82,97,117,143,143,158,173,160,187,148,126,124,136,126,128,114,123,114,115,127,126,97,114,122,102,119,106,111,119,122,127,133,135,129,106,115,130,123,162,158,145,139,154,158,133,118,105,133,86,96,101,114,98,83,89,77,85,99,82,70,65,58,54,46,41,33,25,18,9,9,8,11,2,5,2,1,1,2,2
부산광역시 남구 문현제3동(2629070000),"15,576","15,576",85,83,96,106,114,127,124,108,134,124,122,104,108,123,149,113,129,125,140,154,137,208,168,185,179,160,189,192,160,201,181,198,221,165,173,179,176,209,234,241,269,238,231,227,198,217,237,247,278,262,246,297,281,287,268,268,236,234,216,276,288,285,276,222,233,222,230,235,175,199,175,164,175,166,152,124,109,111,121,122,110,82,91,61,66,52,55,35,23,17,19,9,6,11,4,4,5,2,0,3,0
부산광역시 남구 문현제4동(2629071000),"8,168","8,168",11,9,22,22,28,25,38,41,45,31,51,38,34,42,39,47,53,51,62,74,76,88,96,99,92,99,94,99,84,103,84,62,87,59,61,63,70,66,90,96,83,86,96,85,85,94,115,116,137,126,152,155,140,169,149,140,122,128,142,174,184,204,176,174,172,164,138,148,128,124,131,119,116,131,108,93,87,90,79,121,93,82,80,61,57,38,35,25,20,14,15,6,8,4,3,5,5,1,2,0,2
부산광역시 북구 (2632000000),"281,749","281,749","1,286","1,285","1,450","1,599","1,794","1,995","2,174","2,090","2,077","2,191","2,166","2,163","2,062","2,156","2,233","2,056","2,207","2,244","2,490","2,520","2,847","3,375","3,287","3,397","3,553","3,641","3,807","3,734","3,663","3,761","3,708","3,330","3,414","3,197","3,104","3,105","3,052","3,136","3,487","3,797","4,097","3,995","4,030","3,526","3,717","3,462","3,792","4,035","4,382","4,506","4,698","4,875","5,134","5,456","5,226","5,253","5,249","5,276","4,998","5,798","6,170","6,424","5,653","5,228","4,997","4,675","4,721","4,304","3,324","3,515","2,962","2,739","2,694","2,579","2,391","2,179","1,501","1,727","1,580","2,023","1,613","1,344","1,205","1,073",863,832,674,620,474,373,314,195,170,144,117,61,46,29,35,19,24
부산광역시 북구 구포제1동(2632051000),"16,104","16,104",90,91,81,92,81,127,74,88,67,77,89,74,62,57,75,57,66,74,92,108,139,163,150,187,195,230,274,270,232,246,278,239,280,203,237,221,216,194,203,223,234,207,199,171,189,165,180,197,215,212,227,229,288,302,304,299,311,320,301,360,405,439,376,335,330,285,278,275,205,232,186,181,162,169,133,134,114,120,82,130,91,93,78,72,55,46,39,27,27,21,19,22,9,10,3,2,1,0,3,1,2
부산광역시 북구 구포제2동(2632052000),"25,157","25,157",101,81,86,118,112,132,152,135,157,167,151,156,162,185,157,158,162,178,165,184,202,278,291,286,328,375,374,391,388,374,401,305,312,309,268,289,245,288,287,336,368,316,334,305,318,279,295,341,366,390,426,470,468,487,515,509,468,482,504,550,631,672,556,493,437,451,483,405,310,345,289,250,260,252,211,207,143,125,145,190,165,122,120,86,65,72,52,57,35,23,26,12,8,15,12,4,1,3,2,1,4
부산광역시 북구 구포제3동(2632052100),"19,546","19,546",35,44,50,66,58,96,99,93,121,114,122,131,117,145,140,116,133,156,172,176,222,258,263,266,292,312,287,293,270,262,236,190,187,172,147,171,172,146,200,216,239,236,247,240,251,236,273,286,310,353,355,377,393,411,424,465,410,415,415,466,467,516,439,381,369,366,360,339,234,256,230,188,219,198,171,164,103,117,112,143,109,91,72,63,50,59,28,37,23,22,21,13,13,7,4,4,3,2,3,0,2
부산광역시 북구 금곡동(2632053000),"37,773","37,773",139,120,160,166,189,200,231,229,240,242,272,257,243,283,298,248,289,299,363,356,396,417,380,427,448,414,409,409,471,432,391,386,365,371,333,336,329,345,384,428,467,453,462,404,396,427,494,566,585,605,656,680,675,733,738,698,731,770,680,858,839,928,819,758,722,675,656,638,483,511,462,414,415,382,395,383,276,308,302,414,305,286,248,254,177,199,163,153,111,97,76,35,31,31,22,10,8,6,2,4,2
부산광역시 북구 화명제1동(2632054100),"41,255","41,255",249,259,290,337,372,446,492,463,450,444,415,421,421,416,442,412,433,416,460,462,506,628,551,549,564,486,544,510,487,490,525,496,464,490,508,486,474,505,570,595,672,672,670,562,633,586,580,587,700,683,746,742,808,870,828,807,815,816,742,819,895,839,735,654,581,503,481,443,321,340,273,243,239,203,213,184,123,130,112,145,119,111,86,57,64,53,47,44,34,17,32,13,12,12,8,5,10,3,2,1,2
부산광역시 북구 화명제2동(2632054200),"17,050","17,050",67,92,89,115,130,108,157,142,120,149,140,114,143,115,130,129,136,135,158,173,165,224,237,245,221,241,274,242,237,264,249,225,221,191,201,216,182,189,196,230,226,217,219,195,199,197,206,241,247,272,301,309,321,324,349,360,340,357,327,381,358,362,298,293,277,269,252,218,186,175,144,161,127,119,144,102,88,98,89,120,100,62,64,61,57,44,37,34,35,21,21,13,12,7,6,3,3,5,1,0,4
부산광역시 북구 화명제3동(2632054300),"29,534","29,534",137,140,161,165,237,258,302,321,331,321,329,367,321,370,389,389,391,370,397,382,402,438,408,407,397,358,361,312,340,321,349,264,338,306,250,275,294,280,359,390,437,463,515,455,511,488,528,556,592,632,606,611,590,634,568,527,494,485,428,456,454,471,385,338,345,308,333,263,228,260,215,225,212,198,196,162,128,137,141,160,131,103,109,100,77,76,55,51,35,38,22,18,23,12,6,3,5,1,4,2,1
부산광역시 북구 덕천제1동(2632055000),"11,103","11,103",32,20,40,37,51,38,31,42,39,35,44,46,45,45,50,33,51,39,61,58,87,98,113,134,123,151,173,160,153,171,138,127,133,117,116,126,123,110,120,135,132,136,131,120,141,100,115,127,127,144,167,192,200,191,165,192,203,213,196,224,258,286,272,260,253,238,238,237,191,178,181,165,161,146,152,128,79,108,92,107,102,100,90,77,51,54,52,44,31,28,27,13,14,11,4,5,0,1,3,1,4
부산광역시 북구 덕천제2동(2632056000),"11,936","11,936",31,31,34,29,40,44,49,44,48,50,52,58,35,39,51,43,59,77,71,75,107,115,138,155,189,195,201,203,206,216,219,171,178,129,147,121,132,131,130,130,160,149,126,113,146,121,139,145,152,162,181,211,212,230,195,207,236,243,205,245,280,287,279,264,250,241,254,253,159,192,155,155,123,141,114,126,75,95,94,103,87,52,75,59,57,37,35,31,27,20,16,7,12,6,7,4,4,2,5,2,0
부산광역시 북구 덕천제3동(2632056100),"10,717","10,717",19,23,28,27,35,39,49,46,58,60,73,58,58,66,58,51,55,55,73,66,107,105,121,105,138,159,146,166,147,136,131,125,100,108,91,84,98,102,90,150,133,145,141,142,116,120,137,153,155,167,162,177,186,213,170,200,167,192,176,232,228,227,253,240,207,218,229,203,162,192,161,144,162,166,137,110,89,101,102,121,96,74,60,44,49,54,50,35,38,28,9,11,6,5,5,3,2,3,2,1,0
부산광역시 북구 만덕제1동(2632057100),"16,644","16,644",167,169,154,150,147,139,136,121,107,114,117,95,102,96,93,85,98,109,102,132,126,164,139,145,159,157,188,220,211,261,286,305,317,307,300,273,266,296,293,334,293,301,268,233,223,204,205,191,203,191,223,214,221,255,246,249,289,253,282,332,349,351,308,320,282,277,297,254,193,224,182,170,153,173,143,112,75,92,80,103,75,74,47,50,37,31,37,27,17,7,12,7,10,2,11,1,0,1,2,2,0
부산광역시 북구 만덕제2동(2632057200),"26,337","26,337",149,145,178,202,230,237,269,240,215,263,237,246,218,218,237,223,223,207,228,222,237,273,284,283,293,299,335,315,286,326,282,307,322,283,264,326,321,336,395,381,463,405,435,375,384,349,393,397,456,407,389,388,454,488,409,448,439,409,376,496,530,569,495,496,506,454,480,408,357,342,285,241,245,250,212,215,116,176,128,151,134,99,96,70,64,64,44,45,39,30,19,11,13,17,19,9,6,2,3,2,0
부산광역시 북구 만덕제3동(2632057300),"18,593","18,593",70,70,99,95,112,131,133,126,124,155,125,140,135,121,113,112,111,129,148,126,151,214,212,208,206,264,241,243,235,262,223,190,197,211,242,181,200,214,260,249,273,295,283,211,210,190,247,248,274,288,259,275,318,318,315,292,346,321,366,379,476,477,438,396,438,390,380,368,295,268,199,202,216,182,170,152,92,120,101,136,99,77,60,80,60,43,35,35,22,21,14,20,7,9,10,8,3,0,3,2,3
부산광역시 해운대구 (2635000000),"394,792","394,792","1,533","1,777","2,037","2,263","2,518","2,842","3,304","3,343","3,342","3,751","3,587","3,669","3,486","3,590","3,912","3,531","3,498","3,676","3,939","3,741","4,194","4,645","4,559","4,531","4,613","4,804","4,707","4,776","4,675","4,714","4,521","4,062","4,166","4,111","4,001","4,089","4,328","4,482","5,110","5,728","6,155","6,321","6,513","5,733","6,052","5,775","6,242","6,692","6,887","7,222","7,595","7,557","7,321","7,410","6,898","6,290","6,571","6,392","6,262","6,864","7,076","7,394","6,735","6,363","6,307","5,947","6,074","5,354","4,503","4,713","3,833","3,612","3,740","3,737","3,494","2,893","2,287","2,632","2,411","2,785","2,357","2,031","1,899","1,648","1,499","1,293","1,072",916,743,619,458,343,300,241,201,124,68,56,35,37,55
부산광역시 해운대구 우제1동(2635051000),"22,314","22,314",86,102,97,107,112,137,132,124,153,155,153,135,153,143,159,127,154,144,166,171,190,243,288,277,271,317,305,306,355,335,307,293,286,268,253,250,269,276,286,321,333,320,329,295,306,283,290,334,374,413,436,380,389,418,362,368,340,348,366,424,376,445,421,357,408,355,395,335,284,318,251,233,274,270,257,198,143,188,148,182,141,125,123,94,93,81,63,49,45,34,26,22,20,11,15,9,4,1,2,2,2
부산광역시 해운대구 우제2동(2635052000),"30,518","30,518",151,184,215,267,299,295,333,328,326,350,308,276,314,303,328,288,285,324,306,328,352,378,366,332,338,331,318,298,297,274,301,261,258,350,318,354,367,397,456,517,518,539,543,436,492,446,467,568,567,601,612,602,604,597,535,481,499,500,439,493,500,519,470,425,420,412,379,375,277,307,267,240,253,242,249,207,164,184,151,172,157,137,130,107,106,75,81,73,47,37,21,26,26,19,15,12,10,5,3,3,5
부산광역시 해운대구 우제3동(2635052500),"28,652","28,652",148,176,222,228,272,313,385,377,367,394,346,349,325,312,325,334,279,301,312,261,285,300,285,296,256,251,253,252,234,227,254,245,250,260,299,323,342,355,460,503,523,551,563,457,460,456,510,480,532,494,539,528,531,473,483,453,391,440,447,459,507,504,465,423,450,380,387,326,299,290,241,229,216,247,190,194,155,146,137,143,140,119,118,101,88,91,66,59,45,40,24,22,23,12,15,11,7,7,1,4,4
부산광역시 해운대구 중제1동(2635053000),"27,906","27,906",125,169,174,185,223,236,289,269,247,287,262,244,221,273,277,250,225,250,274,270,281,328,336,336,313,353,340,384,374,341,321,334,306,319,341,335,331,369,395,474,511,461,504,423,481,451,494,489,498,524,552,558,558,564,474,410,464,441,440,429,431,440,407,433,381,336,357,304,258,302,206,213,208,225,217,175,134,171,160,165,148,128,121,104,98,90,61,49,52,31,34,18,15,14,15,4,6,1,2,2,3
부산광역시 해운대구 중제2동(2635054000),"15,887","15,887",78,89,114,115,110,144,144,143,134,141,126,148,111,109,126,109,98,127,114,114,137,157,139,137,159,167,178,182,164,207,200,181,181,200,194,223,233,225,256,261,323,319,289,262,228,239,242,269,256,281,349,309,262,282,263,246,262,261,260,299,300,300,308,280,251,271,259,238,194,161,139,138,124,129,140,109,95,89,88,86,85,71,55,33,49,44,30,19,19,18,19,17,9,11,9,4,2,4,4,3,7
부산광역시 해운대구 좌제1동(2635055100),"18,039","18,039",54,61,81,75,89,130,138,156,145,220,177,176,183,191,223,197,198,204,207,193,207,263,264,291,327,246,266,306,243,261,271,217,196,197,166,197,209,184,235,247,256,280,272,255,283,285,315,340,360,390,415,376,412,380,318,246,293,278,266,257,274,260,231,217,232,185,197,171,124,121,112,129,103,127,101,112,91,91,93,127,115,107,77,74,71,62,68,47,31,31,29,12,23,8,8,4,1,0,1,2,2
부산광역시 해운대구 좌제2동(2635055200),"31,956","31,956",140,147,179,158,178,227,238,215,239,243,255,267,221,261,307,276,267,281,310,305,378,381,428,474,504,524,545,566,520,608,508,428,472,446,441,402,422,398,443,446,483,472,483,419,480,435,465,512,511,580,610,633,575,552,603,548,584,513,509,555,553,540,479,460,422,403,418,330,287,288,193,205,223,246,204,212,160,157,174,186,179,132,154,134,94,102,92,76,61,65,49,37,21,15,9,9,4,7,2,3,1
부산광역시 해운대구 좌제3동(2635055300),"16,073","16,073",73,52,67,101,84,111,137,131,134,132,167,161,137,165,173,156,185,186,208,180,203,198,194,184,174,174,197,172,185,190,167,172,157,153,155,138,141,141,190,216,201,254,229,178,226,211,222,254,291,329,302,322,331,344,275,259,293,280,266,277,270,308,277,256,262,220,233,196,161,160,173,121,118,162,126,111,87,115,116,125,97,112,108,112,90,73,47,53,42,43,27,26,18,13,13,5,4,3,2,1,2
부산광역시 해운대구 좌제4동(2635055400),"23,051","23,051",86,102,119,142,160,159,214,214,213,264,231,274,285,288,322,272,290,297,308,293,310,322,298,290,263,298,275,260,241,255,266,250,248,245,220,208,212,229,242,301,324,345,385,386,361,362,397,395,440,470,513,528,482,472,405,365,390,387,372,386,360,393,303,339,320,294,259,209,210,185,149,141,168,148,151,138,115,116,124,129,111,101,117,90,85,70,57,47,50,34,27,20,16,14,13,3,3,2,1,5,3
부산광역시 해운대구 송정동(2635056000),"9,919","9,919",42,46,33,37,43,48,41,59,62,65,48,51,50,46,43,51,39,45,57,53,74,72,97,97,114,105,128,136,139,157,107,133,131,107,101,109,113,115,122,132,170,153,144,110,114,115,120,129,139,154,150,162,173,190,172,166,161,163,177,169,240,227,203,216,203,209,205,185,164,185,128,123,118,127,122,82,67,98,79,93,74,68,57,60,64,43,41,49,17,20,21,8,8,12,7,8,1,1,2,3,2
부산광역시 해운대구 반여제1동(2635057000),"34,258","34,258",138,166,162,220,208,246,290,298,319,341,358,401,344,394,424,406,409,398,446,415,474,482,471,376,416,413,352,382,346,327,337,295,329,299,323,323,348,352,395,442,483,537,570,496,567,559,628,680,675,659,748,710,646,686,602,580,589,542,537,619,584,632,563,533,471,472,449,400,362,389,336,277,310,268,273,199,154,168,162,199,150,114,147,105,91,86,77,69,57,49,23,32,17,23,15,11,5,2,2,1,3
부산광역시 해운대구 반여제2동(2635058000),"12,604","12,604",38,47,50,47,48,47,46,46,36,47,49,44,47,48,44,55,57,62,88,78,96,130,108,133,133,152,159,149,169,123,149,137,174,141,117,154,148,131,148,149,166,147,151,157,152,136,151,184,198,206,211,214,231,255,217,221,229,227,223,236,286,295,271,265,252,283,276,234,197,201,191,179,175,192,170,149,117,139,130,146,117,96,87,75,73,69,42,29,39,29,23,9,8,10,4,2,2,4,0,0,2
부산광역시 해운대구 반여제3동(2635059000),"8,490","8,490",10,13,15,11,22,20,25,24,16,35,31,41,37,36,40,43,48,44,65,64,83,99,77,96,91,108,82,99,83,102,84,80,71,65,64,75,54,62,72,121,87,95,102,94,78,87,95,131,116,144,153,139,156,182,159,164,135,159,178,189,196,210,220,174,220,183,191,181,156,152,128,125,135,112,120,98,71,96,101,116,84,99,67,63,43,40,43,28,19,21,9,6,13,6,7,5,0,1,0,0,0
부산광역시 해운대구 반여제4동(2635059500),"15,999","15,999",81,85,110,109,119,114,149,134,145,150,147,170,150,128,174,124,143,146,169,157,185,181,211,171,203,197,204,180,190,178,190,158,192,167,162,169,189,187,222,251,259,265,262,222,263,213,237,260,279,279,296,278,289,301,312,273,272,297,266,303,306,335,295,282,245,272,274,234,186,179,142,149,145,138,112,101,68,71,68,72,78,59,42,35,35,28,27,24,22,13,9,7,9,8,3,5,0,2,1,0,1
부산광역시 해운대구 반송제1동(2635061000),"13,723","13,723",28,24,29,23,25,31,38,45,40,51,56,45,50,50,65,61,58,76,107,104,118,149,139,141,154,162,171,152,176,136,138,90,108,100,95,91,91,111,129,122,136,163,147,131,145,158,145,203,189,215,218,273,260,237,259,236,260,275,253,280,314,319,309,278,284,274,303,282,249,252,225,212,247,243,233,162,158,182,179,209,190,138,118,123,93,67,66,65,49,40,19,17,19,13,9,4,4,4,3,1,5
부산광역시 해운대구 반송제2동(2635062000),"23,106","23,106",30,53,63,71,80,104,94,96,98,118,122,118,122,120,125,119,136,147,168,169,210,252,192,209,213,234,228,233,252,224,195,177,181,187,155,143,177,183,209,202,273,213,288,272,288,277,317,330,347,350,369,377,328,398,415,371,435,406,373,492,565,592,532,482,558,503,558,495,406,497,406,366,378,350,361,280,230,286,242,308,252,212,176,169,156,120,102,90,65,44,48,29,28,27,23,13,8,8,3,4,6
부산광역시 해운대구 재송제1동(2635065000),"37,672","37,672",161,188,218,277,336,370,468,555,514,580,587,565,561,542,541,455,437,444,442,379,383,444,407,443,388,432,374,383,361,430,363,360,322,356,361,378,440,500,566,689,765,817,815,792,774,742,772,758,740,703,705,719,667,614,585,472,482,460,448,483,503,545,481,453,445,426,443,425,319,351,284,258,281,266,235,189,154,178,147,164,118,89,105,70,88,74,52,41,43,30,24,18,16,8,12,9,5,2,3,1,4
부산광역시 해운대구 재송제2동(2635066000),"24,625","24,625",64,73,89,90,110,110,143,129,154,178,164,204,175,181,216,208,190,200,192,207,228,266,259,248,296,340,332,336,346,339,363,251,304,251,236,217,242,267,284,334,344,390,437,348,354,320,375,376,375,430,417,449,427,465,459,431,492,415,442,514,511,530,500,490,483,469,491,434,370,375,262,274,264,245,233,177,124,157,112,163,121,124,97,99,82,78,57,49,40,40,26,17,11,17,9,6,2,2,3,2,3
부산광역시 사하구 (2638000000),"306,098","306,098","1,139","1,312","1,321","1,562","1,808","1,961","2,221","2,169","2,148","2,543","2,457","2,434","2,197","2,381","2,513","2,255","2,225","2,474","2,677","2,818","3,113","3,741","3,780","3,808","3,983","3,894","3,941","3,816","3,909","3,902","3,640","3,410","3,324","3,239","3,085","3,113","3,384","3,420","3,938","4,281","4,720","4,642","4,502","4,033","4,132","3,987","4,220","4,587","4,940","4,978","5,149","5,454","5,404","5,550","5,245","5,136","5,118","5,217","4,888","5,818","6,228","6,570","5,922","5,591","5,630","5,295","5,331","4,868","4,088","4,246","3,493","3,267","3,249","3,185","2,998","2,682","1,907","2,254","1,900","2,349","1,868","1,487","1,501","1,280","1,088",939,759,679,525,432,323,256,235,191,147,81,65,49,33,28,23
부산광역시 사하구 괴정제1동(2638051000),"19,336","19,336",72,56,76,82,93,99,113,117,117,149,148,137,122,135,158,144,134,178,173,182,197,194,206,208,236,203,225,210,237,234,210,182,225,192,182,166,234,216,219,261,272,267,225,265,247,230,243,252,311,293,308,326,339,365,354,303,283,341,297,378,395,395,392,355,371,360,339,347,278,301,259,234,236,255,225,207,157,192,160,191,162,109,130,113,105,85,62,69,47,42,38,31,17,13,10,7,7,4,6,4,5
부산광역시 사하구 괴정제2동(2638052000),"15,068","15,068",55,63,64,78,85,110,120,134,106,134,129,141,97,113,121,112,104,107,136,135,152,170,166,149,179,167,165,158,155,171,144,166,156,150,140,133,169,165,175,197,232,240,237,217,244,212,204,238,237,255,252,255,265,251,225,222,249,234,198,222,291,291,281,262,289,268,312,283,227,243,202,206,182,190,195,139,115,141,107,135,103,88,82,64,61,54,41,43,22,19,11,13,17,11,9,5,2,1,0,3,0
부산광역시 사하구 괴정제3동(2638053000),"12,288","12,288",37,32,31,46,43,63,51,55,53,60,62,75,58,59,71,57,72,82,86,89,110,136,124,131,132,128,148,150,159,146,151,150,156,120,143,118,141,138,146,140,150,160,154,133,144,129,135,162,185,184,183,215,201,224,199,195,184,206,196,242,268,279,279,271,271,250,285,278,203,215,174,169,185,154,171,142,99,134,105,146,125,74,85,69,59,57,40,43,36,22,15,8,16,10,7,3,4,6,0,1,0
부산광역시 사하구 괴정제4동(2638054000),"12,135","12,135",37,42,45,63,70,88,94,104,72,81,84,93,77,94,97,99,73,106,90,108,116,122,132,129,164,140,142,153,149,147,130,120,120,106,111,114,132,121,155,171,164,178,186,155,152,174,177,162,207,197,225,203,205,216,192,178,187,186,171,224,261,275,254,232,223,214,236,223,210,186,156,151,154,156,146,132,81,81,89,102,94,58,68,80,35,38,33,28,31,14,23,8,7,10,8,1,1,1,1,2,2
부산광역시 사하구 당리동(2638055000),"26,265","26,265",70,99,68,107,139,162,221,182,184,222,236,221,182,230,246,210,185,219,242,248,255,305,271,330,308,348,376,338,356,336,298,299,290,271,211,221,231,254,327,347,409,392,425,349,341,331,353,377,396,387,436,442,450,498,447,417,464,467,434,535,551,583,542,508,489,480,490,445,366,386,300,304,292,289,255,229,157,202,165,216,155,124,128,104,88,76,72,55,48,45,35,26,18,20,10,6,3,3,3,2,0
부산광역시 사하구 하단제1동(2638056100),"21,373","21,373",58,75,69,98,93,112,144,132,151,158,155,151,145,161,160,129,136,154,206,188,246,276,317,348,353,374,388,391,400,389,366,294,320,267,229,241,237,236,296,294,320,279,316,265,260,252,286,311,310,311,329,373,367,352,342,334,361,347,339,406,384,416,395,448,376,356,326,309,254,274,203,194,234,204,177,171,111,152,109,134,93,108,80,92,87,55,51,45,36,19,17,21,6,13,12,4,3,5,1,1,0
부산광역시 사하구 하단제2동(2638056200),"25,299","25,299",89,110,105,116,117,137,168,144,150,189,151,162,181,179,184,160,188,204,228,314,353,576,652,654,579,525,509,457,404,434,409,350,308,306,306,270,264,291,287,336,385,370,339,313,305,318,328,370,367,379,355,428,431,429,422,425,383,380,361,379,439,483,412,350,426,395,359,330,253,277,225,218,214,185,193,191,138,161,136,147,120,100,100,88,68,62,37,34,34,30,19,15,16,6,5,5,5,3,4,0,3
부산광역시 사하구 신평제1동(2638057100),"16,757","16,757",82,82,93,108,115,107,114,111,112,101,118,97,91,94,107,101,97,121,144,113,124,162,170,168,171,194,186,176,190,180,189,177,154,188,183,185,186,219,239,250,266,275,237,221,198,203,242,228,270,278,314,280,321,286,337,278,288,319,277,352,372,388,325,294,355,329,319,286,242,234,206,213,205,184,185,165,102,127,106,159,118,100,87,76,82,51,40,27,21,20,13,11,11,12,14,5,0,2,0,0,2
부산광역시 사하구 신평제2동(2638057200),"17,199","17,199",107,118,94,109,102,89,137,154,119,146,148,139,137,115,147,118,123,163,160,153,178,190,217,198,239,231,200,238,220,277,243,257,233,248,249,218,234,215,258,246,303,273,273,195,217,223,241,295,278,304,282,306,296,339,321,276,307,294,289,348,383,368,339,298,317,240,228,232,185,220,162,145,161,149,103,99,63,92,59,82,60,53,62,35,26,39,29,40,23,15,19,13,18,5,4,0,1,1,2,2,0
부산광역시 사하구 장림제1동(2638058000),"10,639","10,639",41,47,68,68,99,89,96,97,109,119,103,107,97,89,103,103,87,92,73,73,89,114,108,88,104,109,103,95,109,112,83,113,101,96,110,123,141,154,190,207,221,195,220,175,198,152,184,192,199,186,200,182,167,183,169,170,141,172,175,175,179,220,180,178,145,156,171,133,125,131,128,121,101,118,104,85,71,63,61,67,61,44,45,48,29,24,21,13,9,16,8,7,4,5,2,0,1,0,0,0,0
부산광역시 사하구 장림제2동(2638059000),"27,089","27,089",107,127,119,146,175,192,190,200,205,246,245,243,222,250,262,230,215,218,237,227,279,303,300,291,340,345,365,377,383,318,368,350,335,300,285,311,351,282,356,421,463,482,454,383,405,381,360,447,479,451,473,497,508,468,446,471,495,448,420,503,539,581,521,465,479,440,462,374,342,356,294,259,241,262,212,185,139,157,140,173,122,103,101,63,66,53,44,35,34,20,15,12,14,7,12,9,2,0,2,3,1
부산광역시 사하구 다대제1동(2638060100),"38,503","38,503",124,167,184,225,266,275,340,330,346,411,390,413,333,413,419,358,335,359,375,407,407,464,447,434,465,446,416,382,407,391,380,308,341,357,341,354,389,454,522,547,584,609,587,558,570,568,579,670,723,715,747,780,685,752,681,662,625,639,643,743,781,786,691,677,641,609,566,531,449,469,409,343,351,311,319,316,230,249,226,275,210,193,157,142,123,120,106,85,66,49,40,31,26,25,17,13,10,6,8,4,1
부산광역시 사하구 다대제2동(2638060200),"27,023","27,023",90,98,108,118,155,170,202,170,194,223,223,206,209,215,222,208,226,231,267,273,297,356,313,315,326,290,319,294,294,276,259,224,198,228,193,229,226,246,311,331,373,381,355,312,348,357,398,391,443,469,467,521,520,552,489,544,497,521,458,559,600,675,573,555,516,488,527,446,383,385,305,287,268,268,282,234,163,194,172,186,177,137,160,122,99,97,90,66,59,61,33,21,37,23,14,8,12,7,2,1,2
부산광역시 사하구 구평동(2638061000),"12,904","12,904",133,143,128,122,172,154,136,119,112,153,122,107,95,102,76,89,84,91,99,95,106,146,123,121,139,132,131,138,176,220,197,203,192,230,230,237,236,241,250,271,268,246,212,198,209,176,173,183,176,205,203,221,188,195,196,193,184,193,189,238,208,229,191,185,208,178,179,148,121,142,106,104,106,90,78,81,49,54,41,46,43,28,32,26,15,26,13,10,9,14,8,6,10,6,2,7,1,3,0,1,3
부산광역시 사하구 감천제1동(2638062000),"18,353","18,353",31,44,63,71,68,103,84,96,103,136,119,132,134,115,127,112,144,117,136,178,173,192,189,185,200,203,215,198,220,221,174,181,155,152,135,154,173,156,170,211,245,227,225,233,237,224,261,227,279,283,278,340,345,331,309,351,358,355,330,391,460,453,409,382,408,398,420,371,308,308,263,201,228,256,241,197,147,165,131,172,143,98,111,85,86,56,49,52,31,27,17,21,14,12,11,6,8,3,1,4,1
부산광역시 사하구 감천제2동(2638063000),"5,867","5,867",6,9,6,5,16,11,11,24,15,15,24,10,17,17,13,25,22,32,25,35,31,35,45,59,48,59,53,61,50,50,39,36,40,28,37,39,40,32,37,51,65,68,57,61,57,57,56,82,80,81,97,85,116,109,116,117,112,115,111,123,117,148,138,131,116,134,112,132,142,119,101,118,91,114,112,109,85,90,93,118,82,70,73,73,59,46,31,34,19,19,12,12,4,13,10,2,5,4,3,0,3
부산광역시 금정구 (2641000000),"226,029","226,029",680,769,874,956,"1,127","1,278","1,469","1,482","1,499","1,629","1,634","1,606","1,525","1,577","1,763","1,621","1,594","1,725","1,910","2,090","2,364","3,154","3,317","3,268","3,584","3,432","3,276","3,137","2,956","2,880","2,769","2,425","2,338","2,224","2,191","2,163","2,109","2,217","2,526","2,781","3,033","3,145","3,205","2,796","2,891","2,714","2,920","3,185","3,456","3,538","3,719","3,795","3,741","4,000","3,774","3,793","3,807","3,869","3,723","4,416","4,557","4,681","4,473","4,063","4,037","3,848","4,030","3,572","3,094","3,341","2,790","2,462","2,597","2,678","2,379","2,179","1,494","1,780","1,689","2,004","1,678","1,419","1,308","1,115",953,806,765,672,446,418,313,233,210,163,113,60,55,32,29,22,32
부산광역시 금정구 서제1동(2641051000),"5,275","5,275",6,1,8,2,11,9,11,10,15,13,15,8,15,21,21,32,22,30,31,37,35,36,35,45,53,51,56,48,60,43,48,47,46,38,29,36,44,40,31,51,73,64,61,64,62,57,66,76,91,68,82,90,93,103,101,95,87,102,98,140,136,140,138,140,130,140,126,112,96,111,93,89,83,84,77,64,51,68,68,74,60,56,53,47,26,24,32,26,17,18,9,8,3,6,2,2,2,1,0,0,0
부산광역시 금정구 서제2동(2641052000),"9,133","9,133",10,15,18,24,25,31,38,34,44,27,48,46,36,36,49,46,38,51,42,57,57,106,78,76,98,113,98,129,132,122,104,90,90,82,88,81,83,72,93,128,99,101,104,89,99,84,115,104,140,135,125,162,150,178,153,178,215,196,159,235,243,250,253,246,215,207,211,202,160,173,155,150,126,127,110,83,63,91,83,88,64,58,67,55,41,34,22,22,20,17,10,9,6,7,4,2,1,1,1,0,0
부산광역시 금정구 서제3동(2641053000),"11,147","11,147",23,28,25,37,29,27,40,31,42,37,39,36,56,42,55,39,36,47,63,85,83,99,91,100,119,124,122,145,136,144,159,109,113,98,97,89,104,98,107,126,101,136,111,112,115,108,120,134,170,177,158,190,177,220,205,225,223,199,251,274,303,300,323,240,266,232,258,222,195,210,169,178,162,192,164,141,101,123,99,148,92,97,93,79,68,44,34,27,25,19,20,7,8,12,4,3,1,1,0,0,1
부산광역시 금정구 금사회동동(2641055500),"7,791","7,791",16,14,18,19,21,29,27,26,29,29,26,33,31,23,34,33,34,35,39,39,46,67,70,56,67,97,91,83,90,83,73,89,75,61,61,60,67,72,66,89,105,82,115,82,68,68,77,106,99,89,133,105,148,128,121,148,165,177,156,191,206,227,221,196,187,173,202,175,155,190,130,132,131,134,107,91,71,90,78,91,90,64,56,41,34,25,27,15,16,13,9,9,5,5,4,2,4,1,1,0,2
부산광역시 금정구 부곡제1동(2641057000),"8,203","8,203",7,19,18,28,35,24,31,34,27,41,37,27,41,36,59,38,37,49,45,39,63,86,71,75,78,94,65,97,81,94,97,78,74,77,61,71,61,81,75,94,110,102,92,92,98,94,107,98,117,129,143,128,124,129,123,116,117,153,155,179,199,169,193,163,167,181,182,182,146,174,142,135,159,144,131,126,79,94,95,114,109,73,59,53,53,41,48,38,27,22,13,14,11,7,4,2,2,1,0,0,0
부산광역시 금정구 부곡제2동(2641058000),"17,886","17,886",61,68,67,100,96,107,114,101,103,125,126,146,117,130,162,153,145,161,198,178,214,284,284,297,306,247,286,253,228,209,223,205,197,179,173,168,169,205,210,230,224,257,290,217,211,227,239,316,295,326,314,320,302,315,323,314,282,283,318,289,329,355,321,294,293,269,295,264,235,226,185,153,172,204,151,159,105,111,126,164,119,96,84,72,75,66,60,56,33,28,20,19,15,14,11,3,4,2,4,6,1
부산광역시 금정구 부곡제3동(2641059000),"15,635","15,635",62,69,89,78,90,115,113,138,134,136,123,127,111,124,122,118,129,156,145,165,155,234,236,201,246,212,205,191,202,200,215,187,170,172,177,181,173,176,178,207,242,242,238,193,222,185,208,220,243,250,260,307,256,275,288,260,258,258,230,292,318,300,259,250,262,243,271,230,171,226,154,143,152,156,142,126,77,90,93,85,98,98,75,58,59,52,54,53,24,35,23,16,20,11,9,3,4,0,5,0,1
부산광역시 금정구 부곡제4동(2641059100),"12,725","12,725",29,43,38,43,50,63,45,64,54,58,52,66,56,61,83,82,85,86,91,91,111,120,126,140,167,143,168,175,156,154,163,137,120,117,124,138,106,129,169,154,128,179,162,142,148,161,176,169,206,222,187,230,205,234,208,213,230,227,198,256,264,268,311,248,260,277,290,257,211,225,223,185,192,174,164,155,104,117,118,141,104,74,93,67,50,45,38,33,23,20,9,13,14,8,3,1,3,1,1,1,2
부산광역시 금정구 장전제1동(2641060000),"17,946","17,946",38,42,76,46,69,90,97,92,104,124,126,119,112,109,118,102,87,97,144,239,331,600,769,801,840,697,588,457,376,347,327,224,212,188,175,161,158,154,155,187,225,208,207,203,217,220,226,219,220,218,233,188,222,253,215,219,218,208,193,235,256,218,239,195,229,161,213,179,147,190,155,138,129,138,135,130,83,87,89,106,88,88,83,57,41,43,38,46,21,29,21,16,9,10,4,3,3,2,0,1,1
부산광역시 금정구 장전제2동(2641061000),"26,337","26,337",138,160,181,196,231,275,316,284,309,320,329,269,258,256,260,223,217,231,216,221,227,286,312,318,359,334,330,329,338,343,300,295,290,314,322,327,311,326,442,436,516,512,551,459,478,436,389,413,447,430,427,406,401,386,358,339,364,334,306,376,373,443,351,338,355,330,342,306,288,291,253,198,235,260,205,224,141,176,161,205,166,142,121,105,94,86,84,56,45,44,36,26,26,16,23,8,5,10,4,2,6
부산광역시 금정구 선두구동(2641063500),"2,310","2,310",2,5,3,11,4,12,12,7,7,5,3,9,9,5,8,10,10,12,16,9,13,20,18,20,26,15,19,19,26,34,18,19,29,17,17,16,15,19,27,19,18,22,22,23,17,21,20,20,29,29,39,42,37,43,38,50,40,50,57,64,60,72,62,63,57,53,60,54,44,30,35,32,37,35,43,31,29,26,28,19,33,24,20,18,19,11,13,16,8,10,6,2,5,1,3,0,1,0,2,0,2
부산광역시 금정구 청룡노포동(2641066500),"9,751","9,751",32,34,31,31,43,56,64,58,67,66,58,73,60,48,71,70,74,74,65,80,76,86,96,96,97,124,120,105,86,119,97,87,91,89,103,84,81,90,84,106,109,111,123,95,97,102,96,115,150,152,139,158,147,157,171,182,187,192,185,206,200,212,202,202,179,191,204,195,158,184,146,139,133,165,148,118,91,92,96,110,86,80,88,62,55,45,51,51,26,24,18,12,7,10,6,6,3,1,3,4,2
부산광역시 금정구 남산동(2641067000),"28,642","28,642",53,68,76,84,87,119,129,141,127,160,160,155,139,160,177,168,191,190,261,301,378,439,473,429,470,467,421,420,413,390,351,323,307,291,265,252,236,260,248,291,332,338,324,306,338,262,313,372,394,441,525,508,532,570,521,537,496,494,519,615,658,646,587,579,517,533,534,439,406,435,366,315,354,337,321,286,221,281,234,282,248,193,177,157,139,96,106,95,67,57,51,24,30,16,12,11,5,5,5,4,6
부산광역시 금정구 구서제1동(2641068000),"19,520","19,520",76,91,94,93,116,112,151,174,145,181,173,174,182,198,216,186,178,180,205,212,188,235,227,235,222,265,250,253,241,253,234,209,206,195,193,191,202,185,249,279,278,306,294,288,258,269,310,311,335,317,336,360,359,410,339,322,333,374,335,381,362,401,339,310,311,297,296,269,246,236,200,164,176,189,161,167,100,114,110,144,121,104,84,81,75,70,42,52,31,24,19,14,11,8,10,7,4,2,2,2,1
부산광역시 금정구 구서제2동(2641069000),"32,702","32,702",125,112,130,162,217,208,268,278,282,295,299,304,289,315,318,308,301,318,339,328,378,444,428,373,433,440,453,425,384,335,349,318,313,301,302,304,292,302,384,374,458,475,496,407,445,405,441,502,502,538,600,587,571,593,598,584,573,605,544,661,628,655,652,571,584,544,527,462,421,417,362,297,333,326,307,273,174,214,205,220,194,165,148,160,121,117,110,83,61,55,48,43,37,29,14,7,12,4,1,2,6
부산광역시 금정구 금성동(2641070000),"1,026","1,026",2,0,2,2,3,1,13,10,10,12,20,14,13,13,10,13,10,8,10,9,9,12,3,6,3,9,4,8,7,10,11,8,5,5,4,4,7,8,8,10,15,10,15,24,18,15,17,10,18,17,18,14,17,6,12,11,19,17,19,22,22,25,22,28,25,17,19,24,15,23,22,14,23,13,13,5,4,6,6,13,6,7,7,3,3,7,6,3,2,3,1,1,3,3,0,0,1,0,0,0,1
부산광역시 강서구 (2644000000),"143,227","143,227","1,332","1,356","1,653","1,874","2,067","2,316","2,406","2,233","2,171","2,132","2,025","1,843","1,581","1,462","1,376","1,064",998,953,943,872,909,"1,039",997,"1,060","1,128","1,211","1,326","1,471","1,630","1,839","1,938","1,965","2,269","2,352","2,438","2,611","2,719","2,999","3,404","3,738","3,834","3,488","3,325","2,710","2,530","2,273","2,185","2,140","2,086","1,898","1,837","1,862","1,737","1,809","1,621","1,553","1,624","1,675","1,567","1,887","2,014","2,108","1,945","1,873","1,849","1,703","1,638","1,527","1,251","1,299","1,072",921,876,855,796,664,479,534,514,584,498,421,411,334,304,254,191,203,155,116,116,99,82,67,50,22,22,9,12,5,13
부산광역시 강서구 대저1동(2644051000),"6,508","6,508",9,11,18,17,20,21,17,16,17,24,22,31,22,33,20,26,20,25,33,34,32,42,54,58,53,51,64,71,64,76,71,66,62,63,61,37,46,57,39,54,65,70,75,60,55,61,54,65,75,73,85,98,99,128,84,113,135,129,125,161,161,174,174,184,182,179,168,159,135,149,136,119,123,111,98,95,72,75,87,88,74,65,48,51,47,39,21,27,17,15,20,16,11,8,4,3,2,0,1,1,2
부산광역시 강서구 대저2동(2644052000),"7,073","7,073",36,38,30,48,49,58,56,43,64,51,60,47,47,45,58,38,32,38,49,50,51,64,71,77,76,89,91,89,99,121,96,90,90,98,94,90,83,64,102,79,103,98,90,78,104,81,80,83,100,90,89,101,89,103,94,107,109,116,99,137,146,146,158,169,155,136,130,126,84,118,96,73,96,87,79,55,49,45,55,73,56,45,59,31,35,25,24,32,17,10,15,11,9,7,5,3,7,2,1,0,1
부산광역시 강서구 강동동(2644053000),"4,210","4,210",4,3,5,9,10,10,7,10,8,12,8,10,11,13,8,8,8,20,11,14,17,22,27,37,31,33,25,37,35,50,41,46,43,35,26,22,33,34,25,30,27,38,32,35,30,24,29,34,32,48,43,43,58,69,77,78,108,91,91,109,154,161,157,124,150,129,115,117,104,117,93,76,67,65,71,52,57,51,41,61,41,36,42,20,37,28,19,16,17,8,7,13,10,8,4,3,2,1,0,0,2
부산광역시 강서구 명지1동(2644053500),"53,480","53,480",798,762,918,967,"1,097","1,137","1,092","1,027",957,892,856,714,569,549,526,347,392,313,292,267,296,363,324,340,416,428,477,538,643,757,877,901,"1,090","1,220","1,230","1,350","1,361","1,478","1,628","1,746","1,701","1,534","1,359","1,047",995,834,800,718,718,622,527,537,533,549,504,425,434,463,408,499,540,535,479,450,473,406,390,343,311,315,218,199,178,201,179,130,87,102,88,99,91,73,81,70,41,45,39,35,25,20,22,17,17,12,10,3,4,2,3,3,2
부산광역시 강서구 명지2동(2644054500),"30,343","30,343",214,224,320,405,447,585,689,636,615,639,635,611,559,501,474,404,323,353,345,296,261,254,245,225,223,219,231,214,247,254,251,256,286,347,355,372,451,556,712,830,874,825,874,709,702,627,601,666,570,506,507,447,399,360,306,282,269,291,272,326,318,308,310,308,252,262,270,228,172,172,126,141,123,102,104,76,54,54,56,67,56,48,39,31,31,20,24,29,16,12,13,11,7,12,6,3,2,0,2,0,1
부산광역시 강서구 가락동(2644055000),"2,336","2,336",3,1,3,6,2,7,6,4,4,13,5,10,2,4,2,4,11,5,6,8,10,8,12,15,17,18,20,31,21,23,21,20,17,25,17,16,15,15,24,16,17,17,17,17,20,19,17,20,21,29,24,20,33,37,49,42,54,58,49,58,58,76,52,73,54,59,71,63,55,49,63,48,38,51,35,48,26,34,39,33,32,37,24,17,21,17,13,15,12,6,6,9,4,4,3,1,0,1,2,0,2
부산광역시 강서구 녹산동(2644056000),"35,288","35,288",261,309,352,414,435,477,527,483,488,486,427,408,358,306,275,220,199,182,192,182,220,256,239,274,279,339,390,458,486,516,547,551,638,540,630,685,690,748,838,946,997,875,828,714,583,589,560,500,524,486,483,547,453,484,446,435,443,440,433,487,524,550,507,460,477,427,394,388,314,298,278,204,198,184,167,153,105,132,116,126,107,87,93,88,68,54,33,42,28,33,21,21,11,12,13,5,4,3,3,1,1
부산광역시 강서구 가덕도동(2644058000),"3,989","3,989",7,8,7,8,7,21,12,14,18,15,12,12,13,11,13,17,13,17,15,21,22,30,25,34,33,34,28,33,35,42,34,35,43,24,25,39,40,47,36,37,50,31,50,50,41,38,44,54,46,44,79,69,73,79,61,71,72,87,90,110,113,158,108,105,106,105,100,103,76,81,62,61,53,54,63,55,29,41,32,37,41,30,25,26,24,26,18,7,23,12,12,1,13,4,5,1,1,0,0,0,2
부산광역시 연제구 (2647000000),"207,178","207,178",973,"1,029","1,168","1,278","1,293","1,549","1,661","1,626","1,569","1,691","1,647","1,677","1,490","1,566","1,699","1,594","1,466","1,630","1,784","1,659","1,922","2,302","2,297","2,341","2,524","2,539","2,669","2,679","2,748","2,743","2,731","2,512","2,611","2,481","2,450","2,498","2,456","2,517","2,862","3,169","3,324","3,357","3,344","2,904","3,042","2,742","2,864","3,219","3,433","3,351","3,414","3,583","3,408","3,585","3,474","3,145","3,282","3,121","2,910","3,510","3,823","3,978","3,640","3,502","3,431","3,331","3,391","3,179","2,671","2,828","2,324","2,114","2,214","2,245","2,077","1,820","1,264","1,504","1,430","1,702","1,371","1,198","1,053",885,784,711,593,448,353,278,241,182,154,119,70,50,32,16,19,14,27
부산광역시 연제구 거제제1동(2647061000),"28,918","28,918",106,107,161,190,184,263,299,317,325,349,353,372,316,348,381,358,314,341,363,312,387,421,364,327,315,285,284,257,258,250,249,233,232,233,272,254,247,297,388,384,478,502,555,457,537,482,501,594,618,565,599,565,547,514,510,426,458,376,356,430,459,416,415,374,368,348,359,359,323,314,301,258,262,244,247,216,179,203,191,228,183,133,138,118,111,80,84,59,38,35,23,18,18,14,9,8,6,2,3,2,6
부산광역시 연제구 거제제2동(2647062000),"12,146","12,146",47,45,66,65,68,100,122,141,145,157,169,157,163,163,177,162,144,157,140,138,157,137,119,135,132,123,101,124,116,108,92,87,102,113,92,116,96,108,128,206,194,180,233,199,224,214,239,261,268,235,270,230,209,212,206,159,180,173,162,169,197,209,165,165,162,178,175,137,139,146,116,102,105,116,107,98,48,82,73,79,55,63,47,43,37,42,32,21,19,9,18,9,4,4,3,4,1,0,0,0,1
부산광역시 연제구 거제제3동(2647063000),"9,921","9,921",40,34,46,40,49,38,50,52,40,45,49,50,64,50,72,60,84,61,83,78,73,98,101,105,103,120,127,124,116,116,139,117,101,119,98,95,92,90,105,105,118,130,134,90,116,106,125,144,130,161,138,185,173,176,189,138,138,154,137,161,193,227,200,171,185,168,183,190,160,173,149,116,126,151,137,140,92,109,109,135,109,96,73,91,69,70,48,38,30,29,18,15,16,18,2,4,3,2,2,2,0
부산광역시 연제구 거제제4동(2647064000),"10,369","10,369",34,37,51,52,70,59,72,77,74,98,97,109,94,101,101,109,81,107,93,92,105,120,118,115,120,101,131,104,108,120,97,84,116,91,92,90,92,101,126,145,137,189,158,133,150,137,151,155,185,196,164,187,210,166,166,164,199,185,165,172,223,210,171,211,183,189,191,171,141,143,126,112,115,122,90,89,55,70,71,87,67,57,50,47,41,40,25,25,18,14,21,12,9,6,5,3,0,0,2,3,1
부산광역시 연제구 연산제1동(2647065000),"16,781","16,781",90,95,101,113,121,144,148,137,136,145,121,131,105,137,133,145,102,119,141,118,119,157,161,168,173,201,202,217,188,193,220,197,207,221,181,206,233,217,248,263,271,301,267,248,244,223,227,267,244,258,254,248,262,286,270,239,290,283,256,317,334,347,315,305,315,298,288,273,216,223,210,189,204,177,183,139,91,105,102,132,101,68,93,68,62,53,39,28,22,27,15,10,10,10,5,4,1,3,3,1,3
부산광역시 연제구 연산제2동(2647066000),"20,337","20,337",162,166,189,188,182,207,235,213,164,183,147,150,113,115,135,115,97,133,135,141,174,216,224,227,225,227,223,222,242,270,328,280,298,297,312,359,324,357,390,426,435,359,354,274,280,253,265,255,318,322,297,345,290,338,331,304,298,283,250,307,302,385,279,290,305,281,288,284,218,246,194,205,198,207,169,172,112,155,116,172,124,132,91,84,67,70,52,43,29,17,27,17,18,11,9,2,6,2,3,2,4
부산광역시 연제구 연산제3동(2647067000),"10,574","10,574",72,82,91,95,81,73,71,59,60,58,51,51,46,38,60,48,58,68,72,78,70,90,110,110,93,92,111,118,134,121,143,144,141,168,164,167,156,159,163,195,176,177,156,148,126,116,141,148,156,140,169,170,158,177,160,158,148,158,126,169,217,216,224,196,196,181,226,202,128,161,126,133,143,120,128,124,74,93,79,101,70,75,59,43,44,42,34,27,24,12,6,9,4,9,5,2,1,0,0,1,1
부산광역시 연제구 연산제4동(2647068000),"16,032","16,032",40,31,45,47,54,58,71,66,93,92,88,92,73,79,98,69,84,84,105,114,128,163,208,175,245,258,261,263,286,251,232,229,226,168,168,163,151,163,184,183,224,213,250,224,195,178,188,207,233,229,245,271,245,231,268,243,275,261,246,319,329,372,357,362,301,316,326,298,244,282,229,170,202,198,218,155,119,146,151,142,130,114,83,87,82,73,46,25,35,23,22,20,12,13,8,3,1,1,1,1,2
부산광역시 연제구 연산제5동(2647069000),"16,569","16,569",80,83,73,79,60,67,82,52,80,49,64,58,60,59,62,67,38,61,90,81,132,186,229,289,350,375,451,458,500,447,428,378,395,304,305,294,265,248,280,280,232,280,249,230,212,185,178,223,244,229,246,274,247,246,241,222,239,195,206,255,258,247,260,226,253,208,211,209,164,191,130,144,127,166,137,117,105,91,98,129,86,64,68,59,64,45,39,28,20,14,14,8,6,2,0,1,4,0,0,2,2
부산광역시 연제구 연산제6동(2647070000),"16,593","16,593",86,100,79,102,94,130,103,105,80,103,87,93,83,90,87,94,101,115,120,91,129,148,140,151,188,167,204,212,208,237,231,209,239,214,198,204,188,205,212,265,259,231,238,224,224,184,193,222,257,227,243,256,245,272,243,266,251,260,217,303,322,353,317,304,309,302,324,290,254,273,234,215,211,229,207,167,132,148,165,177,179,151,119,81,67,74,72,54,32,31,27,22,17,8,4,6,4,1,2,0,2
부산광역시 연제구 연산제8동(2647072000),"14,010","14,010",70,73,94,104,108,142,142,141,114,136,130,127,117,104,121,92,97,110,114,105,109,140,139,140,155,150,144,169,149,185,168,162,160,167,160,169,165,185,164,244,252,238,243,193,225,193,205,215,235,196,227,228,208,257,247,233,225,233,234,243,278,283,223,250,251,255,232,225,190,177,159,138,149,156,132,122,76,107,75,87,81,55,63,42,36,30,30,28,23,11,14,13,12,3,3,2,1,2,1,0,0
부산광역시 연제구 연산제9동(2647073000),"34,928","34,928",146,176,172,203,222,268,266,266,258,276,291,287,256,282,272,275,266,274,328,311,339,426,384,399,425,440,430,411,443,445,404,392,394,386,408,381,447,387,474,473,548,557,507,484,509,471,451,528,545,593,562,624,614,710,643,593,581,560,555,665,711,713,714,648,603,607,588,541,494,499,350,332,372,359,322,281,181,195,200,233,186,190,169,122,104,92,92,72,63,56,36,29,28,21,17,11,4,3,2,0,5
부산광역시 수영구 (2650000000),"174,838","174,838",741,731,830,911,936,"1,075","1,147","1,096","1,008","1,214","1,161","1,083","1,016","1,094","1,172","1,085","1,012","1,264","1,262","1,302","1,472","1,795","1,921","2,078","2,319","2,632","2,708","2,919","2,822","2,952","2,808","2,426","2,449","2,333","2,133","2,112","2,127","2,102","2,418","2,467","2,752","2,642","2,579","2,276","2,301","2,211","2,318","2,520","2,632","2,702","2,836","2,954","2,802","2,782","2,672","2,472","2,547","2,545","2,500","2,839","3,088","3,327","3,076","2,980","3,051","2,930","3,056","2,666","2,363","2,548","2,125","1,932","2,002","2,081","2,055","1,786","1,215","1,427","1,290","1,492","1,275","1,094","1,027",897,751,630,551,474,363,291,279,160,158,119,89,62,36,24,15,8,30
부산광역시 수영구 남천제1동(2650066000),"13,884","13,884",60,33,50,61,59,78,96,90,82,82,100,94,96,118,111,108,100,138,139,149,150,160,159,181,193,174,178,202,198,196,218,142,184,138,147,160,156,146,182,156,206,186,184,158,176,189,186,228,205,256,268,277,256,254,251,224,238,242,205,244,248,241,253,201,248,228,216,187,156,175,156,123,154,156,144,153,95,101,97,112,97,97,88,84,80,44,44,46,30,27,28,15,15,18,11,8,5,1,1,3,1
부산광역시 수영구 남천제2동(2650067000),"12,085","12,085",43,56,58,51,84,82,110,96,105,135,128,99,98,123,120,113,106,136,113,128,104,142,137,132,119,127,125,131,106,122,98,109,111,98,102,114,115,120,141,153,186,162,196,174,173,176,204,210,214,209,232,238,236,214,213,194,198,206,192,214,248,221,233,198,211,210,209,167,160,168,124,140,131,124,138,107,71,84,82,95,68,73,59,45,40,38,46,35,22,19,24,12,13,13,8,8,4,1,0,1,4
부산광역시 수영구 수영동(2650073000),"14,558","14,558",57,45,56,55,49,60,59,49,52,57,69,63,59,56,60,45,65,66,89,86,119,103,118,128,174,188,182,206,219,213,203,158,182,171,164,143,168,129,164,181,199,203,183,176,157,157,158,192,221,201,196,237,212,234,217,239,225,213,203,243,287,324,288,304,317,286,330,295,260,271,245,228,204,241,242,211,145,158,156,183,159,127,147,119,87,68,75,54,43,30,25,21,24,7,7,4,5,1,3,0,1
부산광역시 수영구 망미제1동(2650074000),"27,365","27,365",130,94,129,135,147,182,212,183,190,211,206,181,169,188,235,173,163,187,207,196,220,248,270,273,278,294,307,316,311,360,336,317,320,307,293,287,282,297,353,391,428,453,372,336,349,335,347,398,384,397,384,421,414,405,387,392,399,423,440,486,520,616,544,531,518,521,535,479,451,475,403,335,349,390,373,313,207,244,236,261,202,190,177,164,149,113,111,96,91,58,49,35,29,24,17,14,8,4,2,2,1
부산광역시 수영구 망미제2동(2650075000),"10,605","10,605",43,54,67,70,49,72,54,68,56,76,74,72,66,75,80,78,67,76,87,71,90,115,97,89,107,117,112,122,122,122,111,135,114,117,130,120,134,118,141,152,165,170,172,143,142,141,150,150,164,150,201,188,199,169,168,173,165,142,160,186,212,215,196,213,206,206,200,181,154,163,137,136,144,128,131,138,81,115,78,87,78,66,49,54,40,44,25,24,17,16,21,8,6,9,3,3,0,1,0,0,2
부산광역시 수영구 광안제1동(2650076000),"25,787","25,787",69,75,78,104,113,99,133,129,136,141,138,131,137,138,144,163,136,173,159,169,234,312,349,424,471,628,651,707,669,698,600,523,438,459,373,365,320,346,346,354,373,359,354,329,354,297,335,332,360,387,387,397,372,357,346,313,322,336,298,373,412,404,394,405,354,356,397,359,289,326,279,246,250,285,252,238,163,167,163,202,156,144,131,115,94,78,57,54,37,33,34,20,22,12,19,8,4,4,3,0,8
부산광역시 수영구 광안제2동(2650077000),"18,689","18,689",67,73,79,77,90,125,123,123,101,155,119,132,125,126,112,104,116,128,129,128,154,196,213,247,295,337,358,358,361,366,378,327,297,291,242,238,227,208,297,284,314,316,320,240,253,234,266,297,281,285,309,305,265,267,282,229,268,253,252,273,296,311,285,272,289,272,272,245,214,243,185,186,197,198,207,173,128,171,142,148,135,113,102,99,75,66,40,53,36,30,27,16,11,13,5,3,2,4,1,0,9
부산광역시 수영구 광안제3동(2650078000),"9,633","9,633",11,15,21,18,26,25,27,35,29,31,45,39,33,38,31,38,30,44,46,54,67,114,137,174,207,239,269,283,268,263,244,182,171,158,141,113,128,111,119,116,122,128,110,129,96,115,103,105,134,129,127,141,118,143,132,100,109,125,142,143,151,182,160,161,183,157,168,144,138,135,123,113,111,127,132,106,66,82,71,90,87,55,48,44,40,39,33,22,16,17,10,5,6,4,7,5,1,0,1,1,1
부산광역시 수영구 광안제4동(2650079000),"13,703","13,703",82,92,94,75,95,106,104,101,79,103,79,91,88,83,91,98,68,118,101,101,91,131,137,132,152,181,182,212,212,220,219,184,203,193,182,193,205,202,223,215,228,225,204,211,198,200,184,214,216,226,249,234,211,238,206,194,192,170,192,212,216,254,201,211,198,199,230,205,180,188,151,123,159,137,144,114,85,100,111,101,109,91,96,81,57,57,48,32,31,17,17,7,8,8,6,2,2,4,0,0,1
부산광역시 수영구 민락동(2650080000),"28,529","28,529",179,194,198,265,224,246,229,222,178,223,203,181,145,149,188,165,161,198,192,220,243,274,304,298,323,347,344,382,356,392,401,349,429,401,359,379,392,425,452,465,531,440,484,380,403,367,385,394,453,462,483,516,519,501,470,414,431,435,416,465,498,559,522,484,527,495,499,404,361,404,322,302,303,295,292,233,174,205,154,213,184,138,130,92,89,83,72,58,40,44,44,21,24,11,6,7,5,4,4,1,2
부산광역시 사상구 (2653000000),"207,138","207,138",718,749,865,954,"1,117","1,175","1,331","1,246","1,308","1,505","1,441","1,383","1,267","1,361","1,480","1,330","1,281","1,472","1,607","1,698","1,992","2,383","2,585","2,603","2,840","2,837","2,924","3,119","3,023","3,013","2,872","2,535","2,506","2,215","2,174","2,151","2,178","2,149","2,355","2,798","2,935","2,909","2,895","2,548","2,523","2,516","2,713","2,856","3,179","3,192","3,289","3,536","3,675","4,066","3,873","3,820","4,052","4,031","3,696","4,413","4,871","4,975","4,601","4,142","3,984","3,615","3,661","3,396","2,680","2,803","2,437","2,200","2,204","2,149","2,025","1,685","1,168","1,380","1,256","1,399","1,224",986,885,758,714,535,483,402,294,271,170,122,112,91,60,47,30,15,14,15,22
부산광역시 사상구 삼락동(2653058000),"5,765","5,765",17,17,16,25,26,18,18,26,26,33,18,22,21,27,22,30,25,34,37,38,36,62,46,49,74,51,59,80,56,79,71,57,61,46,50,41,74,44,48,65,61,63,61,40,63,51,66,67,89,93,85,100,118,128,125,123,148,131,106,142,159,167,173,133,123,123,128,96,102,102,83,69,73,93,82,70,48,62,37,52,53,43,33,34,32,19,18,12,5,9,9,6,0,3,2,3,1,1,1,0,1
부산광역시 사상구 모라제1동(2653059100),"27,905","27,905",114,96,117,133,147,145,164,185,155,194,169,196,179,183,198,185,166,201,204,206,262,256,315,297,342,360,391,421,395,391,396,390,344,320,299,280,275,282,303,385,366,364,385,332,324,322,351,371,408,432,409,436,477,537,532,534,536,552,503,639,729,742,617,564,567,508,555,506,364,417,355,296,321,327,264,223,164,190,173,194,165,133,124,109,90,71,59,60,31,36,24,17,23,10,8,4,4,3,0,4,3
부산광역시 사상구 모라제3동(2653059300),"10,306","10,306",14,14,19,12,26,33,26,30,24,34,31,34,29,30,39,43,43,46,45,54,65,84,81,69,71,76,71,69,78,90,77,71,63,75,54,52,82,49,69,102,96,113,107,104,114,104,117,130,151,135,148,163,167,206,213,182,203,205,209,261,284,257,266,279,240,244,263,240,214,233,205,193,207,189,230,175,109,136,112,141,144,112,105,94,95,76,73,44,37,34,19,12,10,12,5,5,4,1,2,0,3
부산광역시 사상구 덕포제1동(2653060000),"8,638","8,638",21,26,30,36,50,50,63,63,45,72,55,52,53,56,69,54,63,61,70,72,91,92,109,74,102,106,120,104,98,120,76,92,88,79,84,84,100,99,90,105,135,113,124,109,89,101,115,123,139,125,147,165,144,184,168,166,185,200,163,186,216,231,179,169,152,146,145,135,114,121,100,102,89,103,91,85,57,78,68,63,55,48,35,43,38,23,26,16,17,11,7,4,3,5,1,3,0,0,3,1,0
부산광역시 사상구 덕포제2동(2653061000),"12,879","12,879",40,34,56,50,69,80,98,68,86,87,107,94,78,82,97,92,78,84,87,115,130,136,129,137,142,191,171,193,186,163,184,136,155,129,147,120,113,130,131,171,193,182,175,147,145,143,175,145,200,208,180,202,243,233,229,266,269,260,247,303,337,349,292,257,276,262,245,234,179,175,182,150,151,146,107,88,86,71,75,86,59,53,43,47,43,31,23,25,15,22,12,8,6,8,4,5,1,2,0,1,2
부산광역시 사상구 괘법동(2653062000),"22,507","22,507",87,84,80,115,108,102,112,99,91,109,99,94,80,83,104,91,81,107,112,154,203,314,324,384,481,495,517,588,570,519,474,414,374,315,302,286,305,272,279,305,333,298,299,257,239,231,216,275,301,292,323,349,365,423,392,430,432,435,374,468,497,530,471,436,392,359,344,325,285,247,215,217,211,176,196,174,79,119,110,126,106,75,60,54,52,39,37,33,22,22,14,10,7,6,3,2,2,3,0,1,5
부산광역시 사상구 감전동(2653064500),"13,235","13,235",40,32,35,46,39,56,54,54,54,63,70,60,49,71,43,57,60,70,85,88,102,108,110,134,163,158,162,197,182,165,205,174,170,153,130,154,121,136,127,151,181,183,177,147,126,148,173,144,196,180,218,234,224,267,261,252,296,290,277,332,337,344,349,270,300,278,287,258,177,226,206,187,160,149,145,135,101,101,116,131,103,65,75,50,54,47,38,23,19,13,10,7,16,3,2,4,3,2,2,6,2
부산광역시 사상구 주례제1동(2653065000),"15,050","15,050",65,70,82,93,84,92,101,88,91,118,117,88,94,105,112,100,98,118,118,119,141,156,175,194,206,200,223,209,223,222,194,166,190,173,165,165,146,165,174,177,206,202,211,165,173,204,176,171,214,217,242,246,276,345,310,281,312,312,278,362,360,361,350,299,311,278,261,247,192,205,169,129,154,138,140,114,84,100,78,90,75,61,59,41,41,40,31,31,22,21,12,10,6,4,9,2,2,1,1,1,0
부산광역시 사상구 주례제2동(2653066000),"22,922","22,922",81,93,103,97,133,152,142,141,174,183,159,192,172,157,183,169,148,177,199,242,265,398,461,411,439,352,393,400,365,394,379,320,321,261,264,256,253,269,289,336,314,355,347,317,330,307,326,316,362,367,344,389,394,361,360,345,372,367,374,389,491,450,396,393,378,311,334,316,228,239,226,190,209,216,190,150,117,132,127,137,129,114,94,82,71,40,41,35,32,24,18,14,9,10,6,5,4,1,1,0,3
부산광역시 사상구 주례제3동(2653066100),"13,063","13,063",28,37,49,64,64,65,87,84,80,95,92,95,85,93,115,95,96,115,126,124,124,145,164,191,149,199,167,175,203,190,158,145,166,138,130,127,126,131,139,181,156,169,166,160,159,151,160,208,199,206,197,223,252,256,221,227,261,223,239,230,286,304,331,287,246,221,227,239,170,185,145,162,133,126,123,111,74,92,87,78,77,73,64,54,50,35,33,36,39,27,12,5,14,11,1,4,0,0,1,0,0
부산광역시 사상구 학장동(2653067000),"28,097","28,097",112,122,129,133,174,179,202,173,206,242,228,217,180,212,228,193,205,221,244,235,291,296,338,303,337,316,316,346,329,323,324,285,280,261,281,281,275,301,370,432,482,435,422,358,365,386,419,453,415,479,509,498,536,556,496,504,515,526,472,580,594,666,650,590,581,508,503,475,373,378,322,274,310,287,264,226,146,173,155,183,152,128,115,90,100,78,58,45,30,30,22,17,9,12,13,6,2,1,2,0,3
부산광역시 사상구 엄궁동(2653068000),"26,771","26,771",99,124,149,150,197,203,264,235,276,275,296,239,247,262,270,221,218,238,280,251,282,336,333,360,334,333,334,337,338,357,334,285,294,265,268,305,308,271,336,388,412,432,421,412,396,368,419,453,505,458,487,531,479,570,566,510,523,530,454,521,581,574,527,465,418,377,369,325,282,275,229,231,186,199,193,134,103,126,118,118,106,81,78,60,48,36,46,42,25,22,11,12,9,7,6,4,7,0,1,1,0
부산광역시 기장군 (2671000000),"176,721","176,721","1,092","1,235","1,391","1,559","1,769","2,055","2,176","2,221","2,184","2,345","2,171","2,165","1,854","1,831","1,948","1,631","1,595","1,607","1,663","1,586","1,574","1,724","1,593","1,576","1,665","1,632","1,695","1,728","1,763","1,854","1,950","1,916","1,946","2,091","2,072","2,235","2,373","2,527","3,052","3,415","3,665","3,788","3,756","3,253","3,210","3,018","3,053","3,189","3,129","3,039","3,026","2,964","2,670","2,655","2,451","2,371","2,236","2,220","2,117","2,412","2,401","2,669","2,552","2,350","2,377","2,199","2,319","2,031","1,855","1,836","1,614","1,484","1,502","1,502","1,470","1,289",914,"1,109",976,"1,110",891,789,841,676,556,502,452,362,306,262,225,146,113,87,74,56,49,24,22,17,31
부산광역시 기장군 기장읍(2671025000),"52,849","52,849",208,222,237,247,329,327,315,321,350,375,391,418,378,394,438,403,398,449,474,525,514,590,537,595,654,644,664,689,652,635,648,600,515,535,492,483,503,560,627,654,713,780,804,721,733,709,742,872,928,916,"1,010","1,032",959,988,909,912,901,918,817,965,942,"1,032","1,028",869,919,844,844,770,680,699,595,551,546,606,595,525,340,482,395,477,401,338,369,293,249,211,208,154,125,99,95,48,57,30,32,24,21,9,7,10,11
부산광역시 기장군 장안읍(2671025300),"8,547","8,547",48,49,40,44,35,41,35,46,45,42,44,37,27,37,40,34,37,29,53,60,61,83,95,85,95,107,97,123,117,120,95,105,106,118,82,112,96,91,115,98,112,89,107,105,82,78,85,94,93,108,123,138,152,154,163,158,143,174,147,157,163,197,178,185,187,164,174,158,137,142,103,93,124,107,111,81,73,88,83,83,72,71,67,76,55,48,46,37,29,31,24,22,7,9,9,7,6,2,5,2,5
부산광역시 기장군 정관읍(2671025600),"81,648","81,648",540,679,763,910,"1,040","1,283","1,409","1,442","1,416","1,578","1,422","1,396","1,195","1,165","1,274",997,958,925,919,790,736,727,664,602,605,584,622,636,660,723,825,808,901,994,"1,015","1,140","1,284","1,332","1,686","1,966","2,149","2,282","2,210","1,926","1,922","1,802","1,766","1,756","1,639","1,517","1,381","1,261","1,065",965,863,802,702,663,654,711,736,807,765,771,707,683,788,646,634,601,568,504,499,465,463,422,309,329,284,317,243,213,234,167,134,145,98,98,75,75,62,41,23,22,22,16,15,7,6,2,5
부산광역시 기장군 일광면(2671031000),"25,783","25,783",282,263,332,332,339,363,364,366,328,297,265,251,209,190,156,150,165,171,175,172,223,265,241,235,250,221,218,208,254,304,334,341,373,387,429,428,444,475,547,619,606,549,520,436,392,332,370,353,352,375,407,404,390,386,386,356,359,347,344,420,389,427,404,339,365,328,319,287,247,224,206,191,189,196,178,167,104,127,119,147,101,92,84,78,62,57,59,49,51,35,25,20,16,15,7,8,6,5,1,2,7
부산광역시 기장군 철마면(2671033000),"7,894","7,894",14,22,19,26,26,41,53,46,45,53,49,63,45,45,40,47,37,33,42,39,40,59,56,59,61,76,94,72,80,72,48,62,51,57,54,72,46,69,77,78,85,88,115,65,81,97,90,114,117,123,105,129,104,162,130,143,131,118,155,159,171,206,177,186,199,180,194,170,157,170,142,145,144,128,123,94,88,83,95,86,74,75,87,62,56,41,41,24,26,22,19,15,10,11,4,1,1,1,3,1,3
