面没合档  (4300000000),"1,597,022","1,597,022","7,895","8,564","9,124","10,529","11,346","12,566","13,511","13,364","13,643","15,043","14,801","15,005","14,089","14,388","15,557","13,863","13,682","14,479","15,123","15,129","16,552","19,008","18,354","18,559","19,231","19,501","20,337","20,363","20,624","20,386","19,345","17,842","17,354","17,426","17,649","17,869","18,445","18,938","20,954","23,405","23,987","23,284","23,565","21,392","22,360","22,035","23,154","25,257","27,044","25,828","26,939","27,435","28,247","29,279","26,729","26,839","27,118","26,526","22,796","27,862","30,856","30,329","27,643","25,790","25,821","23,955","22,687","20,945","17,458","18,448","14,078","12,946","13,122","13,108","13,139","11,659","9,381","10,412","10,013","13,394","10,878","8,883","9,382","8,161","7,477","6,827","6,062","5,151","4,026","3,322","2,470","1,931","1,573","1,244",911,629,418,298,206,185,285
面没合档 没林矫 (4311000000),"849,029","849,029","4,930","5,329","5,507","6,510","6,988","7,636","8,191","8,055","8,174","9,012","8,723","8,737","8,271","8,397","8,945","8,056","7,899","8,305","8,721","8,674","9,502","11,040","10,762","11,133","11,654","12,187","12,872","12,981","13,088","12,858","12,323","11,151","10,930","10,978","11,069","11,080","11,276","11,558","12,693","14,115","14,289","13,642","13,745","12,476","12,890","12,780","13,161","14,096","15,096","14,287","14,530","14,816","15,002","15,209","13,817","13,368","13,404","13,160","11,077","13,296","14,232","13,826","12,300","11,478","11,229","10,357","9,811","8,782","7,456","7,387","5,851","5,337","5,358","5,434","5,316","4,675","3,725","3,966","3,764","5,152","3,933","3,227","3,341","2,846","2,752","2,539","2,205","1,897","1,451","1,206",882,728,575,465,329,258,163,103,61,80,101
面没合档 没林矫 惑寸备 (4311100000),"194,558","194,558","1,079","1,182","1,220","1,458","1,536","1,741","1,861","1,860","1,914","2,104","2,053","2,006","1,879","1,923","2,054","1,851","1,812","1,951","2,094","2,088","2,261","2,495","2,355","2,369","2,445","2,349","2,507","2,517","2,482","2,380","2,378","2,109","2,093","2,078","2,290","2,215","2,310","2,415","2,653","2,995","3,095","3,078","3,024","2,749","2,844","2,915","2,940","3,172","3,519","3,368","3,443","3,528","3,439","3,645","3,396","3,285","3,302","3,246","2,772","3,278","3,458","3,452","2,990","2,796","2,791","2,643","2,385","2,260","1,960","1,917","1,487","1,353","1,358","1,440","1,377","1,194",937,"1,082",987,"1,397","1,101",859,882,784,743,685,607,502,380,324,196,214,175,124,107,77,29,37,17,25,26
面没合档 没林矫 惑寸备 扯己搁(4311131000),"2,241","2,241",2,4,4,4,3,5,12,6,3,12,3,6,6,6,7,7,4,3,2,11,14,5,7,15,10,20,19,22,18,17,23,9,11,16,12,5,13,9,16,15,17,17,18,20,11,12,10,24,19,19,29,32,32,37,38,50,48,52,45,66,67,72,65,64,68,67,58,54,56,58,41,29,41,41,39,27,38,26,24,31,37,32,29,20,26,24,34,23,11,13,9,9,7,5,5,3,1,0,1,1,3
面没合档 没林矫 惑寸备 固盔搁(4311132000),"4,882","4,882",5,8,5,7,10,10,12,18,8,18,12,10,10,12,20,16,21,27,20,24,28,37,28,31,25,30,33,30,23,35,31,26,26,27,34,24,24,25,26,42,28,25,30,45,34,41,33,34,48,55,45,65,57,85,85,86,82,97,74,135,157,158,164,123,145,128,129,144,120,115,88,86,90,88,76,66,63,78,69,93,72,72,69,63,57,56,49,54,41,28,17,20,17,17,11,4,7,0,3,0,3
面没合档 没林矫 惑寸备 啊傣搁(4311133000),"3,878","3,878",3,6,3,7,13,6,13,9,11,12,17,15,11,5,10,8,11,9,12,20,24,30,29,32,23,24,28,34,42,33,30,18,14,17,30,23,13,17,20,27,39,27,26,35,31,34,27,34,64,38,37,63,75,78,84,71,93,107,98,101,132,120,93,108,91,102,95,91,90,83,64,55,50,61,70,58,44,43,48,71,58,44,41,37,48,40,47,33,26,15,10,12,7,3,7,4,2,1,2,1,0
面没合档 没林矫 惑寸备 巢老搁(4311134000),"6,848","6,848",22,27,33,29,40,35,38,51,51,55,42,56,47,39,41,33,41,47,50,50,45,53,61,61,86,77,64,68,74,89,74,61,71,78,67,54,63,55,73,84,70,67,71,71,63,61,75,96,94,99,90,106,123,119,131,123,139,141,144,162,175,164,159,152,154,137,145,129,116,101,78,65,78,60,71,59,37,49,45,83,65,57,60,57,49,58,41,41,29,30,19,11,16,7,5,6,1,2,2,2,3
面没合档 没林矫 惑寸备 巩狼搁(4311135000),"3,869","3,869",2,6,4,8,6,3,10,10,10,15,17,21,7,13,16,20,18,21,23,28,19,37,32,31,31,27,22,28,25,22,21,24,21,18,18,15,23,21,23,23,28,24,28,35,26,32,33,46,51,51,58,52,67,64,84,62,88,90,75,83,104,111,108,88,92,84,95,78,73,81,52,55,76,76,58,55,33,51,42,92,58,48,60,56,58,56,49,33,33,24,14,13,13,8,8,8,1,4,1,2,2
面没合档 没林矫 惑寸备 吝居悼(4311152500),"6,905","6,905",32,34,34,33,31,38,33,45,40,44,37,50,49,38,63,38,58,53,61,63,75,97,87,95,105,102,128,128,132,101,105,97,101,83,64,77,80,71,78,96,81,108,91,78,64,79,80,112,112,96,117,114,118,115,121,93,102,106,109,104,120,123,125,101,111,87,98,98,83,91,75,63,57,74,73,65,45,43,64,93,59,60,51,50,41,41,36,28,18,12,9,7,9,2,6,3,0,1,1,4,2
面没合档 没林矫 惑寸备 己救悼(4311154500),"6,806","6,806",22,23,27,24,21,23,26,26,25,19,24,28,21,30,25,40,41,35,49,58,70,62,68,84,93,87,105,133,120,121,98,71,67,66,58,62,57,65,73,69,73,79,63,72,85,61,65,86,93,101,111,119,110,104,111,115,130,123,99,131,136,134,141,141,143,141,126,116,114,129,89,79,85,97,81,77,50,82,61,112,67,46,55,57,54,46,39,34,24,27,16,17,10,8,15,5,1,2,0,2,0
面没合档 没林矫 惑寸备 啪措己悼(4311162000),"8,559","8,559",28,28,27,29,56,39,36,32,38,53,62,56,60,66,61,64,52,70,75,76,78,95,113,113,94,98,108,102,78,85,73,74,65,84,82,68,75,79,77,88,95,112,95,95,97,95,108,147,144,137,151,158,157,171,159,146,143,171,137,168,177,182,160,172,171,155,156,148,116,124,111,106,89,109,113,107,79,81,95,101,79,66,71,62,47,54,50,32,17,24,20,12,13,10,6,9,3,4,0,2,3
面没合档 没林矫 惑寸备 康款悼(4311167000),"10,501","10,501",41,49,49,63,47,63,61,44,70,73,74,88,81,82,91,94,79,66,95,89,107,112,117,113,129,124,121,147,137,125,136,102,103,86,118,123,92,108,125,130,126,165,148,124,142,126,160,150,170,174,194,179,199,204,183,195,192,181,163,192,200,217,184,202,190,224,186,160,144,133,108,128,106,110,104,92,90,98,81,95,86,66,74,47,44,56,31,28,20,18,9,16,8,8,4,3,2,2,1,3,2
面没合档 没林矫 惑寸备 陛玫悼(4311168000),"30,865","30,865",146,151,197,212,208,255,292,299,295,365,382,347,344,355,367,358,342,389,438,360,423,444,417,398,433,369,399,403,385,333,361,274,298,285,332,329,331,367,395,394,517,478,511,497,491,505,548,568,640,609,575,594,583,616,545,510,478,498,416,452,466,510,407,387,394,399,353,343,301,295,210,193,226,235,221,185,159,159,153,179,160,128,112,107,97,78,66,53,40,31,20,26,25,10,12,12,3,2,1,2,2
面没合档 没林矫 惑寸备 侩淬.疙鞠.魂己悼(4311169000),"13,335","13,335",61,74,88,110,123,150,192,194,213,215,224,224,197,186,230,165,191,194,179,167,182,185,138,156,131,134,139,136,134,117,110,110,98,99,119,124,176,184,203,243,255,252,250,237,239,238,273,246,258,235,273,262,226,249,235,183,216,194,162,170,201,166,162,126,140,137,134,97,107,86,80,71,74,83,72,65,41,62,46,78,51,32,43,37,34,30,27,26,13,19,9,10,6,11,4,2,1,0,1,1,2
面没合档 没林矫 惑寸备 侩鞠1悼(4311172000),"56,002","56,002",402,426,418,569,525,659,639,624,668,694,664,645,618,661,715,607,596,639,651,664,731,793,747,737,731,752,822,731,762,729,694,720,667,709,749,762,761,784,887,"1,032",999,"1,040",974,833,951,925,919,987,"1,095","1,076","1,068","1,066",972,"1,039",918,942,901,822,698,896,894,846,714,669,641,591,510,489,379,390,289,243,231,278,225,202,155,183,155,217,185,131,131,113,114,84,79,72,71,48,29,36,27,23,17,15,3,9,4,2,3
面没合档 没林矫 惑寸备 侩鞠2悼(4311173000),"39,867","39,867",313,346,331,363,453,455,497,502,482,529,495,460,428,430,408,401,358,398,439,478,465,545,511,503,554,505,519,555,552,573,622,523,551,510,607,549,602,630,657,752,767,684,719,607,610,706,609,642,731,678,695,718,720,764,702,709,690,664,552,618,629,649,508,463,451,391,300,313,261,231,202,180,155,128,174,136,103,127,104,152,124,77,86,78,74,62,59,45,37,35,15,25,17,12,7,3,4,10,0,3,1
面没合档 没林矫 辑盔备 (4311200000),"193,031","193,031",840,920,918,"1,119","1,244","1,331","1,490","1,465","1,463","1,824","1,781","1,863","1,772","1,912","1,971","1,915","1,884","1,990","2,201","2,098","2,397","2,779","2,820","2,860","2,947","3,036","2,932","2,853","2,751","2,651","2,503","2,249","2,079","2,082","2,063","2,076","2,037","2,107","2,387","2,666","2,778","2,634","2,798","2,605","2,779","2,861","2,957","3,225","3,512","3,458","3,507","3,511","3,723","3,752","3,420","3,314","3,205","3,232","2,723","3,328","3,589","3,484","3,078","2,905","2,947","2,656","2,560","2,232","1,905","1,931","1,535","1,378","1,421","1,438","1,399","1,227",971,"1,025","1,010","1,292","1,046",831,838,699,709,650,560,504,373,313,217,175,145,123,72,73,47,24,12,18,21
面没合档 没林矫 辑盔备 巢捞搁(4311231000),"10,056","10,056",50,74,56,75,66,61,63,60,57,66,53,68,57,49,57,61,56,54,77,77,88,107,94,106,121,106,116,109,118,92,85,125,107,113,103,97,121,103,116,124,101,124,110,106,106,110,104,136,169,148,159,185,207,236,211,219,190,228,183,230,269,260,220,203,216,218,162,160,117,134,118,90,103,91,88,78,59,53,69,103,80,55,71,55,62,57,44,44,32,28,15,16,14,10,3,2,1,2,0,3,1
面没合档 没林矫 辑盔备 泅档搁(4311232000),"3,206","3,206",0,4,7,8,6,7,8,14,7,8,8,8,4,12,19,10,6,11,15,11,10,23,17,18,20,15,18,16,16,20,21,17,17,16,22,20,25,11,23,19,26,15,18,29,30,26,36,46,38,40,33,38,52,48,48,72,64,75,52,70,87,93,87,72,103,98,79,69,59,66,66,41,64,52,52,52,43,53,50,60,58,31,62,47,34,33,40,29,30,25,25,15,7,12,3,5,6,1,1,0,3
面没合档 没林矫 辑盔备 荤流1悼(4311251000),"6,254","6,254",9,22,18,20,33,18,32,22,22,43,34,36,42,34,47,37,36,34,53,56,63,77,64,77,83,79,84,74,94,71,62,60,53,56,61,46,74,53,74,69,75,68,75,64,82,97,72,92,91,104,115,110,125,143,103,132,127,138,101,126,131,139,125,122,137,122,122,118,86,101,68,58,78,59,63,76,34,65,53,60,57,44,47,27,36,38,30,23,17,9,11,9,7,4,3,5,1,3,2,1,1
面没合档 没林矫 辑盔备 荤流2悼(4311252000),"13,670","13,670",101,123,108,119,143,137,143,136,120,148,180,141,142,142,141,131,114,142,139,98,145,122,140,147,140,156,162,146,154,183,161,142,166,156,175,192,168,193,209,216,234,224,212,187,191,188,193,195,209,203,192,192,217,230,206,211,211,226,208,247,285,267,253,210,251,196,183,179,149,150,91,104,89,103,109,94,84,70,59,88,81,68,60,50,48,55,38,35,23,23,19,17,12,5,7,11,1,3,0,1,2
面没合档 没林矫 辑盔备 荤芒悼(4311253000),"14,744","14,744",41,40,36,50,55,60,81,70,63,96,63,90,81,88,76,80,94,76,122,149,196,277,332,366,414,417,427,370,374,343,304,259,189,179,194,164,154,156,181,192,198,182,186,156,160,160,153,190,210,205,212,221,242,208,180,198,210,197,171,227,265,250,179,245,215,195,211,193,183,162,138,119,143,151,126,118,85,103,89,131,93,85,74,57,52,48,47,34,18,25,15,5,11,5,3,2,2,1,0,0,1
面没合档 没林矫 辑盔备 葛面悼(4311254000),"16,387","16,387",62,64,82,71,75,77,75,92,76,101,93,99,79,108,92,110,115,109,151,164,202,243,273,255,258,309,278,275,280,257,269,208,182,194,187,185,151,179,179,187,193,199,179,189,171,215,180,227,261,263,250,270,303,271,287,306,277,305,259,287,350,377,310,336,329,292,299,236,213,184,160,148,134,148,164,136,110,117,106,129,124,80,105,63,66,63,51,46,41,37,24,15,18,10,6,8,5,1,3,2,3
面没合档 没林矫 辑盔备 魂巢悼(4311255000),"26,236","26,236",131,126,133,172,221,239,269,246,271,346,354,349,376,387,374,384,376,421,417,363,385,422,368,358,352,356,371,360,318,336,305,295,250,273,287,299,283,281,336,405,445,443,466,463,437,483,523,505,592,552,575,531,555,591,501,427,414,401,313,370,335,338,282,263,251,199,209,195,170,166,135,135,110,124,118,103,75,81,95,88,72,63,53,61,58,49,36,39,42,25,18,19,12,5,5,10,4,2,1,6,2
面没合档 没林矫 辑盔备 盒乞悼(4311256000),"30,042","30,042",131,148,172,196,220,226,283,290,269,363,335,369,354,374,446,362,380,404,439,371,446,486,456,478,437,453,385,404,396,374,322,300,286,290,310,280,288,310,378,435,459,419,472,410,459,504,543,659,670,683,641,667,679,673,589,553,486,465,397,464,481,434,385,343,307,313,283,222,208,203,139,151,169,150,151,145,117,105,117,150,119,105,100,94,88,85,76,75,43,41,19,18,21,17,12,9,5,3,0,0,1
面没合档 没林矫 辑盔备 荐邦1悼(4311257000),"13,271","13,271",31,31,25,39,56,52,68,62,66,68,86,79,70,64,93,79,87,104,113,151,130,196,188,197,211,223,213,205,197,172,159,138,147,133,108,131,115,124,132,127,146,145,166,129,163,160,186,175,216,187,245,221,212,245,236,224,252,246,220,276,302,315,249,258,229,252,266,195,200,194,170,126,159,153,159,116,98,115,106,144,103,89,85,74,77,74,65,51,32,23,11,14,12,9,10,5,4,1,1,2,3
面没合档 没林矫 辑盔备 荐邦2悼(4311258000),"15,883","15,883",77,67,61,94,71,87,102,107,93,116,111,133,117,153,139,144,135,123,150,151,167,182,182,186,199,213,187,210,203,208,211,166,179,160,158,157,177,148,165,186,195,182,160,184,201,206,219,215,247,254,273,284,311,304,333,302,309,305,290,369,375,337,312,293,320,263,267,234,196,199,165,146,128,146,138,115,105,100,110,143,116,85,68,70,87,68,49,50,41,31,25,20,16,22,4,7,6,3,3,1,1
面没合档 没林矫 辑盔备 己拳.俺脚.磷覆悼(4311259000),"43,282","43,282",207,221,220,275,298,367,366,366,419,469,464,491,450,501,487,517,485,512,525,507,565,644,706,672,712,709,691,684,601,595,604,539,503,512,458,505,481,549,594,706,706,633,754,688,779,712,748,785,809,819,812,792,820,803,726,670,665,646,529,662,709,674,676,560,589,508,479,431,324,372,285,260,244,261,231,194,161,163,156,196,143,126,113,101,101,80,84,78,54,46,35,27,15,24,16,9,12,4,1,2,3
面没合档 没林矫 蕊傣备 (4311300000),"267,343","267,343","1,716","1,806","1,890","2,200","2,367","2,466","2,657","2,546","2,670","2,799","2,742","2,689","2,628","2,570","2,775","2,442","2,468","2,616","2,654","2,654","2,927","3,468","3,398","3,547","3,855","4,180","4,619","4,690","4,835","4,741","4,446","3,988","3,897","4,013","3,891","3,839","3,880","3,961","4,297","4,780","4,639","4,397","4,377","4,039","4,166","3,937","4,192","4,474","4,737","4,468","4,515","4,795","4,811","4,734","4,247","4,091","4,230","4,065","3,429","4,015","4,264","4,081","3,606","3,338","3,181","2,888","2,748","2,423","2,024","1,995","1,628","1,434","1,441","1,442","1,363","1,214",939,"1,013",959,"1,258",930,788,844,665,660,633,572,466,364,289,236,183,132,116,76,52,51,21,19,19,23
面没合档 没林矫 蕊傣备 坷价谰(4311325000),"24,323","24,323",127,165,199,214,227,241,222,246,225,271,271,270,274,249,282,220,230,222,190,199,203,225,233,252,281,357,464,446,472,487,445,401,415,363,376,404,359,392,397,450,436,465,441,433,407,401,394,377,419,413,405,388,387,336,309,341,319,313,242,281,350,370,323,287,281,254,259,245,163,168,151,152,164,134,133,119,99,111,121,152,93,93,100,84,86,67,62,48,38,29,19,23,21,18,11,8,3,5,1,3,2
面没合档 没林矫 蕊傣备 碍郴搁(4311331000),"10,702","10,702",44,27,49,58,41,66,74,83,89,108,89,108,114,95,114,87,92,97,108,107,132,143,146,134,136,146,127,145,125,137,116,112,103,100,106,85,89,92,124,143,129,122,147,139,147,158,176,150,195,166,162,194,203,212,210,201,239,220,149,229,229,219,182,174,196,157,150,141,102,131,100,100,81,105,94,79,64,66,74,74,68,55,68,47,48,48,50,42,32,25,23,12,7,4,6,0,3,2,0,3,2
面没合档 没林矫 蕊傣备 苛魂搁(4311332000),"17,867","17,867",197,218,208,242,247,233,232,215,203,202,170,166,115,122,141,105,105,104,114,131,150,159,142,173,129,182,159,212,204,252,266,252,326,323,333,363,349,356,391,424,348,338,290,241,270,204,227,253,269,237,241,272,268,289,262,249,289,309,247,260,304,310,268,238,236,186,198,185,160,150,133,109,117,120,95,98,62,85,75,128,61,65,75,63,71,63,49,48,35,23,25,14,17,8,5,2,3,1,1,1,2
面没合档 没林矫 蕊傣备 款玫.脚豪悼(4311370000),"16,724","16,724",45,43,76,57,78,96,105,92,90,110,117,135,120,145,137,131,130,150,167,174,179,228,272,231,255,284,265,285,241,184,189,171,150,186,166,166,176,179,195,220,218,203,202,195,190,209,247,258,309,298,299,314,343,334,337,356,354,320,300,372,377,399,310,286,285,256,259,240,185,186,156,116,135,137,128,106,97,104,86,102,81,86,88,59,68,51,58,44,43,23,24,14,17,8,7,8,9,2,2,1,3
面没合档 没林矫 蕊傣备 汗措1悼(4311374100),"50,493","50,493",377,388,419,486,545,589,646,616,708,724,700,671,674,650,726,616,589,594,621,546,615,744,594,664,653,662,713,734,813,823,800,743,678,787,804,768,769,791,926,"1,069","1,055",984,"1,063","1,000",991,925,933,"1,019","1,056",946,920,925,949,861,720,640,677,599,505,573,576,546,462,431,397,356,330,295,251,229,182,176,171,135,169,155,118,109,118,132,108,94,100,67,53,72,71,40,42,35,27,18,12,12,12,6,4,1,4,1,0
面没合档 没林矫 蕊傣备 汗措2悼(4311374200),"15,895","15,895",46,41,30,59,50,61,65,70,74,92,87,91,83,84,120,88,106,113,112,149,183,261,327,359,382,363,397,366,339,309,278,236,179,186,171,173,139,177,175,168,189,164,189,189,175,197,205,229,195,234,232,272,262,275,305,295,284,286,267,312,309,310,266,287,266,256,231,208,192,202,168,137,134,153,139,106,92,124,89,108,101,68,58,63,62,35,40,34,25,30,14,12,8,11,1,5,0,2,3,0,1
面没合档 没林矫 蕊傣备 啊版悼(4311374700),"55,501","55,501",329,373,360,437,520,501,609,536,581,585,618,637,627,610,655,646,680,725,743,732,754,832,754,750,771,787,741,699,779,711,717,587,614,680,645,636,714,725,825,908,947,855,903,795,874,838,935,"1,067","1,088","1,019","1,067","1,208","1,145","1,180",982,992,945,939,795,895,974,897,787,754,688,616,562,468,391,383,307,267,245,252,267,220,141,159,157,217,155,124,134,105,96,102,82,84,60,47,39,28,20,24,12,6,14,4,4,3,4
面没合档 没林矫 蕊傣备 豪疙1悼(4311375100),"9,672","9,672",29,30,35,42,49,48,33,49,54,57,57,42,60,52,57,57,44,62,56,64,72,86,105,148,207,221,321,301,299,289,238,199,194,163,146,162,138,116,134,135,138,128,112,115,138,127,101,147,155,141,143,131,173,162,151,142,155,171,136,148,170,154,142,148,132,138,140,120,88,94,62,65,70,78,55,61,57,60,45,58,39,32,26,24,27,22,27,19,11,11,10,8,4,4,2,0,1,0,0,1,2
面没合档 没林矫 蕊傣备 豪疙2.价沥悼(4311375600),"23,961","23,961",129,128,123,151,157,152,158,181,182,193,209,204,223,232,224,205,195,247,235,219,280,296,315,328,393,444,505,517,552,525,527,440,414,404,383,357,361,321,357,380,399,408,362,344,371,352,367,425,418,365,430,440,435,437,374,370,370,363,323,414,404,372,350,313,276,262,231,196,183,166,141,128,115,127,97,122,71,71,70,96,84,61,73,57,49,60,33,26,22,19,15,22,7,9,4,7,4,1,2,0,2
面没合档 没林矫 蕊傣备 碍辑力1悼(4311376000),"28,596","28,596",181,188,157,182,197,215,204,198,213,217,212,218,213,213,216,200,230,240,250,260,277,401,428,384,501,537,691,711,699,708,602,571,517,432,409,417,433,407,400,478,431,452,414,383,400,362,442,421,463,491,474,504,501,522,475,391,475,431,380,392,460,412,421,331,339,323,305,269,249,220,185,147,174,155,155,121,114,105,97,145,107,79,96,84,69,81,77,58,41,35,29,25,17,13,15,8,10,3,2,4,5
面没合档 没林矫 蕊傣备 碍辑力2悼(4311377000),"13,609","13,609",212,205,234,272,256,264,309,260,251,240,212,147,125,118,103,87,67,62,58,73,82,93,82,124,147,197,236,274,312,316,268,276,307,389,352,308,353,405,373,405,349,278,254,205,203,164,165,128,170,158,142,147,145,126,122,114,123,114,85,139,111,92,95,89,85,84,83,56,60,66,43,37,35,46,31,27,24,19,27,46,33,31,26,12,31,32,23,23,15,12,11,7,2,5,1,2,0,0,0,2,0
面没合档 没林矫 没盔备 (4311400000),"194,097","194,097","1,295","1,421","1,479","1,733","1,841","2,098","2,183","2,184","2,127","2,285","2,147","2,179","1,992","1,992","2,145","1,848","1,735","1,748","1,772","1,834","1,917","2,298","2,189","2,357","2,407","2,622","2,814","2,921","3,020","3,086","2,996","2,805","2,861","2,805","2,825","2,950","3,049","3,075","3,356","3,674","3,777","3,533","3,546","3,083","3,101","3,067","3,072","3,225","3,328","2,993","3,065","2,982","3,029","3,078","2,754","2,678","2,667","2,617","2,153","2,675","2,921","2,809","2,626","2,439","2,310","2,170","2,118","1,867","1,567","1,544","1,201","1,172","1,138","1,114","1,177","1,040",878,846,808,"1,205",856,749,777,698,640,571,466,425,334,280,233,156,123,102,74,56,36,21,13,18,31
面没合档 没林矫 没盔备 郴荐谰(4311425000),"19,129","19,129",74,82,102,109,140,139,166,156,151,217,175,187,160,158,212,167,162,200,180,182,204,245,225,243,219,243,224,213,208,196,215,170,172,158,199,190,176,205,193,230,277,302,283,307,273,277,277,312,325,330,369,354,351,394,355,330,374,355,294,347,392,372,325,332,322,278,282,249,196,178,159,111,160,174,160,150,132,109,125,180,114,122,121,115,98,67,62,67,49,47,44,24,17,16,12,11,6,7,2,3,6
面没合档 没林矫 没盔备 坷芒谰(4311425300),"70,362","70,362",717,801,809,913,962,"1,040","1,107","1,096","1,027","1,042",955,931,885,865,866,737,642,622,608,578,575,625,575,614,736,840,"1,064","1,137","1,277","1,339","1,306","1,298","1,434","1,430","1,435","1,490","1,523","1,513","1,694","1,727","1,739","1,571","1,557","1,320","1,302","1,204","1,164","1,216","1,212","1,012",986,924,953,865,770,661,645,629,543,627,709,670,582,555,504,490,484,424,340,369,261,286,239,217,257,192,161,161,157,228,175,140,156,118,121,117,105,87,68,60,58,32,22,30,17,11,8,4,2,6,4
面没合档 没林矫 没盔备 合捞搁(4311431000),"4,510","4,510",2,6,3,10,8,12,8,5,11,13,11,16,9,13,18,17,14,19,11,24,18,39,33,32,26,43,26,30,35,37,31,27,29,27,29,23,33,27,34,32,28,39,38,32,28,37,43,50,46,52,57,65,74,78,94,85,97,89,81,98,149,133,124,129,143,107,114,105,98,91,73,68,72,74,68,70,60,63,46,88,66,56,69,47,58,59,50,31,35,35,21,12,14,7,8,6,2,0,0,2,5
面没合档 没林矫 没盔备 快鞠悼(4311451000),"12,330","12,330",36,40,37,39,47,54,61,56,53,64,67,65,57,67,71,74,83,76,82,111,132,199,186,221,252,217,220,214,221,241,195,169,172,134,115,118,125,124,158,167,145,142,143,147,133,128,152,153,171,165,207,191,191,192,193,198,219,186,189,224,235,217,244,223,197,199,193,184,173,167,130,130,133,99,148,123,107,112,117,125,111,90,107,92,78,71,43,56,39,29,22,17,9,8,2,5,1,1,0,0,4
面没合档 没林矫 没盔备 郴傣1悼(4311452000),"8,485","8,485",15,21,14,27,21,41,44,43,33,40,45,43,50,50,54,42,48,50,65,86,67,95,116,109,102,114,108,111,109,108,104,70,68,80,74,78,84,80,84,76,105,96,89,86,98,96,120,139,148,135,148,151,131,163,144,148,146,152,117,185,179,176,174,201,165,176,170,139,140,144,101,117,95,92,125,95,83,70,84,129,83,67,63,67,61,46,32,31,32,19,15,10,12,7,4,3,3,2,1,3,3
面没合档 没林矫 没盔备 郴傣2悼(4311453000),"13,404","13,404",71,59,56,86,77,110,76,82,93,96,102,116,94,108,108,112,80,113,91,131,182,217,222,252,216,198,190,193,201,180,194,160,166,156,147,157,158,146,145,183,193,176,198,178,190,183,207,179,246,227,223,220,237,235,208,243,228,228,193,207,257,256,211,210,186,196,197,148,157,139,109,119,122,126,125,119,105,88,77,124,85,73,87,68,58,63,45,35,21,17,13,11,11,7,6,3,4,1,2,0,0
面没合档 没林矫 没盔备 啦樊.荤玫悼(4311454000),"47,622","47,622",270,266,295,355,397,441,456,466,462,527,485,491,472,480,533,489,485,477,550,543,556,684,655,709,676,789,776,834,762,795,738,700,641,616,585,653,658,650,669,842,845,764,825,687,720,772,735,846,871,808,797,809,854,891,750,784,760,754,558,772,768,736,739,575,599,574,529,474,352,352,271,248,228,225,219,220,168,180,148,244,159,145,118,137,111,93,95,90,69,48,44,35,23,16,20,14,9,3,4,4,6
面没合档 没林矫 没盔备 坷辟厘悼(4311455000),"18,255","18,255",110,146,163,194,189,261,265,280,297,286,307,330,265,251,283,210,221,191,185,179,183,194,177,177,180,178,206,189,207,190,213,211,179,204,241,241,292,330,379,417,445,443,413,326,357,370,374,330,309,264,278,268,238,260,240,229,198,224,178,215,232,249,227,214,194,150,149,144,111,104,97,93,89,107,75,71,62,63,54,87,63,56,56,54,55,55,34,28,21,25,16,15,15,11,5,3,3,3,2,0,3
面没合档 面林矫 (4313000000),"209,159","209,159",902,"1,060","1,064","1,231","1,314","1,493","1,634","1,517","1,660","1,782","1,773","1,901","1,723","1,811","2,007","1,796","1,694","1,836","1,928","1,905","2,063","2,386","2,316","2,371","2,368","2,292","2,359","2,365","2,368","2,419","2,363","2,157","2,047","2,044","2,096","2,081","2,213","2,279","2,578","2,759","2,967","2,872","2,950","2,619","2,865","2,785","2,981","3,363","3,464","3,370","3,642","3,614","3,807","3,994","3,603","3,733","3,734","3,594","3,228","3,844","4,386","4,256","3,962","3,641","3,660","3,439","3,189","2,933","2,442","2,775","2,039","1,704","1,761","1,804","1,897","1,743","1,354","1,658","1,506","1,899","1,666","1,408","1,464","1,330","1,042","1,007",870,755,633,482,384,263,218,183,126,92,66,41,33,28,36
面没合档 面林矫 林傣谰(4313025000),"4,816","4,816",5,7,8,3,8,6,19,13,8,17,14,19,16,21,22,16,16,28,20,25,31,44,29,33,35,34,45,45,26,35,34,34,27,20,33,24,20,30,21,35,34,34,33,38,44,37,43,62,61,58,65,94,89,85,101,107,103,120,106,115,132,143,157,144,146,138,122,96,88,103,73,62,71,68,56,66,50,62,62,82,70,67,57,57,50,48,39,34,16,38,23,8,7,7,4,8,2,1,2,1,1
面没合档 面林矫 混固搁(4313031000),"2,016","2,016",4,1,4,0,1,2,7,4,6,7,3,5,9,8,4,2,7,5,10,6,7,8,12,8,10,13,14,11,8,14,10,7,18,8,6,6,8,12,8,10,14,19,10,8,9,11,18,14,22,30,31,18,26,40,34,38,42,57,41,63,61,67,73,62,75,54,64,47,46,62,50,38,34,30,35,36,26,28,28,30,29,22,21,30,15,17,20,10,18,9,12,8,9,1,1,0,2,2,2,3,1
面没合档 面林矫 荐救焊搁(4313032500),"2,911","2,911",2,5,4,6,3,6,3,8,12,10,13,10,7,8,13,7,10,12,14,16,9,16,26,14,20,19,22,20,17,16,14,10,12,11,10,10,14,17,14,17,16,17,21,23,21,27,25,20,25,24,35,39,56,42,46,60,70,63,79,73,101,90,85,79,97,87,76,79,64,69,60,49,58,55,46,40,35,41,44,53,54,53,33,32,26,24,30,19,16,12,11,0,7,6,6,6,5,3,1,0,0
面没合档 面林矫 措家盔搁(4313033500),"9,063","9,063",60,65,57,54,77,52,57,53,46,44,48,53,40,39,47,42,34,29,39,57,53,80,137,139,137,135,172,174,178,171,194,164,138,134,138,128,146,131,139,128,148,148,123,102,114,106,124,116,126,125,139,147,138,142,162,167,158,149,129,160,199,172,176,164,141,143,141,99,104,107,67,55,65,56,77,61,43,56,53,68,60,51,51,55,54,42,36,36,18,22,12,15,8,5,6,7,4,0,0,0,2
面没合档 面林矫 脚聪搁(4313035000),"2,901","2,901",1,5,1,1,0,1,6,7,4,4,3,8,9,6,13,10,9,11,11,7,18,18,16,18,17,14,12,10,13,15,18,12,24,9,12,14,16,12,21,16,18,13,12,18,22,15,27,23,20,23,30,39,47,50,53,49,70,57,55,74,99,99,88,75,109,97,79,74,61,77,44,51,35,41,54,41,38,46,50,63,60,52,58,44,36,30,36,25,33,20,15,5,7,9,6,2,1,1,1,0,2
面没合档 面林矫 畴篮搁(4313036000),"2,249","2,249",5,1,3,5,5,4,5,3,5,8,10,11,5,9,8,9,8,9,5,10,18,14,8,14,8,18,8,9,6,4,11,10,11,13,9,8,9,9,9,17,12,13,13,12,15,15,18,15,16,22,21,21,25,34,35,44,40,48,38,55,78,64,55,57,73,69,70,73,58,73,40,47,49,36,38,35,40,38,25,38,45,41,39,41,32,28,21,12,21,10,17,7,6,9,3,3,2,0,2,0,1
面没合档 面林矫 居己搁(4313037000),"3,958","3,958",4,2,2,4,3,5,11,9,6,10,13,8,14,14,12,10,7,10,15,13,18,30,33,22,24,19,26,19,16,23,21,20,14,23,18,16,10,20,16,20,13,21,19,18,27,25,36,44,48,51,50,65,68,77,88,81,99,69,67,91,127,120,128,139,154,112,113,104,79,82,78,62,63,61,69,79,66,55,50,71,68,52,52,45,37,49,36,33,37,29,15,16,11,12,7,3,4,1,1,0,1
面没合档 面林矫 吝居啪搁(4313038500),"13,579","13,579",171,211,196,227,189,199,215,189,217,204,185,150,138,124,126,81,64,52,67,73,63,91,98,107,102,143,149,212,237,259,263,269,296,282,304,313,306,314,297,341,340,305,286,235,216,183,167,195,169,178,163,154,161,200,156,160,147,165,133,122,179,146,148,130,125,134,107,112,84,96,77,53,59,61,71,43,33,55,42,55,47,49,44,40,31,37,31,32,23,18,14,15,6,5,8,2,3,2,2,0,1
面没合档 面林矫 陛啊搁(4313039000),"3,850","3,850",32,35,27,30,38,27,31,31,40,31,36,30,26,34,27,20,18,26,31,30,41,53,44,59,44,59,52,57,69,61,60,72,33,45,48,35,24,40,46,38,50,50,53,36,50,45,53,52,58,53,62,64,40,56,59,46,42,46,45,60,75,52,68,58,72,79,67,55,46,47,39,33,30,38,46,36,20,40,23,39,33,36,36,33,25,27,20,24,17,7,10,7,3,4,2,0,2,1,0,0,0
面没合档 面林矫 悼樊搁(4313040000),"3,601","3,601",4,9,5,8,12,12,5,13,14,9,10,20,6,17,15,17,16,20,13,28,23,24,24,31,26,25,16,34,25,16,20,16,14,12,21,11,16,18,21,17,22,22,22,28,17,19,32,39,49,45,45,62,42,76,73,74,83,87,64,79,105,114,102,105,97,98,90,89,59,92,54,43,52,62,52,55,49,45,56,70,56,53,61,47,38,46,27,35,20,22,14,12,13,8,3,4,2,4,3,1,0
面没合档 面林矫 魂么搁(4313041000),"2,257","2,257",4,1,2,3,4,5,10,7,3,5,9,8,8,8,5,8,9,6,8,9,12,7,6,12,16,14,14,16,9,13,18,16,9,10,6,13,11,16,13,11,12,15,16,22,11,17,18,23,27,20,28,34,30,39,44,42,46,34,57,58,65,68,87,55,59,59,59,65,38,50,35,35,40,39,49,37,23,40,32,39,32,40,38,33,28,37,24,27,17,11,12,3,8,9,3,3,0,0,0,0,1
面没合档 面林矫 决沥搁(4313042000),"3,082","3,082",4,6,5,2,7,9,6,9,10,11,6,6,10,10,18,12,13,15,23,11,14,15,13,11,14,16,12,19,19,17,14,8,11,12,13,14,12,23,14,16,25,10,14,24,27,17,27,37,26,33,35,30,47,48,38,54,64,64,57,75,92,95,104,77,81,116,96,93,75,89,44,37,59,43,42,47,37,55,53,65,65,44,49,54,36,29,36,31,32,20,11,12,8,7,1,5,1,2,1,4,2
面没合档 面林矫 家怕搁(4313043000),"1,943","1,943",2,8,2,7,6,5,3,6,7,9,7,7,5,8,7,7,9,11,5,6,6,13,10,11,9,4,7,5,12,7,12,10,10,14,9,8,9,19,13,14,9,11,11,12,6,13,12,15,18,24,25,18,31,40,23,29,41,40,37,53,47,54,55,63,76,60,54,55,46,48,34,29,28,28,28,35,23,27,32,44,39,37,33,31,26,22,20,18,16,7,11,4,5,5,1,2,2,0,1,0,0
面没合档 面林矫 己郴.面牢悼(4313051500),"2,643","2,643",7,5,8,5,12,13,6,9,4,14,13,18,17,12,23,11,13,17,14,22,19,26,20,24,27,28,28,30,23,27,28,22,19,12,16,18,21,24,17,31,28,28,31,17,37,40,30,37,39,40,36,49,45,47,50,38,45,46,41,54,49,67,66,64,56,42,55,55,46,49,42,37,30,39,41,28,28,47,31,31,30,35,30,22,19,27,12,24,15,11,5,4,6,8,6,1,1,1,1,1,0
面没合档 面林矫 背泅.救覆悼(4313053500),"23,281","23,281",83,102,125,134,154,173,214,187,176,222,210,226,239,234,267,238,253,254,247,278,269,295,263,296,273,258,260,219,224,235,202,167,213,217,212,206,236,231,272,343,326,342,348,304,346,320,341,392,437,396,431,435,445,506,429,406,451,387,382,455,477,461,413,406,387,360,281,306,262,275,210,159,165,198,182,175,146,179,147,189,163,137,135,137,100,79,78,71,62,37,34,23,17,9,8,7,6,3,5,2,4
面没合档 面林矫 背泅2悼(4313054000),"6,778","6,778",12,22,12,13,22,24,22,28,38,35,37,48,47,35,61,49,49,57,47,62,64,84,59,88,87,84,86,89,75,80,76,55,74,46,65,45,47,39,60,57,85,69,81,75,85,94,83,110,111,103,115,111,117,138,119,134,134,133,102,118,147,155,137,146,130,115,118,124,101,112,90,80,82,91,83,83,63,79,69,82,61,45,58,64,43,44,41,42,22,21,16,8,6,8,9,0,3,0,1,1,1
面没合档 面林矫 侩魂悼(4313055000),"15,055","15,055",68,60,78,92,84,138,126,124,159,182,192,211,162,211,205,184,191,215,211,185,204,201,207,181,190,186,167,129,160,142,128,144,119,115,132,158,142,166,188,230,235,257,274,254,265,273,267,314,313,305,312,302,287,262,284,267,253,245,171,264,277,247,233,199,178,151,168,139,114,143,115,89,87,83,103,83,65,79,76,103,82,65,72,71,46,47,36,23,28,20,18,13,7,4,4,5,4,4,0,1,2
面没合档 面林矫 瘤泅悼(4313056000),"5,156","5,156",7,10,18,19,18,23,32,34,25,41,44,48,48,30,58,45,49,58,45,60,49,58,58,59,52,59,63,38,50,44,48,37,43,40,49,33,40,32,54,51,57,55,63,51,76,75,75,91,96,78,82,103,89,99,71,106,81,92,80,97,118,110,88,98,103,89,85,76,68,80,57,63,56,57,69,59,45,62,59,57,52,50,59,49,38,22,15,15,15,13,14,9,7,8,2,3,0,0,0,0,0
面没合档 面林矫 巩拳悼(4313057100),"9,363","9,363",20,19,17,26,36,33,39,38,41,41,57,53,59,61,61,60,70,72,80,68,94,107,90,114,116,105,112,90,98,109,90,84,75,67,52,75,74,60,81,96,97,103,114,113,101,105,111,123,134,152,126,162,165,182,153,177,175,151,152,204,210,239,185,224,204,204,194,173,168,207,152,107,108,114,120,127,80,112,89,105,96,88,92,72,48,62,58,45,34,26,12,15,13,8,12,5,4,2,4,2,3
面没合档 面林矫 龋鞠.流悼(4313058000),"20,151","20,151",140,170,150,203,193,263,256,237,255,271,245,261,252,257,278,259,254,254,237,221,231,247,244,206,242,193,231,238,267,269,324,315,247,263,275,263,305,338,374,384,399,402,394,318,366,354,337,402,389,345,362,360,347,355,276,286,265,272,242,255,280,281,240,225,202,206,176,172,122,134,100,78,83,82,97,84,65,63,57,87,73,52,68,56,39,22,38,22,27,19,19,8,11,6,5,5,2,2,2,2,1
面没合档 面林矫 崔玫悼(4313060500),"3,726","3,726",3,5,6,10,9,7,13,11,11,12,12,13,14,6,12,24,20,13,20,32,32,56,67,71,59,57,69,38,43,28,24,25,27,32,25,18,19,23,31,31,23,39,26,27,42,38,46,41,64,53,62,49,52,64,63,84,76,80,81,75,108,93,100,79,94,87,88,65,59,57,43,36,42,49,47,51,46,45,45,54,49,29,42,34,31,27,22,21,22,12,10,9,4,5,1,4,1,1,0,0,1
面没合档 面林矫 豪规悼(4313061000),"9,192","9,192",24,36,35,39,45,51,61,59,70,53,57,76,61,69,78,73,67,76,73,77,99,99,111,104,107,96,124,113,102,115,92,96,74,88,84,95,97,84,103,115,139,126,120,108,122,117,128,157,161,175,193,168,167,187,167,163,176,175,155,173,183,215,170,162,167,159,164,135,115,154,108,80,104,90,104,90,59,79,73,106,67,55,57,38,32,47,34,22,16,11,9,7,7,8,1,3,1,0,0,2,3
面没合档 面林矫 磨陛.陛釜悼(4313062500),"14,399","14,399",61,71,62,78,73,91,114,98,127,135,163,171,144,167,184,180,158,148,191,160,171,232,209,182,208,184,143,175,159,170,163,128,101,141,118,121,128,131,179,165,202,181,204,202,221,197,249,282,268,308,350,290,339,322,297,278,247,260,225,270,295,271,217,225,194,184,180,142,140,131,93,84,81,94,111,99,69,96,80,86,79,53,71,59,55,55,32,38,25,22,16,8,7,6,11,3,4,2,3,0,2
面没合档 面林矫 楷荐悼(4313063000),"36,611","36,611",138,172,202,225,259,270,313,292,310,321,317,357,317,362,372,378,298,386,442,379,442,479,443,501,481,460,462,509,462,465,432,383,350,374,381,370,427,407,497,479,551,490,559,485,522,538,575,634,665,620,714,671,801,774,659,723,693,638,601,686,759,711,665,514,550,519,471,449,337,392,281,252,245,228,248,217,167,196,200,244,211,173,179,162,127,117,106,81,65,52,39,37,30,24,14,9,8,7,1,6,5
面没合档 面林矫 格青.侩藕悼(4313064000),"6,578","6,578",41,32,35,37,56,74,60,48,66,86,69,84,70,61,91,54,52,52,60,70,76,89,89,66,64,69,65,66,70,84,67,53,88,56,60,79,76,83,90,97,112,102,103,89,103,104,139,125,122,109,130,129,153,129,123,120,133,116,88,115,123,122,122,91,90,77,71,56,62,46,53,45,35,61,29,36,38,33,30,38,45,29,29,24,30,22,22,15,18,13,15,10,5,2,2,2,2,2,0,2,2
面没合档 力玫矫 (4315000000),"131,498","131,498",564,520,620,727,781,882,953,960,987,"1,041","1,111","1,091","1,023","1,120","1,186","1,071","1,109","1,144","1,265","1,285","1,423","1,619","1,525","1,475","1,507","1,380","1,354","1,270","1,354","1,297","1,139","1,099","1,093","1,099","1,119","1,168","1,207","1,262","1,384","1,605","1,638","1,657","1,670","1,510","1,605","1,597","1,750","1,959","2,095","2,097","2,256","2,287","2,414","2,570","2,312","2,372","2,410","2,254","1,976","2,480","2,927","2,856","2,685","2,620","2,679","2,420","2,274","2,121","1,794","2,164","1,406","1,324","1,284","1,310","1,358","1,186",983,"1,154","1,108","1,343","1,154",912,935,834,775,636,539,461,343,277,220,167,142,99,84,50,33,33,23,17,40
面没合档 力玫矫 豪剧谰(4315025000),"6,720","6,720",11,8,13,20,27,30,27,31,28,39,35,28,31,36,35,32,28,32,36,35,35,50,47,50,50,44,51,39,54,45,34,37,37,47,35,32,28,36,38,51,45,63,70,55,62,46,64,69,93,87,86,100,99,129,130,132,149,152,126,140,185,199,175,190,222,203,189,140,144,177,101,92,99,94,94,93,65,96,74,120,94,73,82,58,74,51,48,37,35,26,32,13,7,10,10,6,5,3,2,2,1
面没合档 力玫矫 陛己搁(4315031000),"1,903","1,903",4,3,0,1,5,8,0,7,3,7,2,9,3,8,8,11,9,11,13,8,6,11,4,8,15,9,8,16,7,13,11,8,12,10,8,8,9,8,11,12,12,11,12,16,8,13,21,7,16,10,22,21,31,38,33,38,35,33,46,57,62,51,63,63,66,54,56,53,49,63,29,30,24,26,28,19,32,22,27,34,31,36,24,24,25,22,14,20,15,11,7,7,7,1,3,2,2,1,1,1,4
面没合档 力玫矫 没浅搁(4315032000),"1,248","1,248",0,2,0,2,3,3,2,2,1,5,5,5,6,4,4,1,5,4,7,3,4,7,8,7,7,7,7,3,7,2,7,6,6,3,3,4,4,6,12,8,8,8,4,4,5,9,7,9,10,6,18,18,24,23,29,29,25,27,19,35,45,50,41,41,47,31,26,32,30,34,24,16,22,26,20,26,13,18,22,24,23,16,22,23,17,9,18,9,7,4,2,3,2,4,0,0,0,0,1,1,0
面没合档 力玫矫 荐魂搁(4315033000),"2,017","2,017",3,3,2,5,2,3,4,3,6,5,4,5,9,6,4,5,4,3,13,5,9,12,6,5,11,11,6,5,7,3,10,6,7,3,4,4,7,9,7,10,9,10,6,12,11,9,9,15,23,25,17,28,28,28,46,51,45,47,34,59,68,74,64,79,63,59,57,51,51,58,45,36,35,37,38,36,32,51,36,35,31,33,36,26,21,16,21,26,15,12,10,2,1,0,3,2,4,3,1,1,0
面没合档 力玫矫 傣魂搁(4315034000),"2,158","2,158",7,2,7,6,5,11,7,6,7,9,14,6,21,24,29,18,34,22,12,15,12,6,5,5,8,4,5,3,5,5,7,5,3,12,7,11,11,6,6,15,12,9,15,12,20,9,20,29,22,16,22,28,28,32,22,36,44,41,35,54,65,66,67,61,60,54,49,68,50,67,36,44,44,50,43,42,28,31,27,38,34,29,34,23,19,25,16,10,13,19,10,5,7,6,4,3,1,0,0,0,1
面没合档 力玫矫 茄荐搁(4315035000),697,697,2,1,1,2,2,4,2,1,3,0,6,1,2,4,3,4,5,3,6,5,2,4,2,4,5,4,3,0,3,3,0,3,3,4,1,3,4,4,3,6,10,6,6,10,9,8,1,7,6,7,10,8,20,13,12,12,14,20,12,13,16,20,21,23,16,26,26,14,14,17,15,11,13,6,11,11,9,8,9,8,9,9,8,2,14,7,11,3,4,3,1,2,2,1,3,0,0,1,0,0,1
面没合档 力玫矫 归款搁(4315036000),"3,317","3,317",2,3,8,4,5,7,5,11,10,21,16,19,12,18,19,12,12,7,18,9,11,21,17,16,14,15,18,8,17,15,15,9,18,17,11,10,17,11,14,14,15,20,20,10,21,30,17,24,28,31,40,38,34,60,65,50,73,65,68,96,105,115,98,109,105,124,105,105,84,102,57,56,48,54,57,45,54,41,53,62,66,59,37,48,45,44,16,28,21,14,10,7,12,7,5,2,4,1,1,0,0
面没合档 力玫矫 价切搁(4315038000),"4,630","4,630",9,8,7,6,10,12,5,13,15,13,19,13,6,15,17,19,23,27,28,33,30,41,38,39,36,31,30,33,34,27,19,16,20,22,21,22,26,23,32,25,27,30,31,27,31,30,29,45,47,62,68,56,62,93,78,91,92,100,88,135,137,157,135,138,146,123,131,124,98,119,89,81,66,64,76,88,56,70,62,67,64,59,72,59,53,37,39,27,22,15,23,10,12,7,7,4,3,2,2,0,1
面没合档 力玫矫 背悼(4315051000),"18,536","18,536",89,94,107,132,130,175,173,183,202,189,207,190,196,214,253,229,236,239,255,233,266,292,227,220,255,189,209,160,190,181,168,152,170,167,177,188,181,178,230,247,270,291,292,238,272,283,357,349,378,356,436,401,396,398,331,318,342,298,272,304,331,308,284,274,279,226,247,183,171,190,114,137,115,127,114,99,80,87,108,117,94,77,71,60,62,54,41,40,16,15,19,16,9,3,2,1,1,1,3,1,4
面没合档 力玫矫 狼覆瘤悼(4315051800),"9,944","9,944",41,39,65,69,69,80,96,83,90,105,105,96,103,102,115,103,109,109,116,136,155,172,155,164,136,123,105,103,78,114,75,87,81,83,74,100,81,125,92,125,143,154,141,134,143,138,151,179,206,200,175,196,218,196,170,180,190,155,149,155,209,152,168,146,149,164,133,131,104,106,76,84,62,64,60,56,45,65,58,68,62,49,45,44,29,26,37,26,18,16,9,15,13,9,6,3,0,3,0,1,1
面没合档 力玫矫 吝居悼(4315052800),"5,749","5,749",15,11,18,27,21,27,25,32,31,34,29,37,34,39,34,41,31,34,47,43,63,56,60,70,63,59,68,58,79,63,50,35,52,45,40,36,38,51,54,57,59,67,60,58,54,62,53,91,93,100,81,105,99,100,98,94,101,96,92,96,122,132,138,124,127,127,115,122,100,131,86,87,79,86,76,62,57,66,63,80,72,41,57,50,38,31,18,21,18,16,7,5,8,4,3,5,1,4,2,1,1
面没合档 力玫矫 巢泅悼(4315053700),"4,915","4,915",10,10,11,15,21,17,24,23,26,19,28,23,29,28,30,27,27,25,38,40,42,62,51,64,56,60,56,66,61,52,48,38,30,35,39,32,36,35,40,61,39,53,52,43,41,55,62,59,69,62,80,70,76,91,86,86,103,86,80,101,119,118,126,121,112,128,100,124,96,104,62,69,70,62,74,60,65,60,54,72,43,37,38,39,35,22,19,17,10,3,6,6,2,2,4,2,1,2,0,1,1
面没合档 力玫矫 康辑悼(4315054700),"10,145","10,145",56,54,57,76,72,86,88,97,89,89,99,104,89,96,90,84,79,86,85,77,88,115,88,85,120,99,107,98,111,97,88,81,81,86,102,112,111,109,141,140,166,147,141,117,150,145,141,152,144,133,184,192,199,200,154,191,155,168,132,167,219,206,181,177,207,163,136,144,122,158,115,85,105,98,105,81,87,94,80,108,105,74,66,61,53,45,35,30,25,22,19,11,7,9,5,7,1,2,0,1,6
面没合档 力玫矫 侩滴悼(4315056000),"17,856","17,856",119,94,98,118,122,122,139,133,142,170,158,153,162,180,181,140,180,165,234,259,275,304,293,250,256,252,225,227,232,230,220,227,203,212,196,218,191,187,205,255,254,236,250,235,233,225,250,315,277,322,327,309,344,358,286,293,331,288,237,316,373,360,312,275,283,253,214,213,147,179,124,112,128,111,141,99,87,108,87,109,106,61,88,82,80,69,56,47,34,31,12,23,13,9,6,2,3,1,2,1,2
面没合档 力玫矫 脚归悼(4315057700),"11,064","11,064",43,41,48,47,57,63,71,78,88,96,117,119,101,105,115,118,96,121,130,126,139,128,155,160,137,147,120,110,120,116,108,89,81,94,83,81,97,95,109,128,146,154,147,137,163,142,164,187,185,226,206,220,243,239,238,227,199,212,165,201,231,212,195,184,169,164,165,133,131,158,103,98,92,87,98,77,60,92,89,112,80,72,63,51,47,49,43,29,18,23,15,7,11,4,7,3,1,3,2,1,7
面没合档 力玫矫 没傈悼(4315059000),"15,429","15,429",41,39,39,46,65,71,79,75,81,87,82,101,81,111,102,98,121,108,104,145,165,185,196,193,189,197,193,169,196,159,144,136,143,117,124,125,149,135,125,167,167,153,186,166,155,187,184,215,214,209,260,232,284,300,280,272,281,263,271,321,365,376,387,364,386,323,315,305,243,311,206,183,171,188,198,169,130,146,142,152,133,104,108,92,81,72,67,59,40,27,19,14,18,14,12,5,3,5,3,4,6
面没合档 力玫矫 拳魂悼(4315060500),"15,170","15,170",112,108,139,151,165,163,206,182,165,153,185,182,138,130,147,129,110,148,123,113,121,153,173,135,149,129,143,172,153,172,135,164,146,142,194,182,217,244,265,284,256,245,237,236,227,206,220,207,284,245,224,265,229,272,254,272,231,203,150,230,275,260,230,251,242,198,210,179,160,190,124,103,111,130,125,123,83,99,117,137,107,83,84,92,82,57,40,32,32,20,19,21,11,9,4,3,3,1,3,1,4
面没合档 焊篮焙 (4372000000),"31,812","31,812",74,101,89,142,121,147,147,143,156,189,183,207,192,181,193,181,193,211,221,231,257,267,245,250,215,194,191,174,212,179,184,160,178,167,188,213,201,211,216,287,291,274,285,280,255,283,288,357,414,403,439,453,483,529,539,594,621,605,554,743,869,842,770,788,768,771,726,712,594,571,462,465,489,474,496,442,307,364,414,527,485,373,435,369,327,325,307,242,203,178,123,108,88,65,57,33,18,17,11,4,12
面没合档 焊篮焙 焊篮谰(4372025000),"14,726","14,726",52,77,66,95,85,110,99,105,105,127,121,129,134,118,125,108,119,142,147,149,152,165,150,156,117,123,105,97,122,111,115,92,109,98,119,127,127,127,131,172,167,171,170,168,161,163,155,224,239,245,231,238,255,277,254,269,294,262,232,310,363,320,288,291,288,272,272,275,204,226,149,169,168,158,183,160,105,123,146,168,136,120,139,109,119,103,99,77,59,63,36,35,35,13,14,9,2,7,2,2,6
面没合档 焊篮焙 加府魂搁(4372031500),"1,851","1,851",2,1,3,6,2,5,0,2,4,3,4,6,6,6,3,8,10,11,9,9,20,21,12,15,15,7,10,7,7,7,8,6,5,8,5,10,6,4,11,9,9,8,8,17,7,14,13,10,22,27,26,39,30,42,29,44,45,41,36,40,68,53,61,63,49,50,50,43,42,42,31,36,38,28,35,35,23,21,39,35,41,25,22,19,21,16,3,10,6,13,3,5,7,7,2,4,2,1,1,1,0
面没合档 焊篮焙 厘救搁(4372032500),"1,447","1,447",6,8,3,10,8,6,19,7,6,11,8,8,5,9,4,4,7,2,11,9,10,6,9,9,14,7,13,5,12,10,13,9,8,7,10,16,20,14,17,20,19,13,20,20,8,11,13,14,22,15,21,26,19,22,18,33,21,24,21,23,45,34,24,31,32,28,39,29,27,16,23,16,20,17,28,17,15,20,21,21,25,21,33,16,11,13,12,8,9,9,4,1,6,3,1,3,2,0,3,0,1
面没合档 焊篮焙 付肺搁(4372033000),"2,158","2,158",2,1,0,11,3,5,4,2,12,4,10,8,8,9,9,9,9,7,9,12,8,8,8,9,5,8,7,8,5,8,4,7,9,11,5,8,8,4,11,9,13,12,17,11,14,14,16,9,21,18,29,19,24,29,38,40,38,38,42,60,71,56,67,67,65,64,63,55,59,44,34,47,39,40,49,36,28,34,45,55,46,37,32,38,42,30,34,17,23,13,6,9,8,5,5,3,0,2,2,0,2
面没合档 焊篮焙 藕何搁(4372034000),"1,626","1,626",0,2,1,2,2,2,2,3,2,3,7,4,3,4,5,5,4,5,7,8,9,6,9,7,7,3,6,4,10,5,5,4,6,8,9,4,5,9,7,7,10,5,9,5,10,7,12,17,15,12,19,15,21,21,24,29,22,25,33,41,33,53,47,43,51,40,51,42,42,33,34,27,35,40,40,30,23,26,36,41,39,28,31,39,29,21,27,19,20,15,14,8,5,5,2,2,2,0,0,0,0
面没合档 焊篮焙 伙铰搁(4372035000),"2,299","2,299",4,6,2,8,3,4,4,7,8,9,8,10,4,10,16,16,9,14,13,15,14,17,12,16,16,17,11,19,20,14,17,17,13,16,12,18,7,26,13,22,27,20,10,17,17,19,22,22,20,20,30,27,27,37,33,42,37,44,33,58,57,75,57,61,64,71,40,41,41,45,43,38,43,50,35,29,16,35,24,59,50,33,36,33,22,40,26,27,14,13,11,11,3,1,5,0,0,0,0,0,1
面没合档 焊篮焙 荐茄搁(4372036000),"1,871","1,871",3,3,4,3,5,4,4,4,3,9,7,14,9,7,8,10,9,10,5,5,14,9,16,8,13,6,8,11,10,3,4,5,8,5,8,7,3,5,10,16,15,8,13,12,13,21,11,23,18,16,18,24,20,17,32,32,34,36,39,42,52,75,61,63,40,65,55,53,45,40,32,38,38,40,23,34,18,20,29,30,30,29,35,33,15,19,23,15,21,9,16,8,2,9,8,4,3,1,0,0,1
面没合档 焊篮焙 雀巢搁(4372037000),728,728,1,0,0,1,2,2,3,1,2,4,4,2,3,1,1,5,2,2,2,2,3,1,0,2,3,7,1,0,2,3,2,2,0,1,3,2,2,3,1,1,5,3,4,3,1,5,6,6,10,8,5,6,12,11,13,9,6,19,14,20,27,14,25,23,28,30,25,27,30,15,18,18,20,8,9,12,9,10,10,16,20,8,10,5,10,14,10,6,5,6,2,5,3,2,3,0,0,0,0,0,0
面没合档 焊篮焙 雀牢搁(4372038500),"1,726","1,726",1,1,1,3,0,4,5,6,10,11,6,13,9,8,9,4,5,3,3,4,7,9,3,9,8,7,14,9,7,4,8,4,7,4,5,7,9,5,3,7,9,12,13,10,5,6,15,11,14,12,16,21,18,22,32,33,41,46,33,48,50,52,53,48,42,47,48,53,35,38,39,32,33,32,41,28,26,22,21,38,36,12,36,25,17,24,24,31,25,14,10,10,4,8,4,2,4,1,1,0,1
面没合档 焊篮焙 郴合搁(4372039000),"1,643","1,643",0,0,6,1,3,4,5,5,3,5,3,6,5,3,5,5,9,12,8,8,10,11,17,12,5,6,7,4,7,8,2,7,6,6,7,6,3,6,9,16,10,8,9,6,9,13,8,6,13,16,17,24,28,32,34,34,34,31,28,46,51,49,38,50,51,49,41,40,38,32,32,21,26,29,34,26,23,31,25,30,31,29,32,24,22,21,20,15,14,13,12,10,7,7,7,3,0,1,2,0,0
面没合档 焊篮焙 魂寇搁(4372040000),"1,737","1,737",3,2,3,2,8,1,2,1,1,3,5,7,6,6,8,7,10,3,7,10,10,14,9,7,12,3,9,10,10,6,6,7,7,3,5,8,11,8,3,8,7,14,12,11,10,10,17,15,20,14,27,14,29,19,32,29,49,39,43,55,52,61,49,48,58,55,42,54,31,40,27,23,29,32,19,35,21,22,18,34,31,31,29,28,19,24,29,17,7,10,9,6,8,5,6,3,3,4,0,1,0
面没合档 苛玫焙 (4373000000),"49,959","49,959",132,153,188,167,228,246,281,305,294,339,385,385,369,348,414,356,352,368,395,368,451,484,455,394,423,448,387,345,332,318,312,311,295,305,347,312,376,371,450,524,536,545,557,534,549,538,618,658,798,696,813,794,830,929,825,888,906,885,811,"1,060","1,166","1,261","1,130","1,061","1,137","1,054","1,003","1,006",788,923,782,714,731,645,638,627,440,503,515,775,611,445,496,434,382,392,382,323,259,224,152,118,104,71,61,39,24,16,16,12,16
面没合档 苛玫焙 苛玫谰(4373025000),"28,969","28,969",101,120,162,132,185,206,237,248,253,284,313,310,302,286,332,284,265,291,300,299,340,369,352,293,313,331,281,245,239,238,225,223,207,223,250,214,272,283,328,404,404,412,421,403,407,394,467,470,564,471,566,528,509,603,460,490,472,437,421,549,555,598,500,467,519,432,445,429,341,395,330,314,339,283,253,280,178,210,224,331,210,171,165,145,157,130,122,101,72,80,48,38,36,23,22,11,7,5,6,6,3
面没合档 苛玫焙 悼捞搁(4373031000),"3,205","3,205",6,4,3,6,7,10,6,17,8,12,14,11,14,9,11,7,11,13,18,12,17,16,21,21,16,18,21,18,24,20,21,19,13,10,16,15,13,20,14,19,24,24,23,20,25,24,26,31,39,43,45,54,51,59,61,53,67,65,63,86,95,105,96,90,97,106,76,84,65,67,62,45,43,36,46,56,43,42,39,75,41,49,38,35,35,34,34,23,29,20,15,9,12,7,8,3,3,2,3,2,1
面没合档 苛玫焙 救巢搁(4373032000),"1,382","1,382",3,1,2,2,7,4,6,8,1,3,4,6,6,4,8,8,5,8,5,4,9,5,5,7,4,5,4,6,0,2,5,8,7,6,6,8,7,3,7,7,5,10,7,5,7,5,8,14,15,11,13,12,20,23,25,24,31,31,26,38,40,48,36,45,37,37,42,35,28,32,27,32,30,29,24,24,12,21,19,30,27,16,23,19,16,23,17,14,13,9,14,8,8,4,2,2,2,1,0,0,0
面没合档 苛玫焙 救郴搁(4373033000),"1,905","1,905",7,3,3,2,2,3,3,2,5,6,3,6,3,5,8,10,9,6,7,6,14,6,5,9,11,12,9,6,7,1,3,7,5,4,8,5,9,8,10,12,10,5,15,11,13,18,16,19,24,17,24,25,29,33,23,38,38,31,28,39,43,55,56,57,53,60,63,65,45,45,48,44,42,39,36,18,28,25,22,40,38,29,39,34,30,27,22,23,25,11,6,8,5,7,2,4,2,0,1,0,2
面没合档 苛玫焙 没己搁(4373034000),"2,351","2,351",6,0,3,4,3,4,3,5,6,5,6,7,4,5,7,5,5,3,7,7,8,4,4,6,10,10,8,8,7,8,7,5,10,7,3,5,9,9,12,12,9,13,15,12,12,14,15,10,14,14,16,24,34,24,39,47,50,58,49,68,75,72,62,79,75,79,81,70,41,61,63,37,51,34,37,46,32,40,44,47,55,38,57,38,34,34,42,28,27,25,11,15,8,9,6,5,2,3,0,0,4
面没合档 苛玫焙 没魂搁(4373035000),"2,968","2,968",3,3,5,3,3,3,6,6,4,4,12,8,11,11,13,16,20,13,14,13,13,9,13,10,14,17,9,16,12,7,9,6,7,13,12,10,14,9,12,13,16,15,18,17,18,22,20,22,36,28,25,36,46,39,48,54,48,48,43,64,92,92,90,84,94,82,82,80,70,90,70,64,49,68,58,64,38,50,47,70,69,48,51,51,31,50,47,32,26,16,15,10,9,2,6,6,0,1,2,1,2
面没合档 苛玫焙 捞盔搁(4373036000),"4,041","4,041",4,10,6,10,6,12,9,5,10,9,14,17,14,13,19,17,16,15,23,12,21,41,23,17,27,19,25,12,18,23,19,20,19,12,22,30,27,16,30,20,34,26,24,39,31,25,30,43,52,50,47,47,59,59,72,67,94,100,81,89,111,127,109,96,113,111,93,105,87,99,76,78,87,69,82,68,56,49,57,81,80,45,48,64,34,36,45,49,30,25,20,14,13,8,9,5,5,2,2,2,0
面没合档 苛玫焙 焙辑搁(4373037000),"2,161","2,161",0,5,1,3,6,1,4,6,2,6,8,6,7,6,10,3,8,8,11,7,10,12,12,15,12,15,10,14,9,9,10,9,11,11,7,12,8,9,19,14,15,18,14,6,12,13,16,16,22,24,24,28,27,33,44,39,44,52,41,51,61,67,80,60,55,61,54,51,48,58,54,40,42,39,52,30,24,29,29,45,48,22,35,30,22,23,24,28,15,21,12,9,7,2,2,1,1,1,2,0,2
面没合档 苛玫焙 焙合搁(4373038000),"2,977","2,977",2,7,3,5,9,3,7,8,5,10,11,14,8,9,6,6,13,11,10,8,19,22,20,16,16,21,20,20,16,10,13,14,16,19,23,13,17,14,18,23,19,22,20,21,24,23,20,33,32,38,53,40,55,56,53,76,62,63,59,76,94,97,101,83,94,86,67,87,63,76,52,60,48,48,50,41,29,37,34,56,43,27,40,18,23,35,29,25,22,17,11,7,6,9,4,2,2,1,0,1,2
面没合档 康悼焙 (4374000000),"45,548","45,548",141,159,152,190,180,194,234,228,247,273,295,305,294,299,326,298,312,332,347,366,404,503,462,391,389,369,315,296,325,272,274,247,263,276,230,284,295,305,335,395,391,404,478,408,436,409,505,595,684,612,700,693,773,813,744,844,855,874,717,"1,012","1,120","1,145","1,074",984,"1,042",981,"1,022",906,767,797,669,657,695,713,597,596,488,549,530,848,628,457,582,483,453,403,348,310,202,195,148,83,80,70,62,41,25,14,10,9,16
面没合档 康悼焙 康悼谰(4374025000),"20,030","20,030",99,108,101,117,126,133,175,151,182,186,182,201,186,185,197,179,193,195,206,225,248,332,276,227,232,219,167,174,199,156,169,156,170,158,132,181,185,182,211,251,240,263,302,249,274,230,282,331,380,323,380,337,351,392,304,360,313,358,268,387,424,366,361,333,338,306,313,306,225,264,191,214,211,222,180,188,173,170,148,246,162,141,143,125,115,115,92,76,41,43,34,21,15,20,12,7,3,4,3,0,3
面没合档 康悼焙 侩魂搁(4374031000),"3,251","3,251",4,5,8,9,10,5,6,10,6,5,25,7,16,12,14,15,14,11,22,15,20,24,29,24,24,20,31,23,22,22,18,12,17,17,13,12,13,12,17,18,22,20,18,22,25,26,20,41,36,48,50,44,59,65,54,71,81,57,51,82,92,110,90,89,90,77,77,81,70,79,66,39,57,49,49,42,43,48,37,68,47,34,60,45,39,34,32,35,13,12,13,2,6,6,6,7,2,1,0,2,3
面没合档 康悼焙 炔埃搁(4374032000),"4,184","4,184",11,12,10,15,9,12,16,22,12,19,30,28,27,26,28,24,32,37,44,29,28,29,40,21,26,24,25,19,24,14,22,18,22,20,15,25,26,20,29,33,26,32,35,36,26,36,43,49,48,47,63,62,86,66,68,74,70,96,76,91,112,114,111,90,121,101,109,97,85,84,68,66,78,69,60,70,48,53,57,88,70,51,52,46,45,39,39,27,22,14,13,8,7,5,2,4,1,1,1,2,1
面没合档 康悼焙 眠浅飞搁(4374033500),"2,220","2,220",3,1,3,5,3,2,3,7,3,10,3,6,10,16,11,11,11,7,12,8,19,12,13,17,14,12,6,11,10,12,11,6,8,9,11,9,6,10,10,9,13,16,15,12,21,16,23,19,34,24,26,32,38,43,41,43,48,42,50,60,63,66,42,64,61,77,63,56,45,38,33,37,50,59,43,45,18,31,24,47,36,16,47,25,35,25,19,24,13,15,12,6,6,4,4,0,1,1,0,0,3
面没合档 康悼焙 概邦搁(4374034000),"1,878","1,878",5,5,3,6,3,2,2,8,5,6,3,7,4,6,8,16,9,15,8,10,10,12,6,18,9,10,13,8,5,5,10,4,5,7,11,5,8,12,6,5,9,14,11,13,9,18,15,21,17,19,16,20,28,31,41,35,42,33,38,42,55,49,60,54,49,51,45,49,39,37,37,33,30,33,37,23,27,24,27,43,38,26,30,34,27,32,29,15,23,15,10,3,7,2,5,3,1,1,1,1,1
面没合档 康悼焙 惑锰搁(4374035000),"2,264","2,264",0,5,3,4,4,8,3,7,6,13,7,7,6,11,12,9,7,12,5,15,8,9,16,7,5,10,12,9,7,8,8,9,5,15,6,4,10,11,7,10,9,10,6,8,9,13,17,22,31,30,31,32,31,33,30,35,53,40,32,40,84,70,64,58,68,55,79,56,41,60,40,62,46,52,36,43,37,27,41,63,50,35,42,29,22,28,28,23,14,18,13,11,8,4,9,8,4,0,0,2,2
面没合档 康悼焙 剧碍搁(4374036000),"3,108","3,108",7,5,6,11,7,11,12,6,9,10,9,14,10,18,18,19,11,15,21,20,28,30,28,34,34,26,30,22,26,13,17,6,10,20,14,18,11,14,12,22,21,10,32,18,17,17,33,28,40,28,42,44,54,56,57,60,74,66,57,91,77,96,82,78,72,75,67,67,68,65,48,51,46,54,46,49,33,41,44,76,52,28,52,46,37,29,23,31,24,17,8,7,6,4,5,0,1,2,1,0,1
面没合档 康悼焙 侩拳搁(4374037000),965,965,3,1,0,2,1,5,1,6,3,3,6,7,4,5,3,6,4,3,3,6,6,6,4,6,3,4,5,2,1,2,2,2,1,5,1,2,3,5,3,6,5,2,7,3,7,4,13,5,6,9,16,11,13,18,25,22,22,19,22,20,21,31,33,27,30,25,36,16,19,12,15,12,12,19,15,16,12,20,19,25,24,21,27,20,10,11,9,6,5,8,3,5,1,0,2,3,2,0,1,1,1
面没合档 康悼焙 切魂搁(4374038000),"2,730","2,730",2,5,5,8,11,6,9,4,5,7,9,10,11,5,13,3,9,15,6,13,12,15,16,12,14,15,11,12,16,17,9,17,7,11,7,9,5,12,12,19,12,19,13,14,17,17,16,26,34,22,17,35,34,46,43,58,63,48,45,59,73,105,95,68,88,72,76,70,64,51,60,53,51,57,52,39,36,45,53,60,60,34,50,45,42,30,33,30,21,19,12,9,10,11,6,3,2,1,1,0,1
面没合档 康悼焙 剧魂搁(4374039000),"1,796","1,796",0,1,4,2,1,2,2,2,6,5,8,7,7,5,8,7,10,9,8,7,11,14,14,8,10,8,8,5,4,10,3,3,5,4,5,2,8,10,8,5,11,8,14,13,9,13,17,21,26,20,26,31,30,21,29,31,33,47,28,61,36,46,44,43,38,56,56,39,25,40,41,29,42,39,28,27,27,35,29,58,33,26,30,26,29,31,20,15,11,15,11,6,7,9,3,3,4,3,0,1,0
面没合档 康悼焙 缴玫搁(4374040000),"3,122","3,122",7,11,9,11,5,8,5,5,10,9,13,11,13,10,14,9,12,13,12,18,14,20,20,17,18,21,7,11,11,13,5,14,13,10,15,17,20,17,20,17,23,10,25,20,22,19,26,32,32,42,33,45,49,42,52,55,56,68,50,79,83,92,92,80,87,86,101,69,86,67,70,61,72,60,51,54,34,55,51,74,56,45,49,42,52,29,24,28,15,19,19,5,7,5,8,3,4,0,2,0,0
面没合档 刘乞焙 (4374500000),"36,729","36,729",181,195,238,275,299,335,315,349,359,381,351,397,344,348,389,284,313,322,311,320,324,412,405,422,460,425,487,503,519,460,425,402,397,389,387,445,429,450,521,542,556,544,579,496,536,530,520,594,615,560,622,627,617,678,642,606,596,562,514,626,679,686,603,523,609,555,517,481,385,447,311,289,276,285,312,256,233,239,223,315,232,194,210,172,190,150,147,119,97,64,54,46,32,15,18,8,8,6,6,4,3
面没合档 刘乞焙 刘乞谰(4374525000),"34,911","34,911",178,188,235,271,296,331,314,348,348,377,343,395,338,340,379,281,306,318,304,312,312,403,388,413,443,417,470,490,511,446,417,394,379,380,383,435,427,442,514,533,544,535,564,478,521,514,503,569,586,541,588,599,594,641,610,570,566,532,480,589,634,637,554,479,560,492,473,432,345,403,270,263,252,254,283,223,210,221,191,286,204,162,186,149,162,124,125,103,88,53,49,37,25,14,15,7,7,5,6,3,2
面没合档 刘乞焙 档救搁(4374531000),"1,818","1,818",3,7,3,4,3,4,1,1,11,4,8,2,6,8,10,3,7,4,7,8,12,9,17,9,17,8,17,13,8,14,8,8,18,9,4,10,2,8,7,9,12,9,15,18,15,16,17,25,29,19,34,28,23,37,32,36,30,30,34,37,45,49,49,44,49,63,44,49,40,44,41,26,24,31,29,33,23,18,32,29,28,32,24,23,28,26,22,16,9,11,5,9,7,1,3,1,1,1,0,1,1
面没合档 柳玫焙 (4375000000),"85,557","85,557",482,580,651,637,719,812,877,862,812,947,894,901,833,833,927,776,778,830,775,766,792,892,803,823,874,911,967,"1,021","1,034","1,155","1,051","1,037",997,"1,034","1,017","1,026","1,198","1,156","1,308","1,529","1,493","1,472","1,420","1,333","1,399","1,307","1,356","1,416","1,437","1,324","1,417","1,451","1,399","1,585","1,363","1,395","1,392","1,391","1,142","1,388","1,542","1,489","1,306","1,156","1,224","1,128","1,064",968,891,778,656,602,619,616,616,524,449,455,447,601,526,429,481,467,422,384,338,266,218,186,120,103,68,70,51,28,22,16,13,6,15
面没合档 柳玫焙 柳玫谰(4375025000),"30,155","30,155",111,133,157,163,184,230,257,251,223,281,311,310,284,293,338,289,331,374,344,356,371,414,398,412,389,386,401,383,391,419,330,298,256,261,235,262,298,274,378,435,445,480,441,463,483,468,503,549,537,523,555,578,598,621,559,534,519,485,393,539,576,536,466,374,417,411,376,329,355,305,237,248,221,233,232,217,177,161,149,226,193,140,155,171,136,145,123,92,54,55,45,31,22,24,12,8,5,5,3,2,4
面没合档 柳玫焙 傣魂谰(4375025300),"29,839","29,839",318,369,408,398,445,464,503,476,445,495,401,424,371,366,380,315,286,241,234,217,220,217,232,197,223,286,356,391,408,495,503,534,528,577,559,551,698,657,677,784,763,732,678,570,612,507,497,527,484,423,427,440,356,445,313,352,342,336,280,311,308,325,277,253,245,190,208,175,159,145,97,95,112,107,85,81,65,75,70,82,71,71,72,72,73,51,42,44,36,36,14,14,10,9,6,5,7,3,2,1,2
面没合档 柳玫焙 傣魂谰酋脚档矫免厘家(4375025400),0,0,0,0,0,0,0,0,0,0,0,0,0,0,0,0,0,0,0,0,0,0,0,0,0,0,0,0,0,0,0,0,0,0,0,0,0,0,0,0,0,0,0,0,0,0,0,0,0,0,0,0,0,0,0,0,0,0,0,0,0,0,0,0,0,0,0,0,0,0,0,0,0,0,0,0,0,0,0,0,0,0,0,0,0,0,0,0,0,0,0,0,0,0,0,0,0,0,0,0,0,0,0
面没合档 柳玫焙 檬乞搁(4375032000),"3,102","3,102",5,4,6,6,6,10,5,9,10,11,10,9,17,13,15,14,17,26,18,21,17,22,20,19,30,20,14,18,13,14,10,15,12,18,19,15,15,18,19,26,18,19,28,25,27,32,24,29,37,37,43,43,50,64,45,67,44,71,58,82,103,85,76,75,79,84,77,85,55,64,58,39,38,56,45,33,40,40,43,61,47,46,40,46,45,36,33,31,30,21,24,5,9,7,5,6,2,0,0,1,3
面没合档 柳玫焙 巩归搁(4375033000),"3,476","3,476",8,5,13,12,5,16,13,11,10,20,11,16,15,13,15,15,8,23,7,17,18,22,16,25,28,35,14,23,21,21,21,23,22,20,29,24,28,27,28,29,23,29,29,38,24,27,38,38,42,42,56,54,62,77,75,73,72,83,77,82,104,101,81,101,106,83,64,77,69,51,66,50,48,55,57,42,33,42,27,54,46,41,58,43,37,36,29,27,17,17,7,12,6,10,4,2,1,1,2,0,1
面没合档 柳玫焙 归邦搁(4375034000),"2,086","2,086",0,2,2,5,7,3,5,6,7,3,7,9,8,8,9,3,11,6,6,6,7,12,2,13,8,10,13,10,12,7,6,7,11,9,7,16,10,12,14,16,15,10,15,16,14,15,20,26,10,21,27,25,24,30,44,36,43,54,42,41,51,68,69,58,63,54,71,53,55,51,44,31,41,37,42,37,27,22,20,39,37,26,42,28,40,25,27,19,17,9,6,13,2,4,3,3,1,0,3,1,4
面没合档 柳玫焙 捞岿搁(4375035000),"6,263","6,263",12,16,12,11,15,16,15,24,31,32,29,38,36,35,40,26,34,31,48,51,51,65,45,57,56,53,58,59,40,69,65,54,55,42,48,48,47,48,41,60,64,63,55,66,68,68,85,69,89,88,90,92,91,127,102,133,129,138,126,145,171,181,172,151,156,152,148,138,103,79,77,71,94,76,84,53,66,58,63,73,73,56,65,66,50,51,52,34,42,32,14,18,11,8,9,1,4,6,2,1,1
面没合档 柳玫焙 堡驱盔搁(4375037000),"10,636","10,636",28,51,53,42,57,73,79,85,86,105,125,95,102,105,130,114,91,129,118,98,108,140,90,100,140,121,111,137,149,130,116,106,113,107,120,110,102,120,151,179,165,139,174,155,171,190,189,178,238,190,219,219,218,221,225,200,243,224,166,188,229,193,165,144,158,154,120,111,95,83,77,68,65,52,71,61,41,57,75,66,59,49,49,41,41,40,32,19,22,16,10,10,8,8,12,3,2,1,1,0,0
面没合档 鲍魂焙 (4376000000),"37,405","37,405",72,78,86,104,119,126,125,170,168,170,182,171,183,189,188,169,169,182,214,227,263,307,286,265,249,227,257,260,224,252,195,209,193,210,199,211,210,234,244,288,304,330,351,292,305,331,372,426,457,491,519,563,610,662,717,725,800,841,723,894,"1,055","1,083","1,033","1,046","1,013",932,889,934,685,777,589,574,573,550,618,460,461,454,452,631,497,486,451,410,410,307,300,240,215,173,147,96,84,67,39,18,18,15,9,14,12
面没合档 鲍魂焙 鲍魂谰(4376025000),"9,543","9,543",38,43,45,42,54,52,58,69,65,75,73,81,94,85,89,72,71,80,88,102,118,150,117,117,95,86,103,105,87,104,83,79,80,77,72,85,86,103,105,107,126,140,137,120,111,143,141,156,135,180,160,161,173,164,180,180,157,187,139,164,212,193,180,167,155,154,128,161,133,129,113,87,111,104,121,89,61,72,85,93,89,82,73,60,60,41,40,41,29,20,32,12,7,6,3,2,2,2,1,3,1
面没合档 鲍魂焙 皑拱搁(4376031000),"2,164","2,164",5,6,4,7,9,6,6,9,12,5,16,8,15,9,13,14,12,13,13,17,13,17,4,12,11,13,7,12,13,12,10,16,4,14,9,12,8,6,11,17,14,10,27,15,10,19,18,19,31,16,23,35,30,41,27,30,54,55,45,51,68,73,61,64,67,53,70,51,52,39,32,38,32,26,28,33,34,30,18,43,29,29,27,27,33,16,23,16,19,8,8,7,4,5,4,1,2,1,3,0,0
面没合档 鲍魂焙 厘楷搁(4376032000),"1,911","1,911",1,2,3,4,2,8,4,10,7,9,10,12,5,2,2,4,4,4,9,4,6,6,13,11,10,7,6,14,5,12,5,6,7,5,2,7,6,11,5,13,10,13,17,12,18,7,8,26,16,20,27,33,30,38,51,36,55,50,32,53,67,57,63,58,52,66,40,68,47,48,36,29,27,25,31,25,27,22,19,42,25,26,30,20,33,24,16,14,19,11,8,4,5,7,2,1,1,0,0,1,0
面没合档 鲍魂焙 楷浅搁(4376033000),"2,344","2,344",0,2,2,3,6,3,4,5,7,5,5,8,4,1,10,8,8,9,9,10,18,11,15,12,13,14,12,18,11,10,7,10,9,8,10,9,8,13,10,21,20,14,17,13,19,19,23,27,30,20,23,25,37,46,42,35,45,47,50,64,64,84,86,72,80,74,69,62,48,55,35,32,43,36,46,29,37,40,35,36,45,41,38,33,37,22,15,16,9,14,15,9,7,4,3,4,0,2,0,2,1
面没合档 鲍魂焙 磨己搁(4376034000),"3,112","3,112",5,2,4,10,5,8,9,8,9,11,12,8,16,12,13,13,8,16,14,13,20,21,20,21,22,21,20,15,16,21,13,21,16,18,18,11,18,16,17,30,22,21,23,27,23,28,32,35,34,38,51,48,63,68,59,66,81,79,68,83,91,96,85,85,88,86,81,59,51,61,43,51,56,49,49,35,46,44,44,58,44,45,43,31,34,29,24,16,13,15,16,8,4,6,1,1,1,0,1,2,0
面没合档 鲍魂焙 巩堡搁(4376035000),"2,215","2,215",2,2,4,3,4,7,2,11,9,5,9,12,8,7,9,11,8,12,10,13,10,12,9,13,17,14,18,17,12,10,11,10,12,6,8,9,12,14,19,12,22,13,12,10,13,19,21,30,30,23,35,36,27,38,49,50,39,47,36,62,63,71,54,57,75,63,51,63,34,51,37,40,40,35,38,25,39,34,27,44,23,22,25,26,32,27,21,17,21,16,8,4,11,10,1,2,0,1,0,1,1
面没合档 鲍魂焙 没玫搁(4376036000),"5,180","5,180",7,7,4,6,15,14,13,22,15,23,20,15,17,23,10,14,24,19,26,24,20,36,28,18,16,13,28,20,26,23,22,16,11,30,24,23,22,18,24,30,28,36,31,28,40,31,34,36,65,53,54,59,85,75,116,107,115,137,131,148,168,186,156,202,153,146,141,150,110,137,79,105,95,91,98,65,64,70,67,112,80,84,65,68,52,36,44,35,33,24,21,18,17,9,9,2,4,3,0,0,6
面没合档 鲍魂焙 没救搁(4376037000),"3,426","3,426",5,3,7,14,10,10,11,10,13,16,13,8,4,15,16,14,12,12,9,17,13,21,30,15,23,14,17,16,15,17,16,17,17,9,16,16,19,20,24,15,18,24,28,11,19,18,32,31,31,50,51,55,54,64,64,86,71,86,69,85,98,110,114,106,113,82,108,103,58,74,64,62,51,50,44,47,46,41,53,66,46,41,42,60,34,32,40,23,24,20,12,11,14,5,6,2,3,1,1,2,1
面没合档 鲍魂焙 荤府搁(4376039000),"2,712","2,712",2,4,8,5,6,5,8,10,10,11,9,10,6,14,10,9,10,5,12,13,19,13,21,18,14,21,25,20,16,21,15,9,20,19,11,12,10,12,9,22,15,29,22,20,26,11,28,31,34,35,38,49,35,45,56,42,62,50,59,61,84,76,73,70,75,67,61,74,55,46,50,49,35,46,57,40,38,37,41,55,45,42,31,28,43,33,29,20,14,16,11,9,3,7,4,1,1,2,0,1,1
面没合档 鲍魂焙 家荐搁(4376040000),"2,095","2,095",6,6,3,6,4,7,3,9,6,1,6,3,10,10,8,2,3,3,9,6,9,7,10,17,13,12,12,6,8,11,6,15,8,13,15,9,9,12,12,10,16,13,17,15,15,16,13,18,26,25,21,25,34,35,27,33,50,44,49,51,60,69,66,72,75,66,62,64,40,58,45,44,38,36,43,32,29,28,20,39,30,25,29,29,17,16,19,14,12,12,10,8,5,5,2,1,3,2,0,1,1
面没合档 鲍魂焙 阂沥搁(4376041000),"2,703","2,703",1,1,2,4,4,6,7,7,15,9,9,6,4,11,8,8,9,9,15,8,17,13,19,11,15,12,9,17,15,11,7,10,9,11,14,18,12,9,8,11,13,17,20,21,11,20,22,17,25,31,36,37,42,48,46,60,71,59,45,72,80,68,95,93,80,75,78,79,57,79,55,37,45,52,63,40,40,36,43,43,41,49,48,28,35,31,29,28,22,17,6,6,7,3,4,1,1,1,3,1,0
面没合档 澜己焙 (4377000000),"92,171","92,171",345,325,441,439,505,591,628,647,673,750,741,752,705,695,782,692,677,748,743,797,862,873,868,829,895,870,943,944,994,998,916,913,803,775,830,873,884,916,"1,011","1,123","1,272","1,266","1,284","1,165","1,260","1,231","1,293","1,454","1,588","1,567","1,556","1,678","1,831","1,788","1,676","1,758","1,823","1,795","1,529","1,886","2,070","2,103","2,003","1,758","1,718","1,606","1,542","1,490","1,160","1,285",902,894,925,838,875,799,665,702,695,915,767,661,668,564,492,458,449,385,286,228,173,146,132,104,60,49,32,30,17,7,22
面没合档 澜己焙 澜己谰(4377025000),"16,650","16,650",38,48,67,59,84,86,111,97,120,105,119,119,128,126,151,129,120,134,145,145,157,182,156,165,168,155,174,152,136,165,126,134,129,118,124,122,136,159,167,188,190,183,229,203,181,202,214,237,268,297,286,286,341,315,282,322,310,329,290,343,393,441,409,328,376,291,300,300,239,258,196,181,201,169,193,172,155,143,158,170,168,134,128,105,113,83,89,79,46,46,27,31,31,17,8,9,0,3,5,1,2
面没合档 澜己焙 陛空谰(4377025300),"19,533","19,533",66,53,89,94,104,133,124,147,140,183,163,177,155,171,188,163,190,227,200,194,231,219,214,195,213,198,214,199,194,224,210,202,165,136,167,189,173,172,211,255,260,303,274,267,309,302,325,370,412,381,347,421,421,446,390,365,382,378,314,400,427,407,374,360,294,309,283,256,214,228,160,149,155,145,146,141,104,134,116,172,137,116,112,99,81,84,62,49,38,43,37,19,26,19,7,7,3,3,3,0,5
面没合档 澜己焙 家捞搁(4377031000),"2,878","2,878",3,2,2,5,5,4,6,7,7,7,9,12,9,10,10,11,10,17,11,11,15,9,15,18,12,10,13,15,18,9,8,16,13,11,21,18,17,12,21,19,17,20,18,14,26,21,22,15,24,33,32,39,46,50,38,44,58,53,45,81,85,84,87,71,80,87,72,62,65,77,46,60,47,50,69,53,35,52,36,66,60,38,51,39,41,35,44,33,28,12,23,18,5,5,6,3,2,2,1,1,3
面没合档 澜己焙 盔巢搁(4377032000),"2,979","2,979",2,4,4,7,4,8,9,4,6,6,10,7,8,9,21,10,10,11,5,7,9,12,8,11,21,15,18,22,19,18,19,14,16,12,20,12,12,23,16,17,19,20,16,16,18,15,26,25,22,38,25,37,55,47,47,44,60,55,70,61,92,93,102,89,68,90,99,90,65,70,51,47,50,56,46,48,65,51,52,53,45,51,39,30,39,36,44,26,28,17,10,12,13,11,5,4,2,4,1,1,2
面没合档 澜己焙 竿悼搁(4377033000),"13,116","13,116",108,93,131,137,140,141,166,158,160,165,204,161,134,118,132,92,93,82,78,74,63,65,79,93,121,134,166,188,243,231,213,235,219,211,211,219,242,226,228,245,303,265,266,225,236,209,209,215,204,181,194,210,199,171,173,179,186,191,140,175,197,200,201,144,176,157,152,151,123,130,86,73,93,72,71,69,54,43,61,72,74,69,60,27,28,34,35,36,23,15,9,14,12,6,4,2,7,5,1,0,0
面没合档 澜己焙 措家搁(4377034000),"15,784","15,784",64,61,85,75,85,122,111,124,132,160,134,152,157,140,162,155,145,145,153,162,192,186,180,176,166,178,165,182,194,178,166,154,135,138,135,160,151,161,204,212,255,248,242,238,246,257,245,321,349,350,342,326,389,360,322,348,338,320,264,318,305,291,280,249,242,196,202,204,133,154,97,105,93,104,97,88,74,65,80,103,77,77,69,72,60,44,47,37,37,20,13,7,13,13,6,4,5,4,1,1,0
面没合档 澜己焙 伙己搁(4377035000),"6,790","6,790",12,17,19,20,23,26,22,24,28,35,26,38,30,37,41,44,34,46,29,55,58,54,66,52,64,52,59,61,70,57,50,53,39,53,45,48,46,51,53,60,70,72,69,69,86,67,80,92,77,97,120,122,137,140,149,137,178,167,149,179,190,199,180,156,183,153,135,147,98,117,87,89,78,77,71,82,51,58,71,82,63,56,71,54,32,45,44,40,27,26,20,14,9,9,4,6,3,3,1,1,4
面没合档 澜己焙 积必搁(4377036000),"4,505","4,505",13,7,6,9,16,13,18,23,21,26,25,25,19,24,17,18,16,21,31,26,22,33,38,39,27,39,36,37,40,28,32,25,27,33,33,15,24,22,34,30,40,43,49,31,44,35,45,57,60,66,63,70,82,75,85,106,95,99,87,106,140,121,136,108,106,117,114,85,88,91,65,72,74,55,60,50,49,62,42,70,49,55,61,53,41,29,35,32,17,23,14,16,10,11,8,5,7,2,1,2,3
面没合档 澜己焙 皑邦搁(4377037000),"9,936","9,936",39,40,38,33,44,58,61,63,59,63,51,61,65,60,60,70,59,65,91,123,115,113,112,80,103,89,98,88,80,88,92,80,60,63,74,90,83,90,77,97,118,112,121,102,114,123,127,122,172,124,147,167,161,184,190,213,216,203,170,223,241,267,234,253,193,206,185,195,135,160,114,118,134,110,122,96,78,94,79,127,94,65,77,85,57,68,49,53,42,26,20,15,13,13,12,9,3,4,3,0,3
面没合档 窜剧焙 (4380000000),"28,155","28,155",72,64,88,107,92,104,126,128,113,159,163,158,152,167,200,184,186,201,203,190,211,225,227,206,197,198,205,204,174,178,163,156,158,149,167,176,156,196,214,238,250,278,246,279,260,244,310,339,396,421,445,459,481,522,491,556,577,565,525,633,810,782,777,735,742,712,650,612,496,544,411,386,411,439,416,351,276,368,359,388,379,291,319,252,232,226,177,153,119,109,67,73,50,35,24,13,9,7,7,4,12
面没合档 窜剧焙 窜剧谰(4380025000),"10,266","10,266",42,41,49,61,51,56,68,79,61,73,93,84,78,72,106,95,88,102,90,96,102,113,115,107,93,105,104,107,93,88,78,87,73,73,93,101,75,103,115,120,125,134,109,124,128,121,136,148,182,189,185,170,192,211,165,182,198,210,166,193,241,245,228,208,192,213,188,168,130,148,114,108,96,105,104,98,74,99,82,98,98,70,69,66,54,52,44,39,31,26,23,14,14,11,3,3,5,1,2,1,3
面没合档 窜剧焙 概器谰(4380025300),"5,194","5,194",18,8,20,21,21,24,40,21,20,37,36,36,27,43,36,37,45,38,48,40,35,49,49,44,46,48,43,35,31,35,38,31,44,28,28,30,33,39,45,49,55,59,56,63,59,43,67,74,90,79,96,95,92,95,82,108,107,90,75,103,110,127,110,108,114,103,104,87,89,105,74,61,83,89,89,68,47,57,73,85,70,57,52,45,35,37,24,27,20,17,9,11,8,5,5,1,1,2,1,0,0
面没合档 窜剧焙 措碍搁(4380031000),"2,442","2,442",3,6,1,5,5,11,3,4,9,10,6,6,6,4,9,13,5,11,18,14,20,8,14,10,16,8,11,9,11,17,9,3,10,7,7,7,7,11,9,13,8,19,15,18,12,17,20,24,23,29,25,32,42,40,46,55,50,57,60,63,98,70,67,79,68,73,75,73,56,56,43,34,48,49,48,30,31,42,42,36,49,40,35,26,27,23,22,19,15,12,11,10,7,5,4,2,0,2,0,2,2
面没合档 窜剧焙 啊邦搁(4380032000),"2,054","2,054",0,1,4,2,3,2,3,4,9,12,9,14,12,21,16,11,10,9,10,4,13,13,14,7,10,8,12,14,6,7,4,10,4,1,9,9,6,8,7,10,19,12,15,16,14,12,14,14,24,27,42,27,32,28,37,37,39,47,41,54,72,63,66,62,71,69,55,59,46,46,33,34,36,43,41,29,27,34,33,35,33,24,38,23,16,21,10,12,12,7,4,5,4,4,2,1,1,1,2,0,1
面没合档 窜剧焙 康冕搁(4380033000),"3,167","3,167",4,2,3,6,6,5,2,11,7,13,10,11,11,17,18,18,19,18,10,22,16,16,15,16,11,11,11,11,8,7,8,4,11,13,13,6,13,16,18,20,23,26,18,29,20,25,33,32,37,36,46,67,50,61,78,69,78,51,64,75,109,95,106,94,110,91,75,83,67,75,60,52,64,62,53,40,46,53,48,53,49,39,49,37,33,35,23,21,13,16,8,15,6,4,3,3,1,0,0,0,1
面没合档 窜剧焙 绢惑玫搁(4380034000),"1,860","1,860",1,3,1,6,3,5,5,3,2,9,1,1,8,3,9,4,7,5,11,6,14,11,6,8,3,4,6,10,13,9,5,2,5,9,6,8,6,7,5,9,8,8,9,10,12,11,14,21,19,23,15,27,27,28,37,41,45,36,53,52,67,79,76,60,84,57,61,47,40,37,30,35,32,35,27,28,18,31,26,37,36,28,27,19,21,25,14,10,12,6,4,8,3,2,2,0,0,0,1,0,0
面没合档 窜剧焙 利己搁(4380035000),"1,514","1,514",1,1,6,4,2,0,1,2,0,2,3,0,3,3,3,2,2,3,5,3,1,5,7,3,10,5,9,7,4,9,10,8,5,10,8,8,7,3,6,9,9,8,10,12,7,10,11,13,8,17,16,15,24,24,23,32,26,36,40,38,52,50,63,63,46,48,49,43,44,36,30,27,32,27,32,34,10,19,26,23,19,18,24,16,22,22,18,14,11,12,4,5,5,4,1,1,1,1,0,1,2
面没合档 窜剧焙 窜己搁(4380036000),"1,658","1,658",3,2,4,2,1,1,4,4,5,3,5,6,7,4,3,4,10,15,11,5,10,10,7,11,8,9,9,11,8,6,11,11,6,8,3,7,9,9,9,8,3,12,14,7,8,5,15,13,13,21,20,26,22,35,23,32,34,38,26,55,61,53,61,61,57,58,43,52,24,41,27,35,20,29,22,24,23,33,29,21,25,15,25,20,24,11,22,11,5,13,4,5,3,0,4,2,0,0,1,0,3
