±¤ÁÖ±¤¿ª½Ã  (2900000000),712199,712199,3918,3945,4425,4985,5537,6240,6881,6976,6936,7900,7650,7715,7339,7607,8345,7682,7378,7826,8664,8387,9472,10985,10769,10623,11113,11114,10865,10883,10544,10549,9900,8794,8673,8283,8232,8292,8802,8960,10560,11794,11916,11439,11908,10668,11033,11402,11204,12543,12562,12931,13068,13058,12345,12838,11652,11661,11171,10704,10315,10507,10328,11296,10200,8888,8651,7570,7538,6848,5322,5731,5148,4942,5093,4770,4606,4455,3267,3271,2713,4045,3086,2333,2151,1960,1665,1277,1110,936,654,522,373,250,279,150,100,75,42,21,23,20,22,727833,727833,3758,3940,4361,4681,5123,5987,6547,6551,6680,7216,7097,7450,6815,7208,7706,7116,6822,7322,7835,7902,8814,10057,9965,10003,10231,10052,10206,9736,9533,9502,8993,8267,7819,7932,7832,8065,8492,8679,10156,11434,11942,11566,12029,10930,11352,11313,11261,12594,12998,12928,13470,13066,12422,13210,11923,11512,11625,10685,10473,10700,10913,11966,11141,9874,9408,8122,8350,7647,6229,6859,5885,5961,6239,5738,5947,5360,4216,4369,3826,5209,4447,3698,3549,3153,2963,2464,2303,2088,1638,1393,1083,972,831,606,408,321,229,138,136,105,165
±¤ÁÖ±¤¿ª½Ã µ¿±¸ (2911000000),50943,50943,321,287,344,338,410,400,408,449,369,407,367,384,298,338,352,364,321,377,451,433,533,709,772,808,839,802,752,830,716,786,715,671,653,701,637,643,669,654,757,804,873,711,760,730,733,722,668,718,729,796,768,833,791,799,716,818,748,717,753,721,764,860,803,770,777,714,696,657,507,546,531,506,540,506,462,431,385,401,327,460,387,297,279,264,235,219,140,133,100,75,55,36,36,29,11,11,7,1,6,2,4,52356,52356,309,311,320,356,318,353,418,384,361,361,356,354,291,317,368,339,304,369,404,459,551,664,706,758,761,758,758,733,721,719,702,675,609,599,619,633,620,611,685,721,744,674,640,646,620,620,625,641,749,768,788,833,812,801,679,748,798,782,791,751,868,960,884,846,879,746,817,753,601,690,578,629,642,632,645,606,498,452,437,574,494,426,389,320,301,255,236,205,160,152,111,97,91,58,39,33,32,16,9,13,17
±¤ÁÖ±¤¿ª½Ã µ¿±¸ ÃæÀåµ¿(2911052500),2429,2429,4,6,3,1,5,3,2,7,3,5,2,7,3,3,1,11,5,9,8,14,15,37,32,47,63,47,66,83,73,72,51,43,38,46,34,41,29,27,31,32,36,25,19,30,31,33,28,28,43,32,35,37,28,46,41,45,35,28,34,36,30,40,44,37,42,40,40,49,31,39,33,34,38,20,26,16,25,20,23,22,15,11,9,12,14,6,6,5,8,6,3,1,4,0,0,0,1,0,0,0,0,2389,2389,6,5,6,1,2,0,2,0,2,3,3,5,4,4,2,6,8,10,8,17,42,54,61,99,102,107,102,103,100,77,71,54,33,28,26,19,19,27,22,33,21,10,21,20,19,17,15,16,23,21,14,27,27,22,25,29,25,23,21,31,42,29,38,37,41,34,43,40,20,22,24,25,26,19,26,23,26,22,22,9,14,14,13,14,8,12,7,7,4,5,4,3,5,1,4,1,0,2,0,2,1
±¤ÁÖ±¤¿ª½Ã µ¿±¸ µ¿¸íµ¿(2911054500),1964,1964,4,1,4,3,2,3,5,3,8,5,7,10,4,13,4,5,9,14,12,13,24,22,41,42,42,54,36,46,46,54,46,41,40,24,23,21,22,16,19,24,31,25,27,24,27,17,18,37,37,23,27,27,30,30,23,28,31,24,24,15,22,26,29,27,42,25,22,34,17,28,18,24,21,15,26,27,19,17,21,20,22,23,14,17,13,10,12,8,8,9,5,1,4,1,0,0,0,0,0,0,0,1923,1923,3,5,4,7,3,6,3,7,7,5,5,9,4,6,10,10,6,12,11,16,32,45,47,36,37,34,55,35,47,41,19,30,28,18,17,19,11,20,19,10,13,13,12,14,17,26,21,28,45,28,23,23,27,23,21,22,24,15,22,28,24,42,20,28,44,21,31,28,22,31,25,33,28,31,32,31,24,24,26,38,27,15,12,20,9,8,12,16,10,3,2,2,5,4,1,5,2,1,1,1,0
±¤ÁÖ±¤¿ª½Ã µ¿±¸ °è¸²1µ¿(2911056000),5690,5690,58,45,51,48,63,50,48,58,39,32,37,28,23,29,28,29,30,36,48,28,48,73,77,71,86,73,64,83,73,71,86,87,108,103,73,101,119,100,114,107,122,93,95,76,87,77,62,75,79,105,90,98,100,74,106,98,80,86,88,91,97,84,83,85,84,82,98,66,43,58,48,59,52,48,50,36,33,35,33,40,38,18,20,22,10,23,10,3,7,2,5,1,1,1,4,2,0,0,1,1,0,5245,5245,57,44,57,58,53,43,50,43,35,29,30,26,20,23,39,19,32,29,29,46,55,51,69,53,49,78,61,75,91,65,87,101,77,89,84,89,81,94,75,76,82,71,73,59,70,54,80,66,72,76,86,103,87,72,64,77,60,79,86,61,78,106,93,73,73,74,72,64,49,64,59,70,55,63,52,47,28,34,29,51,35,18,31,27,18,27,21,21,10,13,8,14,3,4,3,4,4,6,0,1,3
±¤ÁÖ±¤¿ª½Ã µ¿±¸ °è¸²2µ¿(2911057000),4764,4764,39,38,56,48,54,66,74,66,57,59,42,56,35,44,44,33,42,47,52,42,67,68,50,73,70,44,38,68,37,72,61,74,69,73,54,68,56,79,82,77,97,72,78,85,82,68,63,67,70,82,61,73,73,75,57,50,54,65,53,55,54,65,55,53,62,39,64,47,47,36,48,28,41,41,32,32,35,37,31,46,34,33,17,25,19,27,16,17,6,5,3,3,3,6,0,1,0,1,0,0,1,5038,5038,32,39,39,52,55,42,76,55,56,49,59,30,25,35,45,38,37,45,49,43,50,55,63,42,51,47,36,41,41,51,65,71,51,71,55,71,89,59,98,77,82,85,68,75,88,83,66,64,82,86,83,71,89,66,57,50,55,68,61,58,69,68,62,71,79,60,67,64,60,53,52,64,62,56,59,59,47,42,47,53,44,49,36,22,28,26,23,17,18,20,9,7,9,3,4,3,1,1,0,0,2
±¤ÁÖ±¤¿ª½Ã µ¿±¸ »ê¼ö1µ¿(2911059000),4307,4307,32,28,23,27,25,32,23,25,21,37,32,38,31,35,33,28,28,27,40,41,60,64,69,64,62,67,63,61,69,60,44,56,49,54,60,53,52,54,53,62,68,49,67,68,65,72,68,55,67,74,69,86,62,64,71,74,68,73,82,74,64,84,75,54,50,56,65,62,37,39,48,39,38,31,40,52,42,30,26,29,33,21,29,14,13,24,13,13,7,5,5,4,4,2,1,0,0,0,0,0,0,4283,4283,23,21,13,29,17,25,24,21,33,28,35,31,32,29,37,35,22,26,31,39,29,50,60,59,49,59,60,45,54,45,60,51,43,40,52,51,64,43,56,49,63,59,64,54,47,48,44,55,57,61,67,77,71,67,77,73,87,61,65,65,68,75,75,66,71,56,67,60,49,56,50,41,62,53,53,47,41,43,43,58,50,47,41,30,20,18,19,24,9,14,10,8,9,6,3,2,3,0,1,0,3
±¤ÁÖ±¤¿ª½Ã µ¿±¸ »ê¼ö2µ¿(2911060000),5105,5105,18,18,26,19,35,32,45,39,35,34,45,34,33,28,45,46,33,32,55,44,48,65,54,75,72,77,65,81,54,61,68,67,57,68,47,42,56,50,58,70,79,62,71,69,84,84,67,65,69,86,77,95,82,95,70,117,81,86,77,69,85,96,92,100,79,83,77,67,53,56,65,61,53,53,60,47,41,44,32,60,57,31,38,34,24,23,17,11,11,18,5,5,4,2,4,0,1,0,0,0,0,5394,5394,27,14,22,27,22,31,37,47,29,39,35,43,38,33,27,44,30,40,49,48,63,71,56,73,64,64,66,74,49,55,59,50,60,48,49,45,47,61,56,72,65,62,59,57,51,73,58,59,83,87,78,83,92,91,83,102,84,100,88,92,100,116,106,96,95,99,99,95,69,75,70,64,69,63,85,84,64,54,42,74,47,50,40,36,36,28,30,16,18,19,14,10,4,3,4,2,3,2,0,0,2
±¤ÁÖ±¤¿ª½Ã µ¿±¸ Áö»ê1µ¿(2911062000),2155,2155,6,7,7,7,6,8,10,16,18,15,16,22,8,12,19,21,14,16,22,19,31,33,54,57,58,55,49,59,40,33,34,25,30,35,22,22,23,16,30,31,27,25,19,29,29,35,33,37,28,36,26,25,45,29,23,35,33,26,20,36,30,33,36,31,26,31,23,24,24,14,17,20,19,22,16,16,19,17,13,21,14,13,20,10,11,10,4,9,3,2,2,1,1,0,0,0,0,0,1,0,0,2094,2094,4,4,3,5,7,8,6,10,7,12,7,14,15,21,16,15,11,14,17,33,30,48,49,41,56,38,42,30,27,33,39,20,19,16,11,24,16,17,21,21,28,18,20,28,23,25,27,14,33,26,33,43,29,30,36,33,19,26,34,32,19,38,37,34,28,22,37,31,23,37,24,23,35,21,34,21,27,17,19,14,36,17,15,14,16,17,12,7,9,4,2,4,7,4,3,0,0,0,1,1,0
±¤ÁÖ±¤¿ª½Ã µ¿±¸ Áö»ê2µ¿(2911063000),2311,2311,3,3,3,10,15,10,11,15,10,24,16,17,16,14,16,23,15,23,19,27,28,38,72,68,65,56,43,51,38,41,33,26,24,23,19,12,20,15,22,29,22,18,32,27,21,28,35,36,36,38,40,45,44,50,31,37,31,29,35,28,32,40,32,27,38,27,33,24,23,22,20,17,14,31,18,17,12,21,21,25,20,23,19,15,14,14,7,3,8,2,5,2,4,2,1,2,0,0,0,0,0,2201,2201,4,5,5,6,4,6,11,12,13,12,14,17,16,12,11,15,12,13,22,27,34,39,45,56,36,35,39,35,38,31,18,24,16,20,20,18,14,16,10,22,23,26,19,26,25,20,29,28,31,42,42,24,39,39,36,35,32,31,38,28,43,34,40,30,36,34,21,32,31,29,29,28,26,30,36,26,17,28,21,33,29,22,17,14,16,18,12,14,7,3,7,7,5,2,1,1,1,1,0,3,1
±¤ÁÖ±¤¿ª½Ã µ¿±¸ ¼­³²µ¿(2911065500),1575,1575,0,1,2,5,3,3,3,5,8,5,6,4,2,4,4,1,3,8,5,10,16,27,51,47,58,55,58,49,49,53,29,30,17,22,17,18,14,14,14,13,19,18,15,18,24,17,14,26,18,21,26,25,24,28,12,21,23,20,21,21,19,19,31,31,23,24,11,23,11,14,22,15,25,12,14,14,8,11,10,13,12,10,3,11,10,7,8,5,8,0,0,2,1,1,0,2,0,0,0,0,1,1388,1388,1,3,6,0,0,6,7,7,7,2,6,5,5,4,6,9,6,11,6,20,27,38,48,47,60,49,30,47,27,18,23,27,10,13,20,8,9,11,9,8,13,9,12,14,13,8,9,9,11,18,12,14,22,15,10,10,15,21,21,15,16,23,21,21,26,17,22,20,19,27,13,11,21,17,20,22,12,11,14,19,15,14,7,13,11,7,5,5,5,3,2,3,2,2,0,0,4,0,0,0,1
±¤ÁÖ±¤¿ª½Ã µ¿±¸ ÇÐµ¿(2911068500),3660,3660,31,29,38,38,36,38,28,51,31,45,33,28,25,24,25,23,24,22,30,30,30,58,62,46,51,48,61,39,44,59,36,43,38,35,42,46,57,44,64,69,70,61,63,58,60,48,50,49,54,54,56,53,64,63,46,48,74,48,49,58,61,57,50,54,45,54,41,32,34,39,33,29,43,36,30,29,29,34,23,34,24,18,17,19,20,11,9,6,4,4,5,4,2,2,0,0,0,0,1,0,0,4042,4042,27,33,39,37,31,43,31,41,31,37,26,29,18,24,29,33,27,26,36,25,41,40,46,63,65,53,59,56,41,53,50,51,45,42,56,56,44,64,58,64,71,63,52,56,45,45,41,62,57,43,66,74,60,66,47,50,54,59,53,59,71,63,48,59,55,63,65,55,40,48,41,59,48,52,44,43,32,34,41,45,35,31,35,27,12,21,15,14,11,8,13,4,5,3,3,0,4,0,1,1,0
±¤ÁÖ±¤¿ª½Ã µ¿±¸ ÇÐ¿îµ¿(2911071000),5397,5397,12,21,19,25,35,30,37,40,29,47,39,46,44,45,48,50,38,47,61,59,59,69,74,70,73,75,62,71,54,57,60,36,54,56,64,54,37,59,44,64,65,56,73,56,65,63,74,66,56,78,92,84,85,76,70,82,76,83,96,84,82,94,101,101,96,96,87,84,75,77,68,73,80,88,60,66,54,63,31,70,59,44,47,46,42,37,22,31,18,16,15,10,4,6,0,2,4,0,2,0,2,6051,6051,11,20,22,16,20,27,42,37,34,43,48,37,36,39,47,46,32,50,47,54,38,68,44,56,62,66,64,67,53,59,57,45,47,46,52,50,38,52,56,68,68,64,69,73,70,77,75,88,75,85,83,110,85,104,62,92,99,104,98,97,127,110,131,124,148,108,109,107,81,113,82,92,94,96,104,89,69,72,60,81,72,78,73,55,58,44,43,19,29,25,19,16,14,13,4,7,3,2,1,3,2
±¤ÁÖ±¤¿ª½Ã µ¿±¸ Áö¿ø1µ¿(2911073000),3782,3782,21,20,18,25,24,33,42,34,24,32,35,34,26,32,32,34,27,32,39,42,28,47,44,43,43,53,51,47,53,46,42,31,37,42,52,39,56,51,50,63,75,51,61,52,48,60,62,51,52,60,59,58,58,70,51,67,52,52,67,52,61,82,68,67,57,50,56,65,44,48,44,43,46,45,36,34,23,31,27,37,26,22,19,8,16,14,6,9,4,3,0,2,4,2,0,1,0,0,0,0,0,4025,4025,15,29,22,21,21,13,27,21,28,36,33,30,27,39,37,22,22,39,29,33,38,35,40,46,47,46,40,35,48,57,45,38,46,53,49,52,47,32,42,59,56,56,38,54,50,43,36,44,61,64,75,47,55,75,55,64,89,66,83,54,80,92,75,84,75,62,75,70,55,52,46,59,52,50,40,52,43,35,30,43,35,29,27,17,23,13,16,23,14,13,8,7,10,4,2,4,2,1,2,1,0
±¤ÁÖ±¤¿ª½Ã µ¿±¸ Áö¿ø2µ¿(2911074000),7804,7804,93,70,94,82,107,92,80,90,86,67,57,60,48,55,53,60,53,64,60,64,79,108,92,105,96,98,96,92,86,107,125,112,92,120,130,126,128,129,176,163,162,156,140,138,110,120,94,126,120,107,110,127,96,99,115,116,110,97,107,102,127,140,107,103,133,107,79,80,68,76,67,64,70,64,54,45,45,41,36,43,33,30,27,31,29,13,10,13,8,3,2,0,0,4,1,1,1,0,1,1,0,8283,8283,99,89,82,97,83,103,102,83,79,66,55,78,51,48,62,47,59,54,70,58,72,70,78,87,83,82,104,90,105,134,109,113,134,115,128,131,141,115,163,162,159,138,133,116,102,101,124,108,119,131,126,137,129,131,106,111,155,129,121,131,131,164,138,123,108,96,109,87,83,83,63,60,64,81,60,62,68,36,43,56,55,42,42,31,46,16,21,22,16,22,13,12,13,9,7,4,5,0,2,0,2
±¤ÁÖ±¤¿ª½Ã ¼­±¸ (2914000000),142303,142303,607,686,764,850,1007,1069,1241,1252,1293,1464,1456,1442,1423,1505,1591,1564,1460,1589,1814,1770,2020,2264,2229,2295,2320,2409,2365,2290,2267,2188,2073,1739,1791,1613,1517,1557,1629,1632,1982,2198,2295,2160,2214,2027,2125,2221,2221,2452,2477,2542,2655,2763,2574,2625,2470,2429,2268,2265,2116,2099,2123,2320,2060,1742,1820,1533,1590,1379,1090,1226,1066,1024,1036,989,954,923,679,693,560,783,621,487,448,374,342,276,241,187,130,104,80,50,64,29,25,12,9,2,3,4,2,148247,148247,617,684,735,830,879,1026,1120,1162,1216,1309,1317,1341,1297,1325,1497,1361,1301,1503,1548,1550,1869,2089,2109,2187,2299,2340,2368,2176,2100,2089,1876,1653,1551,1579,1484,1460,1664,1715,1943,2125,2252,2271,2400,2168,2273,2274,2359,2637,2689,2781,2911,2751,2715,2790,2563,2479,2339,2279,2194,2345,2277,2484,2356,2130,1995,1716,1773,1606,1326,1422,1236,1273,1222,1180,1240,1083,880,900,776,1069,883,726,715,650,593,475,458,391,352,299,207,172,162,141,72,70,39,29,41,24,40
±¤ÁÖ±¤¿ª½Ã ¼­±¸ ¾çµ¿(2914057500),1816,1816,1,4,9,9,7,5,4,6,4,6,4,7,5,8,8,10,7,4,12,9,11,20,15,25,20,16,21,23,36,25,24,16,19,15,15,21,19,17,19,11,26,22,16,20,19,23,24,36,28,27,34,26,35,29,21,30,23,30,46,29,40,42,48,30,38,35,36,31,16,23,29,27,33,33,25,29,28,23,19,30,27,31,11,13,8,15,9,8,5,5,3,0,2,0,3,0,0,0,0,0,0,1836,1836,3,2,5,5,4,6,0,3,5,8,5,4,5,4,3,11,8,11,8,7,8,14,21,11,14,27,23,18,13,15,15,11,14,17,14,4,13,12,11,20,17,12,14,19,20,9,15,19,22,17,23,23,26,21,30,31,22,26,25,35,40,49,43,40,42,36,35,43,30,36,32,46,37,34,52,55,36,41,36,36,29,26,18,23,20,24,13,13,5,12,7,6,4,1,1,1,1,0,3,1,1
±¤ÁÖ±¤¿ª½Ã ¼­±¸ ¾ç3µ¿(2914059000),2214,2214,16,19,23,16,11,20,20,19,23,28,24,28,11,26,17,16,15,18,13,18,18,17,26,18,33,26,27,22,33,27,27,26,21,18,19,21,24,35,27,23,53,40,40,40,46,43,30,38,35,31,40,36,30,30,29,48,28,18,29,35,31,38,31,43,39,30,41,34,22,25,22,35,28,24,23,24,18,19,12,12,17,19,5,4,8,5,3,6,3,2,1,0,0,0,0,1,0,0,1,0,0,2348,2348,7,10,16,24,11,23,21,20,18,23,10,27,26,7,15,12,8,15,11,14,19,26,10,14,20,23,26,29,24,20,19,33,15,25,23,34,32,17,37,36,43,35,27,38,34,26,21,36,21,34,37,35,34,26,30,30,35,34,36,36,42,67,50,53,39,44,32,49,33,47,32,39,26,25,47,31,23,29,20,24,21,20,20,19,11,4,10,9,6,7,3,2,7,4,4,0,0,0,1,0,0
±¤ÁÖ±¤¿ª½Ã ¼­±¸ ³ó¼º1µ¿(2914065000),5444,5444,37,33,30,26,26,28,25,27,21,35,27,35,35,34,29,41,22,33,40,40,57,65,69,62,79,100,98,92,101,83,95,76,78,76,66,80,81,74,85,95,83,74,78,71,72,79,76,70,87,84,112,102,88,88,82,89,100,93,87,93,83,80,80,69,78,69,69,59,57,71,46,69,64,61,69,60,39,49,47,48,38,30,33,27,26,17,19,8,9,10,5,1,5,0,2,0,1,0,0,2,0,5576,5576,32,32,31,22,28,34,25,30,26,20,20,21,21,23,25,22,35,31,37,38,47,55,72,85,87,95,102,114,81,86,104,73,82,82,79,55,62,68,69,71,74,70,81,62,55,68,83,73,77,86,96,85,85,84,95,82,86,65,68,74,97,96,81,100,70,86,84,97,74,85,71,68,66,75,84,76,50,59,43,67,45,46,42,49,31,23,26,22,26,15,7,11,10,7,4,6,0,1,2,1,2
±¤ÁÖ±¤¿ª½Ã ¼­±¸ ³ó¼º2µ¿(2914066000),2560,2560,8,3,5,9,10,8,9,9,10,11,14,12,12,12,14,18,5,18,15,19,21,32,34,34,39,56,62,52,46,50,60,37,38,42,21,35,27,32,30,34,35,32,42,25,39,25,34,42,35,52,47,48,34,38,48,35,49,39,42,41,63,49,48,44,43,39,32,36,29,22,23,31,15,42,26,22,23,23,17,29,16,11,17,22,12,9,9,8,4,1,5,1,2,0,0,1,1,0,0,0,0,2309,2309,3,8,4,7,9,4,5,11,9,12,6,8,3,5,14,7,4,9,10,12,27,25,34,24,46,46,48,43,43,44,44,24,31,32,30,20,25,19,28,16,28,25,30,21,31,19,23,30,36,20,31,29,31,41,36,44,37,53,41,50,38,44,49,37,58,41,44,37,32,23,37,30,30,29,31,31,15,20,21,36,26,24,21,12,12,11,12,9,9,2,11,5,4,5,2,3,0,1,1,0,1
±¤ÁÖ±¤¿ª½Ã ¼­±¸ ±¤Ãµµ¿(2914073000),4109,4109,22,23,19,21,24,32,34,36,24,40,33,28,30,26,20,22,22,26,34,37,45,57,46,49,57,54,60,47,70,53,58,44,42,37,38,45,49,44,66,68,88,59,58,62,77,76,56,70,70,72,78,95,74,93,72,79,83,73,68,72,76,84,63,73,65,56,56,54,28,48,41,34,36,30,46,33,33,23,18,39,22,24,18,12,5,7,5,5,3,6,2,2,3,2,0,0,0,0,0,0,0,3876,3876,19,21,18,19,25,19,27,38,28,22,29,22,25,21,30,19,29,19,40,47,43,44,42,37,63,45,58,47,50,44,43,38,32,42,40,45,55,31,55,42,57,55,45,47,50,52,53,62,51,56,76,73,78,74,66,62,76,78,60,78,66,82,82,68,54,63,62,52,49,44,44,53,49,36,40,32,28,33,21,30,35,17,18,27,27,17,20,8,12,10,12,6,3,4,2,1,1,3,1,0,2
±¤ÁÖ±¤¿ª½Ã ¼­±¸ À¯´öµ¿(2914074000),5583,5583,27,29,37,38,51,56,45,41,50,67,63,50,63,69,54,64,52,64,72,62,90,102,92,71,94,91,92,105,89,87,100,79,75,89,61,61,90,72,73,92,110,74,107,86,93,102,86,101,105,111,98,117,113,112,106,120,92,106,67,86,80,67,66,56,49,39,47,39,25,27,25,32,27,22,26,18,18,19,8,23,12,17,15,21,21,8,11,2,5,0,1,4,1,0,0,1,0,0,0,0,0,5377,5377,29,25,28,26,30,39,46,59,46,42,57,73,46,46,66,57,51,61,63,77,66,77,78,90,77,87,79,78,81,83,82,66,52,65,58,57,60,55,75,77,86,85,105,79,73,89,83,119,103,93,124,125,97,112,87,91,75,62,87,69,73,65,70,50,49,46,58,39,30,42,50,39,37,37,40,35,17,45,32,36,35,26,15,28,28,14,16,15,13,7,7,7,5,8,3,2,2,2,0,0,0
±¤ÁÖ±¤¿ª½Ã ¼­±¸ Ä¡Æòµ¿(2914074500),14462,14462,83,75,75,91,100,96,97,123,126,148,137,131,135,153,151,114,148,160,181,171,236,229,258,273,241,272,282,291,265,268,258,215,211,194,182,187,202,177,244,228,244,225,214,186,193,224,210,242,227,236,242,284,252,271,284,270,259,256,231,214,224,244,218,148,168,125,119,91,90,100,61,77,77,67,71,69,58,53,38,62,50,39,44,40,31,20,28,21,12,15,9,9,6,0,2,1,0,2,1,0,0,15837,15837,87,91,87,104,77,111,126,111,130,121,140,132,131,136,141,136,130,145,148,153,222,232,245,257,319,316,324,318,302,317,226,219,203,222,176,195,200,214,208,231,215,264,256,240,225,230,227,251,297,326,332,328,325,339,322,270,251,257,237,231,243,200,190,184,163,141,123,120,98,92,92,105,77,95,106,89,79,88,64,93,82,72,79,55,46,46,43,39,41,19,16,10,8,8,2,9,4,3,2,1,4
±¤ÁÖ±¤¿ª½Ã ¼­±¸ »ó¹«1µ¿(2914075100),12397,12397,43,72,67,62,85,81,105,82,74,102,95,92,99,105,111,136,112,142,142,128,147,191,194,216,220,284,261,264,306,272,239,213,211,176,166,160,166,160,171,218,195,202,212,186,173,187,188,212,222,182,255,237,191,202,233,185,206,188,158,172,179,181,143,147,144,110,121,93,73,112,80,92,85,79,68,78,48,62,55,62,48,28,27,25,22,19,12,8,11,8,8,6,2,3,1,0,1,0,0,0,0,12366,12366,52,73,55,71,66,82,81,86,97,107,110,86,104,104,121,132,121,139,137,128,200,228,220,216,256,267,267,241,214,221,184,170,170,134,140,140,145,153,180,169,191,165,189,152,187,187,212,198,236,197,206,225,225,227,208,225,179,159,175,170,166,193,174,141,176,133,136,117,107,110,101,91,80,94,89,63,62,61,53,60,46,36,52,34,29,25,27,32,15,22,11,10,10,9,4,7,1,4,2,1,2
±¤ÁÖ±¤¿ª½Ã ¼­±¸ »ó¹«2µ¿(2914075200),11594,11594,44,45,36,57,64,46,61,59,76,81,72,86,63,84,84,83,84,88,108,108,125,165,166,215,232,224,236,256,256,246,211,168,189,144,156,139,112,132,160,169,165,164,159,149,145,149,154,170,190,190,179,204,206,193,181,206,193,192,199,185,191,203,201,183,169,149,174,145,100,129,124,104,108,110,107,85,57,70,51,87,75,49,41,32,29,25,18,26,13,7,9,3,5,5,2,1,3,0,1,0,0,12238,12238,33,42,29,49,47,70,66,50,70,66,61,69,67,79,82,74,69,96,82,115,129,182,210,254,264,293,279,258,234,219,190,151,154,136,131,95,124,118,123,138,158,145,134,134,140,130,134,171,172,205,186,191,187,202,190,211,187,198,195,217,210,254,188,219,212,161,163,163,137,136,136,132,133,130,128,113,115,95,74,134,97,86,85,75,75,57,47,37,31,29,18,20,20,17,9,3,1,1,4,3,5
±¤ÁÖ±¤¿ª½Ã ¼­±¸ È­Á¤1µ¿(2914076000),7373,7373,23,35,27,38,31,45,38,46,51,45,55,49,53,48,50,55,42,63,70,69,69,82,123,136,135,153,145,175,173,163,149,121,133,124,111,114,108,101,111,126,123,107,115,117,98,108,115,103,120,119,132,117,135,123,106,108,74,108,96,124,109,86,105,90,82,85,76,87,49,57,66,50,67,61,61,62,41,42,48,40,43,32,40,28,26,26,20,12,16,12,6,1,6,2,4,2,0,0,0,0,0,8120,8120,33,30,32,27,43,28,52,45,48,46,43,47,41,38,50,42,39,51,56,83,84,114,144,177,196,169,193,190,189,196,173,134,113,95,99,92,101,108,104,120,111,110,98,90,96,111,85,115,98,111,119,119,126,144,117,125,110,116,116,103,112,118,131,128,113,105,112,95,93,67,83,84,71,71,82,73,66,56,49,72,54,52,50,42,42,31,38,25,21,26,12,13,11,12,7,5,4,2,4,1,2
±¤ÁÖ±¤¿ª½Ã ¼­±¸ È­Á¤2µ¿(2914077000),10300,10300,55,71,95,91,131,117,168,156,141,156,176,172,173,144,180,150,138,123,118,113,120,126,149,116,139,119,127,99,112,102,104,119,105,92,105,107,132,140,200,211,203,216,189,182,209,203,164,177,167,159,146,150,128,157,141,124,126,137,136,113,135,145,117,106,132,100,114,93,87,90,81,62,67,66,65,66,50,40,25,61,36,23,20,22,22,16,11,12,5,2,1,1,4,3,1,0,0,0,0,0,0,10258,10258,68,80,96,93,91,110,126,119,130,133,133,126,106,101,106,90,86,90,104,64,77,121,97,96,101,106,95,106,120,111,111,106,124,115,106,113,138,170,212,216,250,232,224,216,183,164,165,160,179,168,161,127,157,161,150,144,159,144,130,160,139,172,184,168,142,127,124,94,82,113,74,93,90,62,71,67,48,48,46,61,47,33,24,33,27,22,26,19,22,17,8,10,9,5,3,6,5,3,2,3,2
±¤ÁÖ±¤¿ª½Ã ¼­±¸ È­Á¤3µ¿(2914078000),4965,4965,19,17,15,21,21,33,25,41,48,39,45,41,51,41,61,40,63,49,65,72,92,71,89,92,95,90,83,92,73,78,68,56,59,52,45,51,38,53,58,64,71,75,60,64,62,69,57,68,69,84,79,80,78,88,84,82,74,72,79,71,68,83,81,87,83,70,71,72,42,60,52,49,46,41,46,47,27,25,25,45,33,32,19,14,14,8,10,12,7,8,2,4,1,3,3,1,1,0,0,1,0,5108,5108,14,17,16,21,21,22,30,28,24,30,52,36,47,37,53,47,32,45,41,56,60,68,67,73,70,98,76,51,66,65,60,51,42,44,42,42,32,59,57,61,66,59,69,58,67,76,64,76,75,78,97,92,101,97,76,91,72,89,90,93,114,119,124,106,77,76,73,72,69,78,41,58,53,63,47,50,35,41,32,42,40,32,28,26,23,20,26,17,19,13,9,10,9,7,6,3,2,2,2,2,3
±¤ÁÖ±¤¿ª½Ã ¼­±¸ È­Á¤4µ¿(2914079000),7408,7408,31,31,27,44,53,47,75,72,77,66,70,83,70,74,81,76,83,98,104,91,107,113,112,116,120,126,101,115,120,100,92,69,89,82,85,65,74,78,88,98,97,104,107,87,92,94,112,106,95,117,103,105,109,133,121,103,98,113,119,113,111,164,132,120,148,112,128,112,94,92,89,82,68,64,61,63,36,48,25,35,32,29,33,18,15,14,14,7,7,6,3,3,5,1,3,1,0,0,0,1,1,8009,8009,21,18,32,33,49,48,50,59,78,70,80,78,46,80,82,79,58,70,68,54,84,93,95,101,98,100,112,107,84,94,81,48,67,73,61,74,77,81,93,121,113,106,118,117,102,124,111,130,119,149,109,139,149,159,148,143,131,154,152,161,156,195,194,145,166,148,134,114,88,101,70,77,100,73,62,55,52,50,47,62,41,38,43,38,38,30,27,27,24,18,15,9,12,9,4,5,4,0,1,2,4
±¤ÁÖ±¤¿ª½Ã ¼­±¸ ¼­Ã¢µ¿(2914080000),2984,2984,18,12,21,21,16,18,21,29,16,28,16,10,19,22,16,21,17,21,27,31,42,39,41,32,40,38,41,33,36,42,33,34,41,42,26,25,33,30,40,42,38,34,32,26,31,26,42,44,35,57,57,58,63,68,62,77,75,69,64,58,52,69,68,56,46,60,53,43,38,34,23,25,29,35,23,23,23,19,14,21,14,11,15,8,8,8,7,1,3,1,3,0,3,1,1,0,0,0,0,0,0,2792,2792,18,12,11,28,17,25,16,26,16,18,16,15,23,18,20,21,15,18,15,21,22,36,34,22,28,35,27,35,36,38,32,29,33,27,31,29,36,31,28,40,35,26,32,25,21,24,40,27,41,52,61,44,64,67,50,62,62,41,52,58,53,64,49,52,53,39,37,48,36,28,26,30,29,21,26,20,19,14,17,34,27,18,16,19,21,15,18,17,12,7,11,7,7,4,4,4,1,2,2,1,2
±¤ÁÖ±¤¿ª½Ã ¼­±¸ ±ÝÈ£1µ¿(2914082100),9482,9482,21,26,37,56,58,72,82,82,92,92,93,90,88,92,94,129,110,103,128,148,139,168,146,165,165,146,165,141,114,138,121,107,106,79,87,86,79,78,102,118,127,113,124,98,121,135,120,155,149,140,172,178,195,182,186,161,156,162,169,166,187,209,196,142,152,137,143,102,98,103,96,73,76,68,69,71,51,50,52,38,37,31,28,19,24,22,20,10,7,4,6,1,4,1,1,1,1,0,0,0,0,10472,10472,26,33,42,37,45,60,76,74,76,86,81,73,77,78,94,100,92,108,120,84,132,135,144,115,132,123,161,108,136,123,129,97,79,94,89,87,105,81,107,132,138,149,137,122,145,169,144,162,202,221,210,226,213,229,180,190,227,204,193,210,219,229,205,188,167,136,168,119,111,102,108,91,103,88,86,78,57,64,60,91,73,63,57,51,54,42,44,43,34,25,23,14,8,13,4,2,3,2,1,2,2
±¤ÁÖ±¤¿ª½Ã ¼­±¸ ±ÝÈ£2µ¿(2914082400),13921,13921,58,68,97,107,128,133,161,158,170,175,186,177,181,189,211,199,200,213,251,249,274,280,275,261,220,225,179,179,150,144,164,123,115,124,118,130,134,136,157,213,225,176,225,200,210,252,265,292,291,288,308,298,317,333,275,243,234,234,207,178,181,215,158,113,122,93,89,91,70,74,69,68,70,61,56,70,40,37,36,43,27,27,22,19,21,21,21,12,6,7,6,2,3,4,1,2,1,0,0,0,0,14531,14531,64,71,98,112,113,133,110,134,145,189,140,170,183,200,219,183,198,249,238,230,222,228,212,220,175,184,152,151,145,145,128,147,120,141,125,120,174,165,189,211,220,227,306,250,294,287,320,367,337,345,363,329,289,315,276,259,250,216,172,216,184,162,171,141,128,102,115,115,76,121,82,79,62,77,75,64,50,46,48,53,65,50,54,33,36,27,21,15,17,19,12,11,15,10,3,3,7,1,3,3,4
±¤ÁÖ±¤¿ª½Ã ¼­±¸ Ç³¾Ïµ¿(2914083000),18030,18030,78,94,100,94,122,158,169,168,173,206,224,226,212,264,252,277,247,253,318,295,318,354,283,297,270,289,300,238,218,236,206,178,189,168,174,167,185,184,248,281,279,296,291,289,291,280,338,364,377,428,412,456,392,346,320,342,274,275,217,262,213,246,217,162,174,150,153,135,121,111,93,78,87,92,74,72,57,70,48,80,70,37,49,44,39,29,18,24,9,6,7,9,8,4,1,0,0,0,0,0,1,18662,18662,81,81,90,104,129,134,170,182,167,180,205,205,213,234,247,216,225,234,250,259,300,291,291,309,266,244,265,207,206,202,174,202,171,160,166,181,204,230,227,271,300,323,356,324,358,356,410,433,452,450,479,425,382,379,346,274,267,262,239,263,218,247,234,188,168,150,184,151,118,127,96,116,121,109,122,109,91,74,82,96,88,67,68,68,54,50,33,35,32,31,19,13,13,13,4,7,1,1,7,3,3
±¤ÁÖ±¤¿ª½Ã ¼­±¸ µ¿Ãµµ¿(2914084000),7661,7661,23,29,44,49,69,74,102,98,117,139,122,125,123,114,158,113,93,113,116,110,109,153,111,117,121,100,85,66,69,74,64,58,70,59,42,63,76,89,103,107,133,147,145,139,154,146,150,162,175,165,161,172,134,139,119,127,124,100,102,87,100,115,88,73,88,74,68,62,51,48,46,36,53,33,38,31,32,21,22,28,24,17,11,6,11,7,6,5,5,4,3,3,4,0,0,0,0,0,0,0,0,8532,8532,27,38,45,48,74,78,93,87,103,136,129,149,133,114,129,113,101,112,120,108,127,120,93,86,87,82,81,75,76,66,81,54,49,75,74,77,81,103,140,153,150,183,179,174,192,153,169,208,171,173,201,136,146,113,156,145,113,121,126,121,107,128,137,122,118,82,89,81,63,70,61,42,58,61,52,42,37,36,31,42,32,20,25,18,19,17,11,9,13,20,6,8,7,5,6,3,2,1,3,0,1
±¤ÁÖ±¤¿ª½Ã ³²±¸ (2915500000),103497,103497,500,540,626,711,819,903,1072,1116,1075,1270,1138,1163,1116,1136,1211,1120,1054,1112,1157,1156,1269,1462,1419,1407,1447,1409,1380,1409,1371,1365,1266,1154,1143,1104,1114,1087,1166,1226,1522,1646,1696,1688,1699,1561,1697,1638,1652,1758,1719,1835,1768,1710,1660,1724,1545,1512,1467,1453,1417,1499,1417,1684,1564,1441,1465,1285,1292,1152,942,1053,895,896,948,872,884,842,628,611,544,765,592,448,441,397,293,204,225,176,123,105,59,55,51,35,14,12,6,7,6,3,6,111957,111957,508,496,631,661,759,880,1031,1058,1088,1180,1129,1237,1092,1113,1218,1149,1050,1107,1100,1156,1247,1379,1356,1335,1376,1350,1366,1355,1298,1246,1266,1090,1035,1128,1044,1131,1273,1317,1512,1808,1876,1758,1832,1618,1698,1713,1602,1788,1824,1859,1859,1843,1727,1822,1791,1597,1686,1583,1595,1714,1831,1997,1866,1700,1652,1516,1533,1322,1112,1300,1111,1136,1189,1112,1089,1022,770,800,711,908,807,654,642,553,542,453,419,371,318,251,190,167,178,110,88,63,40,33,16,20,25
±¤ÁÖ±¤¿ª½Ã ³²±¸ ¾ç¸²µ¿(2915551000),3184,3184,10,10,10,16,20,14,19,28,32,33,46,38,26,25,34,38,32,43,37,45,41,32,38,45,46,38,40,38,37,34,27,41,27,32,30,15,32,34,26,32,44,60,44,52,46,40,47,53,47,57,60,57,46,59,55,51,43,46,42,38,36,54,53,37,47,44,44,42,32,39,34,40,43,30,50,32,36,27,29,41,28,20,24,17,10,15,12,8,11,6,2,2,5,3,1,0,0,0,0,0,2,3770,3770,13,10,11,11,13,19,30,29,30,37,40,32,38,36,40,39,35,46,39,32,43,48,33,37,46,43,34,38,30,37,45,24,32,37,21,16,30,25,41,45,56,39,64,35,62,47,48,62,53,47,64,63,59,61,65,64,58,45,73,46,74,60,74,60,54,72,67,35,31,59,52,61,68,57,46,66,39,36,28,50,52,35,22,26,22,30,22,10,16,7,9,13,9,5,3,1,1,0,0,1,1
±¤ÁÖ±¤¿ª½Ã ³²±¸ ¹æ¸²1µ¿(2915552000),3175,3175,14,15,24,20,26,33,23,31,28,41,33,45,31,37,31,33,21,24,31,41,26,39,52,46,39,57,27,53,38,49,33,39,36,27,40,28,29,35,55,48,62,49,48,67,46,39,52,56,57,63,51,51,59,58,39,37,41,52,45,32,39,49,44,42,50,46,38,40,20,34,26,27,28,28,39,40,22,18,24,28,16,20,13,9,14,7,8,7,4,3,3,2,3,1,1,0,0,0,0,0,0,3477,3477,10,18,23,26,19,32,23,35,27,31,33,33,41,21,29,43,32,26,39,28,40,33,44,40,43,31,55,36,44,32,41,37,32,38,37,34,37,48,39,56,56,52,63,58,60,45,45,59,45,60,56,47,59,45,48,57,49,44,40,50,58,66,57,57,52,50,46,44,38,42,43,30,46,50,33,39,37,38,22,36,26,33,28,15,20,12,10,12,8,5,3,5,4,2,1,1,3,1,0,0,0
±¤ÁÖ±¤¿ª½Ã ³²±¸ ¹æ¸²2µ¿(2915553000),4208,4208,12,15,13,16,26,21,26,38,28,30,34,31,41,35,31,32,29,41,36,57,56,69,62,64,60,58,64,58,58,58,45,50,52,43,37,36,45,35,44,49,56,49,56,53,47,57,61,70,78,75,65,83,62,70,70,70,61,54,77,64,72,91,69,60,82,52,52,54,42,45,60,50,64,43,55,50,37,42,34,43,36,31,17,32,16,11,7,12,8,13,3,1,3,1,3,3,0,0,0,1,0,4673,4673,17,18,17,10,22,16,22,32,31,23,26,34,32,33,40,32,28,42,41,53,38,57,53,69,56,55,62,51,50,43,60,30,44,26,28,37,37,45,44,48,54,58,57,55,56,69,50,66,59,77,78,73,92,67,63,77,88,69,79,92,92,96,87,82,74,93,71,78,64,64,75,66,83,72,67,70,49,57,40,44,44,47,43,24,39,29,19,32,21,16,11,8,11,8,5,3,1,4,0,1,2
±¤ÁÖ±¤¿ª½Ã ³²±¸ ºÀ¼±1µ¿(2915553700),6289,6289,25,20,29,32,35,35,54,52,46,68,61,74,56,69,69,66,55,64,66,58,75,104,83,94,103,101,93,101,123,102,90,82,70,57,76,60,74,77,80,90,103,79,93,98,94,86,107,94,97,122,112,91,128,94,107,94,97,80,72,103,89,121,99,106,104,91,79,51,52,64,56,54,66,52,59,43,24,31,28,48,43,36,31,32,18,19,18,13,11,5,8,6,3,2,1,2,0,1,3,0,0,7136,7136,20,21,25,28,34,40,48,38,59,54,51,58,60,68,61,68,68,58,75,69,79,84,98,97,109,101,88,111,99,83,85,63,60,66,61,58,76,60,92,115,102,87,98,101,103,82,98,106,127,116,119,129,117,127,124,114,100,104,118,117,126,137,118,94,117,116,121,85,78,96,82,75,78,62,68,76,55,56,56,69,60,57,59,41,41,38,33,30,35,26,12,18,15,7,6,4,2,5,2,0,3
±¤ÁÖ±¤¿ª½Ã ³²±¸ ºÀ¼±2µ¿(2915553800),13545,13545,57,61,77,93,124,132,208,207,241,259,231,255,284,266,298,257,251,221,237,189,223,211,169,187,155,161,149,125,101,121,95,91,85,90,109,91,132,129,148,184,218,228,219,241,259,278,275,299,285,283,290,236,237,231,192,193,156,151,136,164,159,148,146,160,151,120,133,121,102,95,75,72,78,71,65,72,68,46,41,59,46,34,37,30,28,20,29,17,8,10,8,4,4,8,1,1,1,1,1,0,0,15410,15410,49,58,80,89,117,131,210,236,267,253,241,273,234,254,283,263,237,230,220,204,187,193,179,160,150,140,120,110,106,126,125,100,110,110,106,121,163,179,221,274,312,320,325,304,320,355,298,318,310,291,305,294,251,274,229,193,207,184,174,192,179,226,220,193,164,162,170,114,115,116,87,95,100,93,87,87,61,60,75,69,71,66,67,51,50,46,46,35,27,19,14,11,21,18,7,8,5,2,3,3,2
±¤ÁÖ±¤¿ª½Ã ³²±¸ »çÁ÷µ¿(2915554500),2661,2661,8,12,12,14,10,17,15,8,15,20,18,14,9,11,19,11,17,12,16,24,18,28,37,28,38,31,33,34,42,42,43,34,27,28,27,30,32,26,39,44,38,33,41,31,43,36,47,49,46,45,34,51,51,50,40,45,41,45,54,46,49,51,41,52,46,40,44,38,18,40,25,32,39,37,27,34,21,23,28,28,31,21,25,13,15,6,7,3,5,8,1,1,3,0,0,0,0,0,0,0,0,2496,2496,9,4,16,13,10,18,14,15,17,11,14,9,16,9,8,14,9,12,10,20,18,21,22,31,41,36,31,33,28,30,36,23,26,27,17,30,44,31,18,26,31,29,33,25,38,35,24,30,33,32,33,33,32,43,35,42,37,48,36,41,32,39,43,57,43,35,45,43,35,38,37,36,40,47,39,39,23,33,32,39,48,27,17,23,11,22,13,14,11,6,3,4,5,2,2,3,1,0,0,1,1
±¤ÁÖ±¤¿ª½Ã ³²±¸ ¿ù»êµ¿(2915560500),4576,4576,29,27,27,32,41,30,43,27,20,34,27,19,29,21,26,31,23,30,41,37,44,46,67,51,63,53,52,70,61,72,64,67,75,62,55,48,64,60,87,69,74,77,72,60,73,83,73,80,78,80,63,74,70,87,74,70,64,73,74,68,71,75,67,59,81,74,60,51,48,44,44,48,51,46,53,49,31,44,45,54,37,25,33,25,11,12,11,9,12,2,1,4,4,3,0,0,0,1,0,0,0,4395,4395,25,25,41,18,38,35,23,26,33,31,20,35,12,23,18,30,24,28,34,27,41,46,38,39,42,45,48,62,60,61,54,49,48,58,39,58,60,63,53,55,60,55,54,55,38,51,41,54,52,68,55,66,78,70,73,61,49,62,48,81,75,72,85,86,81,40,66,67,50,62,60,69,64,70,77,78,52,43,41,53,54,31,36,48,33,22,29,25,19,20,9,8,15,5,3,0,2,4,3,1,1
±¤ÁÖ±¤¿ª½Ã ³²±¸ ¿ù»ê4µ¿(2915563000),4358,4358,11,11,12,16,11,14,21,25,17,26,30,26,29,27,29,30,28,28,32,29,43,61,51,61,59,63,62,67,77,71,60,58,62,64,42,49,41,51,70,68,71,56,54,58,53,62,62,65,74,82,85,65,65,86,83,73,68,69,74,83,65,87,85,71,79,75,77,69,53,65,45,51,39,61,54,59,38,26,30,46,31,29,22,15,16,8,14,7,7,2,2,3,3,0,1,1,1,1,0,0,0,4145,4145,8,4,10,18,14,21,18,22,16,22,29,25,22,28,24,21,17,23,22,24,36,43,47,49,49,56,65,71,71,47,52,52,34,47,29,35,39,48,50,51,52,53,54,37,42,42,34,49,52,75,59,62,59,57,73,59,72,78,74,78,95,100,95,85,92,63,81,66,60,68,67,64,53,65,53,62,44,33,43,44,39,34,25,31,33,25,23,19,13,8,9,6,10,5,5,3,1,0,1,1,1
±¤ÁÖ±¤¿ª½Ã ³²±¸ ¿ù»ê5µ¿(2915564000),3197,3197,5,8,11,12,9,12,12,15,12,22,11,13,14,7,22,14,24,15,22,28,40,42,42,39,46,57,47,62,48,43,62,31,50,42,30,33,32,32,55,48,43,57,43,32,45,48,52,44,53,46,50,50,57,50,54,53,63,65,52,56,68,73,67,70,59,50,59,40,55,47,39,32,31,32,36,44,29,31,16,28,23,17,21,13,6,3,4,9,3,3,2,2,2,1,0,0,0,0,0,0,0,3219,3219,6,2,9,11,13,11,13,13,18,17,16,15,15,6,15,11,16,12,17,34,27,29,35,47,44,56,59,43,49,46,45,30,30,35,28,30,37,20,25,39,44,29,32,24,41,35,22,33,46,44,43,58,50,60,53,52,60,56,70,79,65,95,56,69,83,53,71,55,55,48,49,50,48,34,48,42,37,27,33,29,36,14,28,18,22,20,19,9,15,7,7,4,2,4,4,3,2,2,1,0,0
±¤ÁÖ±¤¿ª½Ã ³²±¸ ¹é¿î1µ¿(2915567000),5744,5744,16,28,34,44,45,44,51,55,65,82,66,62,37,61,52,45,44,55,61,56,82,57,81,65,81,82,85,81,70,75,62,57,55,51,72,56,63,69,75,110,78,99,92,94,110,78,77,83,90,88,97,90,91,106,88,77,87,74,95,89,71,100,102,76,77,99,84,82,62,68,59,56,55,61,49,40,32,37,42,48,43,28,35,24,29,15,11,8,10,7,3,4,6,2,2,2,0,0,0,0,0,6475,6475,21,29,28,42,32,50,52,51,63,54,64,69,56,64,65,53,51,54,56,64,63,89,75,59,77,81,84,69,61,68,61,54,62,61,54,52,64,63,86,122,107,97,107,83,102,88,89,99,89,95,120,98,101,101,85,90,101,96,102,113,127,123,128,123,112,98,106,94,73,82,69,79,84,74,67,61,53,69,49,61,47,34,30,33,42,23,20,21,19,18,19,12,12,9,7,6,1,1,1,1,1
±¤ÁÖ±¤¿ª½Ã ³²±¸ ¹é¿î2µ¿(2915568000),3144,3144,17,20,22,22,31,20,28,26,20,26,17,20,20,17,17,12,19,20,28,29,30,42,37,44,47,40,58,51,51,55,46,46,41,38,39,50,49,44,49,61,49,47,53,51,45,47,40,47,40,59,43,52,42,58,34,41,57,47,49,55,54,55,58,41,36,35,41,33,35,34,32,20,39,34,30,26,26,28,24,37,21,17,19,19,11,6,9,7,2,5,1,2,0,2,0,0,0,0,0,0,0,3231,3231,24,14,24,14,21,16,31,24,26,19,18,20,12,10,21,26,17,24,20,29,45,31,51,54,65,68,70,64,63,44,49,51,46,45,36,35,35,41,34,52,46,38,39,28,36,34,36,42,40,45,42,47,45,42,50,50,46,47,38,49,60,47,76,41,50,47,47,49,36,49,25,36,32,29,46,36,22,34,24,37,25,12,23,21,18,13,9,16,6,6,10,8,5,2,1,1,0,1,0,1,1
±¤ÁÖ±¤¿ª½Ã ³²±¸ ÁÖ¿ù1µ¿(2915569000),10608,10608,51,70,70,72,69,103,83,126,85,125,94,101,90,107,125,133,131,121,139,126,128,173,139,152,173,156,170,155,164,136,153,123,111,122,114,111,126,123,165,162,159,177,172,144,163,168,167,195,174,194,189,190,162,176,185,173,145,166,134,155,163,183,168,154,140,124,131,108,92,96,98,94,84,90,72,82,59,57,41,63,49,36,34,34,22,16,17,11,5,9,5,1,2,1,0,0,1,0,0,0,1,11280,11280,57,54,71,64,77,99,100,91,79,116,84,112,86,113,114,94,116,104,127,140,158,176,148,158,144,144,158,169,151,140,145,121,112,109,109,142,116,128,149,160,187,163,159,165,154,186,175,192,219,198,184,199,195,212,200,172,191,181,165,170,195,213,179,153,171,150,137,141,102,117,92,105,104,110,101,93,67,66,55,84,71,39,43,41,37,38,30,25,23,23,14,12,16,11,6,6,1,4,0,3,0
±¤ÁÖ±¤¿ª½Ã ³²±¸ ÁÖ¿ù2µ¿(2915570000),3968,3968,7,16,7,14,21,31,28,27,21,41,31,22,25,21,31,28,25,33,27,34,39,57,49,58,53,60,60,57,60,55,56,45,46,44,47,37,42,41,54,74,51,46,63,54,59,49,48,60,56,63,56,61,74,52,67,75,62,70,62,61,63,88,72,60,78,71,71,49,49,72,46,59,48,35,55,47,32,29,30,45,25,26,24,19,14,7,9,6,4,4,6,3,2,3,1,1,0,1,0,0,1,4042,4042,14,10,19,16,25,24,28,27,23,33,29,28,24,24,20,19,28,32,21,34,37,42,54,52,56,48,45,47,50,43,45,37,31,23,32,40,46,40,46,57,53,42,50,49,47,49,55,64,66,57,59,80,53,69,91,59,88,61,65,89,96,96,97,69,75,74,77,68,48,64,43,56,53,54,54,43,45,33,25,48,39,30,29,18,23,15,16,13,12,8,2,7,4,2,4,0,0,3,0,2,2
±¤ÁÖ±¤¿ª½Ã ³²±¸ Áø¿ùµ¿(2915570500),13677,13677,49,54,57,74,97,100,136,143,153,159,160,182,187,200,210,170,173,215,208,212,210,258,262,211,243,210,200,189,175,167,147,113,135,103,120,127,111,131,164,174,197,177,222,184,227,219,229,222,235,247,266,236,214,249,202,215,209,212,203,237,184,202,199,167,153,147,138,131,109,119,111,115,108,108,86,92,82,69,62,94,75,48,49,58,35,23,39,24,14,14,5,11,5,3,1,2,1,0,1,1,1,15584,15584,56,39,60,84,100,109,139,141,130,210,175,238,229,219,243,223,194,204,186,221,239,232,229,203,207,184,175,174,174,152,143,141,109,135,136,129,168,154,188,208,257,293,262,232,270,258,267,273,316,319,272,271,253,270,305,221,262,209,235,209,222,259,221,222,191,175,168,146,138,166,131,136,139,134,123,105,77,95,79,93,75,74,71,66,66,43,41,40,32,26,21,23,13,9,8,6,8,3,2,1,2
±¤ÁÖ±¤¿ª½Ã ³²±¸ È¿´öµ¿(2915571000),7696,7696,42,43,49,69,91,80,110,96,88,103,103,91,101,96,99,99,74,79,64,75,88,91,106,86,97,93,95,106,124,114,107,97,101,115,83,104,104,98,134,133,138,170,153,127,142,119,133,126,123,114,124,135,97,107,89,90,84,93,87,75,76,104,107,115,95,86,97,95,74,84,55,67,75,66,62,57,40,37,41,40,30,22,24,16,16,10,15,12,5,3,4,3,4,2,1,0,0,1,0,1,0,8344,8344,44,43,69,61,69,73,80,82,97,91,101,100,76,84,92,78,76,89,77,74,82,102,105,103,97,120,107,116,107,114,120,115,94,93,97,96,95,114,136,175,150,158,153,136,134,135,127,132,123,120,140,122,106,120,106,114,106,108,98,119,152,138,137,115,103,124,94,103,82,90,76,74,91,64,75,56,40,47,38,55,34,39,42,36,24,19,25,19,16,17,14,9,10,5,6,8,6,1,1,2,6
±¤ÁÖ±¤¿ª½Ã ³²±¸ ¼Û¾Ïµ¿(2915572000),10359,10359,133,112,157,152,148,197,188,192,187,162,145,148,117,115,105,101,86,96,93,93,110,121,124,137,118,115,117,131,121,140,136,141,142,160,170,181,169,212,243,264,258,239,223,175,203,186,139,172,148,164,124,142,153,136,119,107,131,107,117,115,105,133,113,106,100,78,80,93,60,62,44,44,56,44,41,37,22,40,8,36,23,16,13,17,12,11,4,11,2,3,0,3,1,2,0,0,1,0,1,0,0,11091,11091,124,129,117,144,143,172,181,170,152,154,160,124,113,105,114,117,83,108,103,87,92,134,123,118,126,120,146,138,125,153,132,141,142,192,191,201,199,231,260,285,269,208,252,182,169,166,152,178,161,179,192,144,145,165,146,123,128,140,131,139,119,158,124,144,117,105,116,84,67,86,64,57,60,47,57,30,34,33,25,43,29,36,30,24,26,24,21,16,15,18,12,9,13,6,11,4,4,2,0,2,1
±¤ÁÖ±¤¿ª½Ã ³²±¸ ´ëÃÌµ¿(2915573000),3108,3108,14,18,15,13,15,20,27,20,17,39,31,22,20,21,13,20,22,15,19,23,16,31,20,39,26,34,28,31,21,31,40,39,28,26,23,31,21,29,34,36,57,45,51,40,42,43,43,43,38,53,59,46,52,55,47,48,58,49,44,58,53,70,74,65,87,53,64,55,39,45,46,35,44,34,51,38,29,26,21,27,35,22,20,24,20,15,11,12,12,8,5,3,1,1,1,0,1,1,0,0,1,3189,3189,11,18,11,12,12,14,19,26,20,24,28,32,26,16,31,18,19,15,13,16,22,19,22,19,24,22,19,23,30,27,28,22,23,26,23,17,27,27,30,40,40,37,30,49,26,36,41,31,33,36,38,57,32,39,45,49,44,51,49,50,64,72,69,50,73,59,50,50,40,53,59,47,46,50,48,39,35,40,46,54,57,46,49,37,35,34,43,35,30,21,21,10,13,10,9,6,2,0,2,0,1
±¤ÁÖ±¤¿ª½Ã ºÏ±¸ (2917000000),211986,211986,1269,1210,1269,1454,1550,1776,1903,1872,1892,2041,2120,2010,2021,2090,2339,2092,2067,2151,2474,2346,2736,3221,3109,3056,3308,3353,3325,3375,3204,3228,3016,2716,2700,2603,2593,2543,2737,2770,3169,3509,3391,3281,3437,3021,2990,3153,3220,3516,3613,3623,3676,3694,3492,3897,3492,3530,3504,3254,3164,3313,3369,3626,3370,2848,2751,2459,2448,2276,1759,1829,1704,1641,1640,1554,1455,1442,980,1024,805,1353,945,710,659,609,521,378,317,266,213,150,131,62,85,28,35,27,15,6,5,7,6,215153,215153,1159,1204,1289,1354,1479,1689,1846,1769,1825,1904,1923,1967,1780,1858,1958,1876,1797,1939,2226,2206,2481,2807,2905,2975,3036,2929,3086,2907,2824,2868,2717,2518,2488,2396,2415,2399,2505,2448,2958,3210,3272,3205,3265,2990,3126,3033,3058,3526,3606,3584,3914,3796,3683,3942,3612,3578,3639,3408,3367,3541,3581,3934,3741,3198,3026,2559,2743,2512,2042,2196,1881,1866,2002,1795,1851,1662,1326,1398,1192,1637,1338,1142,1083,971,899,746,680,675,497,400,343,319,237,174,123,98,74,36,34,27,50
±¤ÁÖ±¤¿ª½Ã ºÏ±¸ ÁßÈï1µ¿(2917051000),2478,2478,14,14,12,8,11,8,11,11,7,3,8,9,7,10,6,12,8,9,8,13,18,22,27,32,36,30,41,49,52,70,58,55,52,40,60,49,50,44,43,48,47,41,49,32,31,40,34,43,34,44,35,41,34,41,36,35,37,31,31,36,46,40,39,37,36,30,33,35,32,28,35,25,21,24,19,27,18,13,12,20,19,9,6,11,10,10,4,5,4,4,5,0,2,0,0,0,0,0,0,1,1,2313,2313,18,16,10,15,11,8,16,9,4,13,6,8,8,9,9,3,5,9,7,10,15,28,37,40,43,40,73,70,60,68,68,64,52,46,42,36,38,31,36,40,35,26,21,21,19,15,18,29,27,28,28,29,21,21,34,23,33,29,28,33,35,34,42,24,36,26,39,27,23,21,27,28,23,26,28,20,22,22,17,24,23,15,16,12,10,7,8,10,10,6,4,5,1,1,0,1,0,0,0,0,1
±¤ÁÖ±¤¿ª½Ã ºÏ±¸ ÁßÈï2µ¿(2917052000),3843,3843,9,9,19,10,25,18,41,35,26,28,32,24,31,34,24,24,22,21,32,37,43,49,61,50,86,108,81,97,91,77,69,58,52,51,43,50,57,50,46,52,42,51,43,54,57,55,53,45,63,60,58,80,53,59,58,50,32,44,52,62,53,51,64,43,44,42,56,52,37,37,52,29,28,41,37,38,33,30,21,40,21,16,26,25,14,16,15,11,4,5,7,3,3,1,2,2,0,0,1,0,0,3726,3726,12,18,15,25,18,25,27,26,26,26,27,24,13,25,26,26,22,31,37,38,49,62,62,99,87,80,92,86,56,58,30,38,36,46,43,38,33,39,44,46,32,47,50,51,43,44,38,56,57,50,61,49,51,51,50,49,46,41,42,44,39,51,63,60,54,58,62,47,36,39,46,42,59,46,47,31,36,44,34,45,26,35,23,16,27,17,17,16,10,8,9,6,4,0,3,4,2,0,0,1,0
±¤ÁÖ±¤¿ª½Ã ºÏ±¸ ÁßÈï3µ¿(2917053000),2855,2855,16,20,19,19,24,18,13,13,20,20,23,26,11,13,20,20,23,16,28,17,31,44,29,44,54,50,64,64,72,59,71,50,51,50,41,38,38,44,51,48,67,52,54,45,47,43,43,47,43,38,43,45,42,48,48,33,45,35,26,27,34,47,39,40,36,32,26,21,21,21,32,24,25,16,22,23,10,13,11,24,20,10,16,15,11,4,1,3,2,5,3,1,2,1,1,0,0,0,0,0,0,2653,2653,21,13,22,23,17,22,17,21,22,23,23,24,12,17,17,13,14,18,20,19,30,43,48,41,58,50,66,56,43,46,49,33,41,30,30,46,32,35,39,34,40,43,33,35,46,32,35,37,29,37,39,35,29,37,32,37,29,14,25,38,35,34,29,36,37,37,29,32,27,32,32,38,34,25,31,39,19,26,19,18,22,19,18,13,12,5,10,10,5,5,4,2,4,2,2,0,0,0,0,0,1
±¤ÁÖ±¤¿ª½Ã ºÏ±¸ Áß¾Óµ¿(2917055500),1634,1634,7,5,4,3,7,7,6,6,3,5,4,3,6,1,6,5,5,3,4,11,4,21,14,20,15,31,30,26,21,29,31,27,16,32,26,25,16,18,25,24,20,25,25,23,20,29,18,22,24,31,22,24,37,40,27,36,31,27,22,35,36,41,31,24,28,28,28,43,22,15,17,21,26,22,11,26,13,11,9,16,12,7,13,6,6,5,11,3,1,2,3,0,4,2,0,0,1,0,0,0,0,1421,1421,2,1,3,6,6,2,2,1,5,2,4,5,3,5,3,4,4,5,5,15,12,14,19,27,32,31,36,21,33,28,27,18,17,19,13,9,13,13,14,22,14,11,22,10,16,14,14,11,17,18,16,7,19,24,14,17,24,33,24,20,29,32,29,34,31,23,28,22,17,19,12,22,34,24,14,27,9,13,10,18,14,6,10,13,19,12,9,6,6,4,4,3,5,4,1,3,2,2,3,0,2
±¤ÁÖ±¤¿ª½Ã ºÏ±¸ ÀÓµ¿(2917057000),4569,4569,51,32,35,46,31,47,36,35,32,25,29,36,29,27,33,29,30,27,33,37,47,58,51,51,63,65,81,78,65,60,83,68,77,78,68,63,72,70,76,68,91,76,82,82,64,62,58,74,56,70,66,74,81,67,74,66,59,73,57,59,78,72,51,71,54,52,49,55,52,64,34,53,37,47,47,42,32,26,38,44,31,30,26,21,13,9,10,4,5,2,0,1,2,1,1,1,1,0,0,0,0,4696,4696,39,34,35,31,32,39,36,31,33,20,27,35,25,29,29,30,23,30,29,32,41,47,61,50,58,73,73,80,87,72,65,68,73,80,67,80,64,60,78,68,73,72,65,54,55,54,41,61,73,53,77,67,68,80,68,66,69,64,55,76,85,92,88,74,64,65,64,76,56,73,48,63,69,41,55,51,33,42,33,40,39,31,23,19,12,18,19,11,9,8,6,12,4,9,1,3,4,0,0,0,1
±¤ÁÖ±¤¿ª½Ã ºÏ±¸ ½Å¾Èµ¿(2917058000),6519,6519,51,29,25,16,28,20,30,22,18,21,22,24,28,31,35,39,40,41,43,57,49,73,86,92,123,114,148,162,146,156,148,142,117,115,116,98,101,92,121,111,92,100,109,90,79,78,81,94,128,81,107,106,92,117,104,102,113,101,105,111,115,117,94,114,96,73,90,76,45,69,49,52,67,62,46,54,36,35,40,55,34,38,24,30,24,20,13,12,8,3,0,4,1,0,0,2,0,0,0,1,0,5842,5842,37,33,21,18,17,23,17,28,19,28,30,16,30,26,32,34,33,28,47,45,68,95,88,115,111,115,147,129,129,120,129,98,99,88,86,68,71,52,65,73,67,61,65,44,56,50,64,78,81,86,87,96,99,102,90,74,104,70,74,91,106,121,100,87,91,72,69,78,79,69,64,71,66,68,62,60,32,70,39,58,52,38,38,31,40,29,23,20,19,8,7,6,7,0,5,3,2,3,0,0,2
±¤ÁÖ±¤¿ª½Ã ºÏ±¸ ¿ëºÀµ¿(2917059000),19164,19164,86,95,113,101,129,156,141,145,154,162,154,170,170,167,193,171,194,185,240,235,285,339,364,373,435,432,422,419,361,382,302,276,279,237,243,207,228,202,285,294,259,262,276,239,225,267,277,291,323,313,327,337,307,321,318,303,332,290,287,318,310,311,276,259,252,169,199,189,139,160,136,117,132,124,125,120,81,79,71,116,79,68,41,44,39,24,33,13,18,7,12,7,5,4,3,1,0,1,2,0,0,19311,19311,96,103,121,116,99,132,151,151,157,155,157,144,157,162,157,160,168,151,217,249,272,351,369,379,377,383,358,331,283,267,302,204,200,191,209,197,206,189,253,255,270,260,240,233,250,265,246,314,299,337,364,366,361,377,327,374,363,309,335,346,321,339,336,263,267,203,232,205,159,164,153,145,149,163,142,117,113,112,104,125,83,79,72,76,65,57,47,40,43,35,19,14,22,11,5,4,4,2,1,2,3
±¤ÁÖ±¤¿ª½Ã ºÏ±¸ ¿î¾Ï1µ¿(2917060100),9329,9329,53,68,60,78,73,92,115,111,94,116,108,120,112,108,149,104,88,105,125,114,137,136,127,130,144,120,111,121,120,103,113,97,112,84,77,84,102,114,112,160,154,144,166,127,141,125,121,149,139,165,151,152,148,147,145,153,152,149,129,111,141,175,160,125,120,130,129,115,97,96,83,90,80,70,72,85,47,46,48,53,43,25,28,25,25,14,11,8,9,2,3,3,2,0,1,2,1,0,0,0,0,10003,10003,28,39,68,66,87,101,107,98,108,103,107,113,100,112,110,105,110,111,113,114,142,134,122,134,122,111,106,107,99,102,100,97,112,96,100,126,118,101,137,151,172,160,170,160,161,166,162,178,170,163,188,172,182,180,180,131,152,156,143,159,167,184,180,159,155,134,170,115,100,124,100,95,75,70,83,70,49,54,44,50,42,33,34,30,26,21,18,17,30,12,6,3,6,8,6,5,2,2,0,1,1
±¤ÁÖ±¤¿ª½Ã ºÏ±¸ ¿î¾Ï2µ¿(2917060200),6074,6074,12,15,16,18,13,28,33,27,23,46,26,39,38,35,39,33,46,34,67,60,78,82,96,85,100,103,92,97,90,86,83,79,73,76,82,60,67,71,71,81,79,83,97,62,78,75,104,83,95,93,100,111,105,109,112,89,101,121,111,107,127,128,140,105,97,80,83,89,77,64,82,70,82,60,57,66,52,40,39,70,48,32,32,22,33,23,18,10,6,9,8,1,6,0,1,1,1,0,0,0,0,5926,5926,16,15,17,28,27,26,19,33,36,38,37,38,41,39,39,35,36,39,65,59,64,74,83,68,109,69,85,80,74,75,71,51,62,68,53,50,40,53,52,54,64,70,77,75,73,65,76,81,109,72,80,93,90,95,103,85,94,125,112,108,116,127,140,123,114,108,110,105,82,90,93,64,88,71,67,69,54,62,59,63,47,50,52,30,28,18,26,22,18,14,12,7,8,7,1,3,3,1,3,4,2
±¤ÁÖ±¤¿ª½Ã ºÏ±¸ ¿î¾Ï3µ¿(2917060300),6055,6055,24,25,32,42,40,52,45,57,49,72,68,52,65,61,88,61,61,75,85,98,91,82,100,111,86,110,102,81,98,86,68,70,69,83,56,57,78,76,80,76,82,81,78,58,90,64,85,81,106,109,103,83,82,114,89,103,104,97,104,98,126,112,105,91,103,97,91,64,65,57,40,58,47,36,36,49,32,28,20,35,20,14,12,24,13,9,12,12,5,5,8,2,3,0,1,0,0,0,0,0,0,6593,6593,26,37,34,41,34,49,60,49,58,51,66,52,54,55,59,65,61,64,69,72,77,80,87,76,73,71,100,67,89,82,74,74,63,71,64,54,77,74,79,88,100,67,88,76,92,95,83,122,116,123,108,114,122,136,125,115,120,129,129,131,123,143,131,115,114,91,93,93,56,69,68,56,66,43,57,47,41,31,24,47,42,27,43,26,26,20,15,20,20,15,19,17,5,7,5,5,3,1,1,1,0
±¤ÁÖ±¤¿ª½Ã ºÏ±¸ µ¿¸²µ¿(2917061500),11431,11431,94,92,89,92,109,110,102,111,134,120,120,117,118,131,105,121,114,130,110,125,148,175,171,138,163,161,146,155,150,140,153,148,167,170,166,150,166,166,207,226,193,225,223,191,173,182,156,187,207,187,197,196,193,182,187,174,194,156,161,187,164,175,174,130,130,115,113,121,91,86,89,76,86,74,74,66,42,48,39,63,45,33,26,28,13,13,10,8,13,8,1,1,6,2,3,1,1,0,0,1,1,11800,11800,100,90,97,90,105,97,111,100,94,111,108,101,91,89,99,104,114,97,101,113,120,126,146,158,142,126,118,133,168,158,159,160,155,165,150,162,160,157,189,222,217,207,196,165,174,150,154,192,206,212,221,240,194,222,205,194,197,194,183,201,184,225,207,170,152,143,140,164,119,120,90,75,104,85,91,72,61,60,45,73,57,46,40,43,29,33,31,22,22,22,13,11,9,8,7,7,4,1,1,0,4
±¤ÁÖ±¤¿ª½Ã ºÏ±¸ ¿ì»êµ¿(2917062000),4969,4969,9,8,13,16,16,15,14,36,23,23,29,25,27,28,37,19,36,34,46,41,52,65,68,72,66,72,59,64,65,71,66,55,71,43,26,48,46,42,46,64,66,66,63,49,61,56,69,72,74,85,65,82,77,102,85,101,89,93,96,89,108,116,113,95,93,80,95,98,61,80,92,79,61,62,55,73,56,35,42,66,31,32,25,25,31,14,15,10,11,2,5,3,6,0,1,1,0,0,1,0,0,5270,5270,7,5,14,11,17,20,25,17,28,31,27,30,17,26,21,33,31,25,42,34,42,62,70,68,86,63,65,54,60,60,45,57,44,35,44,36,37,24,44,49,59,42,56,52,61,55,37,59,62,57,87,71,84,68,75,104,86,81,84,115,101,116,120,127,114,98,119,132,86,99,89,88,82,99,93,82,72,53,47,78,63,57,51,44,36,36,31,38,18,22,18,20,11,7,11,4,3,2,1,0,1
±¤ÁÖ±¤¿ª½Ã ºÏ±¸ Ç³Çâµ¿(2917063500),2848,2848,18,18,23,22,27,26,27,30,24,33,37,26,32,22,16,29,24,29,22,20,36,39,39,31,45,43,39,32,36,45,31,40,32,32,27,33,42,40,53,51,51,55,35,51,47,40,43,53,55,46,59,39,50,57,43,43,45,32,46,47,47,43,44,45,29,31,31,29,29,23,20,33,28,30,17,26,12,20,5,20,19,13,12,9,9,4,2,4,2,1,1,0,2,0,0,0,0,0,0,0,0,2851,2851,19,23,26,24,30,33,19,36,29,24,25,31,24,24,38,24,17,28,25,21,34,26,43,36,29,28,33,38,29,24,22,32,31,33,34,33,29,40,37,51,54,46,46,50,45,41,35,41,37,42,46,50,45,43,43,46,32,37,34,31,48,54,47,42,40,35,31,37,34,31,30,29,31,34,26,26,19,20,16,30,24,23,21,17,15,9,9,14,4,4,7,6,1,1,2,2,2,1,2,0,1
±¤ÁÖ±¤¿ª½Ã ºÏ±¸ ¹®È­µ¿(2917065000),10260,10260,85,96,88,88,87,75,80,77,74,74,81,81,68,86,94,83,95,86,115,89,108,150,137,136,114,126,154,146,131,154,114,132,159,154,155,156,170,145,174,171,154,182,172,134,128,140,159,136,149,165,164,153,137,202,141,151,177,173,140,188,176,214,182,142,142,142,144,130,87,106,79,92,88,97,85,100,48,66,36,65,70,45,33,41,24,12,14,18,17,12,4,5,4,3,2,0,1,0,0,0,1,10588,10588,87,70,96,78,80,91,89,65,65,85,89,55,68,65,78,58,74,85,82,80,110,99,116,123,113,108,123,113,145,152,137,150,147,147,139,137,139,141,148,166,132,148,134,113,157,136,123,138,148,160,164,175,150,183,182,168,207,170,179,201,188,233,215,181,155,158,149,133,113,137,114,112,130,95,105,100,87,70,58,101,82,66,58,50,51,54,39,52,31,25,19,17,14,11,5,4,5,0,3,3,4
±¤ÁÖ±¤¿ª½Ã ºÏ±¸ ¹®Èï1µ¿(2917065600),7725,7725,31,31,28,29,43,53,69,58,84,71,95,78,87,86,109,96,97,97,98,95,127,133,112,131,111,121,130,102,116,108,116,80,75,79,62,81,60,64,86,101,89,113,79,104,104,114,114,102,135,147,130,143,124,152,130,143,131,137,139,141,135,142,180,108,127,97,112,101,73,62,68,56,57,60,65,57,26,45,24,59,17,21,24,23,21,14,14,8,7,5,7,1,3,2,1,0,0,1,1,0,0,8179,8179,28,27,37,44,47,59,77,74,83,85,77,76,81,77,84,89,101,75,103,103,91,115,106,120,107,113,103,106,79,87,77,80,75,56,55,51,79,84,91,113,102,115,143,122,110,124,141,125,162,121,164,144,142,149,146,169,158,175,159,155,156,173,154,128,120,102,101,102,79,84,69,64,74,63,53,73,48,43,34,59,61,40,25,43,39,30,20,27,16,8,11,8,10,5,5,2,3,2,2,0,2
±¤ÁÖ±¤¿ª½Ã ºÏ±¸ ¹®Èï2µ¿(2917065700),7463,7463,38,34,39,49,44,50,60,59,45,71,83,57,71,73,80,74,71,59,80,86,84,131,115,120,152,130,130,145,140,125,110,111,99,91,97,92,90,93,104,116,134,94,118,93,100,132,91,137,122,124,124,112,122,128,123,111,125,95,110,115,105,123,117,115,93,75,79,97,67,68,53,43,74,46,67,48,25,40,25,46,53,27,39,22,21,24,15,6,9,10,8,3,2,2,3,3,0,0,0,1,1,8185,8185,21,31,39,36,48,47,55,51,58,64,74,70,64,59,64,66,52,73,93,80,86,112,115,124,130,158,137,114,115,110,122,76,81,69,86,76,91,82,91,121,121,107,137,96,97,105,109,147,131,110,135,143,130,163,127,143,121,133,143,149,143,181,158,160,129,103,104,97,82,80,68,77,86,72,72,85,61,65,66,70,67,63,43,42,41,23,35,22,22,13,15,13,10,11,8,4,2,1,0,1,2
±¤ÁÖ±¤¿ª½Ã ºÏ±¸ µÎ¾Ï1µ¿(2917066100),3856,3856,10,4,12,10,11,22,22,16,21,16,28,23,28,32,27,32,25,34,33,43,50,50,51,59,44,69,67,66,60,59,53,40,51,41,26,41,33,34,43,49,46,49,41,51,46,44,59,56,60,68,70,73,78,71,70,58,57,55,58,77,79,74,80,68,55,51,63,58,44,39,43,45,65,61,42,50,31,33,28,47,33,20,25,21,15,15,8,12,7,6,6,1,3,3,1,1,1,0,0,0,0,3903,3903,9,10,8,5,14,11,13,18,14,14,19,30,30,22,25,28,29,23,29,31,61,67,58,44,71,49,63,51,48,46,39,28,33,44,37,29,22,30,40,34,38,31,41,43,39,39,46,58,46,66,64,69,57,59,70,72,73,81,66,68,89,70,96,75,87,61,62,60,63,70,59,58,63,51,54,60,47,46,34,32,41,25,33,32,23,23,16,15,15,4,6,8,5,2,1,3,6,0,2,2,2
±¤ÁÖ±¤¿ª½Ã ºÏ±¸ µÎ¾Ï2µ¿(2917066200),7914,7914,38,22,26,33,33,43,47,42,48,77,49,54,64,59,91,64,58,68,86,64,109,122,93,94,120,131,122,123,129,110,109,81,81,84,90,89,73,103,116,102,126,106,122,115,89,98,97,114,119,127,119,143,115,158,139,173,152,134,149,151,141,147,162,133,127,112,116,106,87,99,94,107,76,76,75,69,66,70,42,64,52,44,32,25,21,24,14,13,9,6,4,5,0,0,0,1,1,1,0,0,0,8088,8088,24,31,22,31,27,35,50,46,55,65,57,80,45,67,59,54,54,45,81,75,92,101,102,118,110,123,91,120,106,89,98,86,74,70,74,73,70,68,92,88,97,96,99,100,99,94,107,108,121,106,131,119,118,157,151,182,151,144,165,143,167,210,184,161,146,121,147,137,110,114,95,96,117,89,103,59,61,77,61,73,54,54,39,44,31,30,31,25,22,18,18,15,13,14,5,3,2,2,2,0,2
±¤ÁÖ±¤¿ª½Ã ºÏ±¸ µÎ¾Ï3µ¿(2917066300),6381,6381,15,11,15,18,21,16,20,33,32,23,35,35,27,36,38,47,39,41,49,54,59,78,71,76,94,90,85,84,79,71,63,70,70,68,59,59,65,65,66,65,62,75,69,67,72,75,90,94,84,87,111,117,112,132,106,124,141,124,121,135,152,182,163,155,165,144,139,98,89,96,86,88,87,84,76,68,47,56,31,66,45,36,37,30,27,18,9,14,16,7,12,9,3,1,2,3,0,0,0,0,0,6932,6932,13,19,12,18,17,23,25,22,36,21,38,32,33,40,28,24,30,43,34,52,67,76,72,75,74,77,83,79,73,70,68,74,62,54,42,43,52,43,75,52,70,46,71,48,62,62,64,93,67,95,123,100,103,107,113,133,155,138,139,140,162,171,180,159,170,135,141,131,108,117,94,94,121,86,112,102,93,90,80,102,74,86,77,75,68,55,49,51,29,30,23,19,17,9,7,6,2,3,0,2,2
±¤ÁÖ±¤¿ª½Ã ºÏ±¸ »ï°¢µ¿(2917066600),7235,7235,32,32,35,49,57,61,53,52,59,64,78,74,70,92,108,80,98,103,99,101,108,119,130,129,140,121,128,103,126,114,99,87,78,85,91,71,86,64,90,109,106,106,94,92,98,107,126,119,127,140,148,145,127,154,119,171,152,106,122,123,109,118,112,88,81,92,56,57,51,42,45,49,40,40,45,31,20,23,17,33,27,14,16,17,13,10,6,9,6,1,3,2,2,1,1,0,1,0,0,0,0,6805,6805,31,36,41,36,49,39,43,47,36,57,58,70,59,59,84,53,75,85,78,88,89,102,99,95,93,105,89,80,87,96,86,78,73,60,65,67,70,87,94,101,105,105,100,116,125,113,123,129,130,149,147,148,144,145,138,143,142,120,78,121,98,122,107,83,79,66,71,64,60,45,47,46,47,44,50,48,31,29,31,40,22,26,27,24,17,17,12,27,12,10,6,10,8,5,3,3,2,2,2,1,0
±¤ÁÖ±¤¿ª½Ã ºÏ±¸ ÀÏ°îµ¿(2917066900),14605,14605,50,67,66,84,85,133,170,144,165,190,214,200,208,244,257,239,225,269,301,238,253,331,276,269,283,249,218,225,178,187,169,143,125,116,120,121,124,137,157,203,174,187,212,205,196,216,234,264,319,328,321,333,327,323,274,295,265,246,225,213,193,201,184,147,127,128,83,91,60,59,62,53,52,54,60,46,32,43,34,66,28,32,27,21,22,20,20,20,14,13,5,0,8,2,2,3,1,1,0,0,1,15222,15222,57,64,66,78,104,114,132,140,153,150,170,184,182,171,201,216,211,220,255,214,203,240,219,227,217,202,230,214,165,164,163,127,141,130,130,116,170,122,183,214,228,243,256,237,316,317,325,369,378,349,402,389,337,342,304,258,275,225,209,220,224,201,191,134,128,115,125,86,63,92,67,74,74,86,80,61,68,50,64,89,69,55,55,50,51,49,41,25,28,21,14,19,12,5,5,3,3,2,0,2,3
±¤ÁÖ±¤¿ª½Ã ºÏ±¸ ¸Å°îµ¿(2917067300),6772,6772,41,34,40,52,47,65,74,77,74,60,84,79,85,72,100,101,84,133,84,97,111,112,109,115,91,98,105,109,91,91,99,79,84,63,62,78,59,86,79,102,112,97,100,93,79,99,108,115,96,119,127,135,119,118,117,98,113,120,81,94,106,106,118,87,75,68,87,67,48,49,59,38,37,37,34,34,32,30,30,40,24,18,18,14,19,9,8,7,8,6,5,1,3,1,0,2,0,0,0,1,0,7080,7080,28,38,41,41,49,60,53,69,67,65,65,85,62,80,63,83,80,75,97,72,93,95,84,97,93,87,83,89,83,88,68,91,71,73,83,75,91,69,98,103,103,106,101,112,117,110,123,116,132,151,157,120,155,161,127,116,128,121,123,122,131,98,122,90,86,62,93,75,53,65,42,43,35,47,55,47,31,31,28,51,40,22,28,28,34,21,20,27,14,12,18,13,12,1,7,3,4,1,0,0,2
±¤ÁÖ±¤¿ª½Ã ºÏ±¸ ¿ÀÄ¡1µ¿(2917067600),5557,5557,21,14,17,31,27,20,20,36,43,46,50,40,48,41,60,48,53,58,63,48,63,81,96,85,77,99,88,103,101,101,83,89,63,53,63,54,69,62,57,79,87,60,90,71,75,76,79,91,88,114,104,87,103,132,114,121,103,104,111,99,102,96,113,74,79,78,65,76,55,61,47,44,58,46,42,34,26,29,17,36,24,20,17,13,10,8,5,5,1,6,3,1,4,0,0,2,0,0,0,1,0,5355,5355,22,17,16,25,27,36,28,31,38,51,43,39,41,34,50,46,45,51,53,44,65,66,83,80,85,80,78,87,84,74,64,58,51,55,46,51,54,47,57,69,72,66,72,72,66,58,72,75,90,84,113,90,92,116,112,101,122,93,97,120,91,110,118,88,94,64,66,62,60,61,41,51,55,49,40,49,34,34,29,40,42,31,22,24,31,22,19,14,9,7,12,6,9,4,3,2,2,0,2,1,3
±¤ÁÖ±¤¿ª½Ã ºÏ±¸ ¿ÀÄ¡2µ¿(2917067700),6093,6093,22,15,20,22,23,29,28,20,26,31,35,41,35,32,36,41,45,44,54,50,65,85,82,83,96,113,85,106,122,98,114,105,67,92,76,60,77,64,78,71,78,73,98,56,79,85,59,97,91,87,109,99,101,117,124,102,97,112,126,121,136,131,131,116,121,115,112,98,69,68,67,67,61,77,54,49,32,33,24,49,32,30,25,23,15,14,10,11,8,5,3,2,1,0,0,1,3,1,0,0,0,6355,6355,15,19,23,21,37,37,23,37,21,28,26,31,21,27,28,37,22,37,38,49,63,79,79,89,101,93,97,76,100,125,83,80,76,55,51,58,52,57,72,64,68,60,61,63,49,56,79,75,88,95,106,118,104,119,118,115,135,116,142,157,153,153,156,147,110,100,115,76,79,82,67,61,70,72,78,60,47,56,55,77,57,48,58,53,46,27,36,32,30,23,19,22,9,12,4,6,1,1,4,1,1
±¤ÁÖ±¤¿ª½Ã ºÏ±¸ ¼®°îµ¿(2917068500),1297,1297,3,5,4,4,4,3,3,1,4,5,4,9,10,7,7,9,6,3,5,13,8,12,20,16,18,13,16,8,11,13,14,10,16,10,13,14,14,11,13,10,11,8,13,8,10,12,14,13,19,15,14,22,22,24,23,24,29,36,38,29,39,50,23,36,24,35,26,28,25,21,20,15,22,18,17,14,12,13,14,14,14,7,9,5,12,6,7,6,3,2,2,0,1,1,2,0,0,1,0,0,0,1206,1206,4,5,1,2,3,4,4,1,7,5,5,7,6,5,8,4,4,6,5,3,5,10,7,8,10,9,7,18,10,10,9,10,8,10,11,7,11,7,10,3,9,11,9,5,10,11,4,9,8,9,18,18,18,20,18,16,34,19,29,28,31,27,40,22,34,19,26,24,23,24,18,24,21,23,22,15,16,22,12,27,21,20,25,11,13,15,10,14,4,7,4,4,4,4,2,3,2,0,0,0,1
±¤ÁÖ±¤¿ª½Ã ºÏ±¸ °Ç±¹µ¿(2917069500),11284,11284,115,127,110,128,126,132,146,157,159,139,140,139,126,129,165,127,133,113,126,116,137,157,152,126,136,138,140,139,152,142,139,131,132,130,163,162,186,176,203,239,219,194,215,204,174,189,217,215,204,202,223,183,211,200,183,177,159,155,138,163,149,173,123,111,105,100,91,91,64,81,72,72,49,56,53,42,27,32,28,35,30,31,20,19,17,12,13,7,9,4,2,1,3,0,1,0,1,0,0,1,1,10990,10990,99,106,102,106,107,133,168,123,132,162,134,129,141,120,128,108,95,115,124,126,124,99,136,115,113,111,135,112,118,150,124,153,139,146,147,174,171,185,193,214,217,212,215,179,185,197,187,199,206,194,192,202,188,190,153,149,142,139,147,129,143,149,132,108,105,81,94,75,77,89,65,73,58,61,58,52,33,53,40,55,55,54,52,39,45,33,28,32,17,22,15,16,14,9,8,2,2,1,3,1,2
±¤ÁÖ±¤¿ª½Ã ºÏ±¸ ¾ç»êµ¿(2917069600),19007,19007,176,147,173,167,205,207,218,196,214,248,203,208,200,199,207,206,190,184,246,227,236,290,278,249,265,265,267,289,271,295,277,210,258,271,276,267,316,351,361,398,372,328,345,307,306,336,323,380,322,327,330,353,303,354,295,312,285,256,250,246,231,287,237,185,204,186,175,132,122,119,106,103,95,91,87,77,62,62,39,84,61,24,37,36,27,23,10,22,9,8,10,4,4,1,5,0,1,0,0,0,0,18848,18848,154,154,159,165,179,193,218,189,198,198,202,198,186,212,209,182,161,197,214,229,221,236,242,227,258,228,252,262,258,257,258,241,251,235,258,285,253,278,299,303,340,339,337,323,287,264,300,327,350,364,338,316,352,349,305,292,272,298,278,241,262,315,244,230,196,192,168,165,130,129,111,127,111,106,112,99,76,89,80,113,83,67,75,63,46,40,43,52,21,25,22,25,8,13,10,10,6,4,2,2,5
±¤ÁÖ±¤¿ª½Ã ºÏ±¸ ½Å¿ëµ¿(2917069700),14769,14769,148,141,136,219,204,270,279,265,237,252,281,221,220,234,209,178,157,150,192,160,199,185,154,139,151,151,174,182,130,196,181,183,174,175,209,236,252,286,326,391,378,348,369,318,321,314,308,342,331,251,249,226,190,228,208,182,184,152,129,131,131,154,115,104,108,77,77,59,50,59,42,42,59,43,35,28,30,25,21,27,13,14,13,14,16,4,9,5,2,4,1,1,0,0,1,0,0,0,0,0,0,15012,15012,146,150,143,174,191,230,261,256,243,229,222,260,186,202,210,192,126,173,163,139,145,168,152,142,134,146,163,134,143,190,180,192,221,224,256,222,262,280,348,412,373,408,360,335,316,301,252,299,266,253,258,256,228,246,202,206,175,154,145,154,154,169,132,118,118,87,95,92,68,57,72,50,60,56,61,41,33,34,29,39,36,26,25,23,18,25,18,14,13,12,13,12,5,4,1,0,1,2,0,2,0
±¤ÁÖ±¤¿ª½Ã ±¤»ê±¸ (2920000000),203470,203470,1221,1222,1422,1632,1751,2092,2257,2287,2307,2718,2569,2716,2481,2538,2852,2542,2476,2597,2768,2682,2914,3329,3240,3057,3199,3141,3043,2979,2986,2982,2830,2514,2386,2262,2371,2462,2601,2678,3130,3637,3661,3599,3798,3329,3488,3668,3443,4099,4024,4135,4201,4058,3828,3793,3429,3372,3184,3015,2865,2875,2655,2806,2403,2087,1838,1579,1512,1384,1024,1077,952,875,929,849,851,817,595,542,477,684,541,391,324,316,274,200,187,174,88,88,48,47,43,29,15,13,5,5,3,4,4,200120,200120,1165,1245,1386,1480,1688,2039,2132,2178,2190,2462,2372,2551,2355,2595,2665,2391,2370,2404,2557,2531,2666,3118,2889,2748,2759,2675,2628,2565,2590,2580,2432,2331,2136,2230,2270,2442,2430,2588,3058,3570,3798,3658,3892,3508,3635,3673,3617,4002,4130,3936,3998,3843,3485,3855,3278,3110,3163,2633,2526,2349,2356,2591,2294,2000,1856,1585,1484,1454,1148,1251,1079,1057,1184,1019,1122,987,742,819,710,1021,925,750,720,659,628,535,510,446,311,291,232,217,163,123,86,57,44,24,36,21,33
±¤ÁÖ±¤¿ª½Ã ±¤»ê±¸ ¼ÛÁ¤1µ¿(2920051500),5543,5543,23,17,23,28,25,33,51,35,54,49,48,60,53,49,60,55,51,60,46,76,78,103,100,99,107,114,89,96,85,81,72,62,56,48,64,68,47,46,58,75,74,91,87,70,97,76,91,127,87,113,117,121,106,94,103,89,84,97,106,85,86,93,79,72,78,59,52,61,40,47,43,39,38,40,36,43,36,32,22,38,36,17,16,12,15,15,10,3,8,5,6,2,1,0,2,2,0,0,0,0,0,5368,5368,24,21,20,25,29,31,30,41,39,39,34,51,39,44,57,57,53,52,64,64,65,70,79,90,90,77,75,71,58,68,62,50,52,35,41,35,55,58,61,86,81,68,73,58,79,97,87,94,107,108,97,103,87,108,87,95,77,74,82,92,74,71,86,63,77,78,67,63,67,75,63,58,72,49,54,63,45,39,39,48,45,30,29,29,27,27,17,7,13,8,10,6,5,7,4,3,4,0,0,0,0
±¤ÁÖ±¤¿ª½Ã ±¤»ê±¸ ¼ÛÁ¤2µ¿(2920052500),3253,3253,14,18,20,14,18,15,14,18,15,12,15,17,13,15,14,19,17,29,21,23,36,40,43,53,48,62,61,57,63,60,53,68,45,44,46,50,40,46,40,56,59,42,45,36,45,38,45,35,50,61,59,57,56,66,52,53,58,58,55,52,51,58,27,44,37,38,48,41,35,37,28,32,53,28,41,42,27,19,27,32,26,15,17,16,9,14,10,11,2,3,2,3,2,1,1,0,0,1,0,1,0,3271,3271,27,17,25,11,18,15,13,18,3,13,8,16,17,11,16,9,21,16,22,30,28,38,51,34,47,50,54,57,50,54,51,50,38,36,31,44,28,29,35,37,32,28,38,32,35,26,44,35,45,57,47,64,39,57,51,59,65,54,55,48,54,58,51,76,49,41,46,58,39,40,54,46,51,44,50,44,39,38,32,40,32,36,28,28,28,18,10,13,6,11,8,7,5,5,2,1,0,1,0,1,2
±¤ÁÖ±¤¿ª½Ã ±¤»ê±¸ µµ»êµ¿(2920054000),7699,7699,55,51,49,74,85,69,77,75,74,79,90,91,64,59,86,73,74,85,101,105,121,127,111,124,112,109,106,116,117,99,101,96,104,86,110,94,94,79,119,157,142,141,128,109,135,122,102,152,166,175,135,157,140,127,129,136,118,101,89,117,118,91,96,87,66,77,69,58,62,50,46,44,50,49,49,54,39,31,35,42,39,21,22,21,18,10,10,5,7,5,0,4,1,2,0,2,0,0,0,0,0,7561,7561,51,59,55,55,63,80,60,66,72,77,74,62,67,76,70,81,74,79,84,62,74,104,100,87,95,95,97,90,97,100,105,78,94,98,96,113,96,106,105,111,131,130,129,115,109,116,120,124,144,143,146,135,122,129,117,122,116,102,126,109,81,113,106,81,81,79,82,89,60,74,50,76,68,63,58,59,49,59,33,61,57,36,36,36,34,28,20,24,13,15,8,15,2,5,6,1,5,1,1,2,1
±¤ÁÖ±¤¿ª½Ã ±¤»ê±¸ ½ÅÈïµ¿(2920055000),2310,2310,9,7,13,17,10,15,20,29,16,18,21,19,16,13,17,22,22,18,28,25,27,27,25,29,42,43,38,30,25,32,38,24,33,27,25,22,37,23,31,32,36,26,45,23,35,40,25,48,38,41,40,37,45,47,42,27,40,28,40,41,44,41,38,33,25,26,38,29,23,17,22,15,26,27,27,20,21,15,13,30,13,10,13,8,3,4,4,2,5,1,0,3,2,1,0,0,0,1,0,1,0,2257,2257,13,11,13,11,21,19,10,13,14,19,14,15,19,10,20,29,11,23,15,20,18,34,30,20,18,29,21,32,29,17,30,13,21,31,21,30,23,15,25,28,29,34,27,26,45,26,40,28,37,41,44,39,28,38,38,43,44,39,33,40,34,45,39,33,35,31,44,37,30,20,28,24,36,25,45,14,12,25,16,20,18,8,12,12,18,14,10,8,11,4,4,3,4,3,4,0,2,0,1,1,3
±¤ÁÖ±¤¿ª½Ã ±¤»ê±¸ ¾î·æµ¿(2920056500),16900,16900,116,150,144,191,184,251,227,208,214,258,210,223,195,212,185,172,181,159,202,145,196,232,235,226,227,221,214,196,239,224,224,228,227,210,216,276,250,288,330,397,384,353,394,299,309,332,316,325,299,348,317,298,284,266,214,224,206,208,203,203,211,226,195,160,179,131,141,139,103,107,95,67,72,71,67,68,52,43,32,59,48,34,15,27,27,22,7,11,9,6,2,1,3,1,2,1,0,1,0,0,0,16081,16081,118,137,137,147,189,218,223,206,181,237,196,202,177,212,193,181,168,149,173,164,179,193,187,170,181,159,164,157,183,202,198,210,214,224,244,248,247,270,309,356,357,302,311,257,253,299,258,276,282,265,267,258,248,266,232,226,237,206,212,184,206,239,215,167,169,181,143,128,106,102,97,73,107,74,81,82,67,71,53,74,72,66,59,49,49,42,51,20,31,25,16,18,16,6,6,3,3,3,8,1,3
±¤ÁÖ±¤¿ª½Ã ±¤»ê±¸ ¿ì»êµ¿(2920058000),14661,14661,150,121,134,133,104,107,109,128,107,113,121,101,92,95,104,99,100,123,122,127,156,176,198,199,220,235,249,258,230,262,275,253,234,224,216,244,250,241,272,284,261,257,262,191,203,199,192,210,221,229,252,266,256,257,267,293,224,271,246,252,247,279,261,228,204,183,166,153,87,131,98,91,84,87,82,70,55,51,37,55,55,32,21,24,27,20,17,18,4,7,2,3,5,0,0,0,0,0,2,0,0,14231,14231,112,113,112,128,108,104,118,118,82,126,95,106,120,97,104,87,103,88,129,109,163,185,185,180,189,190,215,206,233,235,224,226,196,241,226,187,185,180,204,220,214,205,190,202,170,164,185,217,243,226,254,278,238,280,257,228,290,222,225,219,248,273,208,210,207,155,130,149,120,109,92,110,113,75,103,84,72,82,83,96,98,81,89,64,63,60,65,60,32,40,33,21,18,22,14,3,4,3,3,3,0
±¤ÁÖ±¤¿ª½Ã ±¤»ê±¸ ¿ù°î1µ¿(2920060000),5485,5485,22,25,26,28,25,34,45,38,46,50,43,55,34,51,55,59,55,69,83,61,72,88,82,90,126,89,91,103,103,116,98,76,67,51,57,65,75,60,61,75,69,81,71,61,63,62,62,90,92,92,109,94,102,110,98,115,122,103,99,114,104,121,86,79,78,66,63,74,36,42,44,34,48,38,19,29,22,16,20,22,11,10,13,8,8,4,7,7,7,3,1,1,3,1,1,0,1,0,0,0,0,5332,5332,24,19,27,24,20,52,30,40,31,47,45,41,36,49,52,40,42,64,59,61,82,67,93,75,78,83,77,98,72,94,71,73,47,51,44,56,53,54,57,50,68,65,67,66,70,72,67,93,110,97,95,88,118,124,128,122,143,101,88,98,102,109,117,82,75,71,72,49,34,47,29,31,53,34,27,24,18,23,18,34,30,15,26,18,23,18,19,18,10,13,8,6,6,6,4,2,2,1,0,0,0
±¤ÁÖ±¤¿ª½Ã ±¤»ê±¸ ¿ù°î2µ¿(2920061000),7813,7813,36,23,29,38,37,55,65,64,55,84,70,95,85,92,100,87,104,100,117,118,102,137,147,113,105,124,122,124,128,122,106,82,69,84,89,76,75,74,107,105,117,92,116,109,112,132,105,175,141,200,178,166,151,185,134,169,145,124,141,149,138,143,118,110,84,82,65,76,59,52,49,44,43,40,51,38,21,27,24,36,20,20,20,19,4,8,11,11,3,2,4,2,1,0,1,0,0,0,0,0,1,7720,7720,15,46,38,31,50,47,39,59,63,59,69,79,81,102,103,89,88,93,111,101,107,155,116,130,113,110,111,111,108,91,73,87,83,52,76,60,65,97,90,108,105,102,126,125,124,153,124,163,167,158,160,178,146,183,148,139,152,131,112,129,143,112,121,96,113,92,74,52,73,52,53,44,50,39,55,51,25,29,31,40,37,29,27,35,17,28,10,17,7,5,7,8,9,1,1,1,1,0,3,0,1
±¤ÁÖ±¤¿ª½Ã ±¤»ê±¸ ºñ¾Æµ¿(2920062000),3987,3987,23,25,31,27,33,46,28,48,44,49,43,44,37,42,52,36,44,31,46,52,46,57,67,50,42,45,44,41,50,45,54,46,36,38,36,38,39,59,66,58,52,62,80,73,79,77,77,85,95,93,75,93,84,102,86,81,81,65,73,71,64,64,65,43,36,22,36,40,19,23,16,18,22,19,26,28,14,14,12,11,15,9,11,11,3,3,3,9,1,2,0,2,3,0,0,1,0,0,0,0,0,3549,3549,15,17,27,24,31,56,36,35,40,42,34,42,39,43,32,36,34,44,33,44,36,49,29,29,50,41,40,31,39,37,27,35,29,36,54,33,36,49,61,44,71,60,67,64,55,70,61,67,69,81,72,77,74,74,57,50,61,59,53,56,35,56,35,42,41,25,30,36,23,29,20,30,27,22,30,22,15,19,14,27,21,21,19,16,19,15,17,13,9,13,5,7,5,2,0,2,0,0,0,0,0
±¤ÁÖ±¤¿ª½Ã ±¤»ê±¸ Ã·´Ü1µ¿(2920062400),13656,13656,99,88,90,78,86,85,119,115,116,146,127,141,129,166,165,166,158,166,210,223,217,268,271,264,282,252,257,246,284,264,250,217,184,170,166,161,198,172,160,181,191,177,176,163,155,170,189,256,209,247,257,270,254,245,251,254,289,270,276,239,252,216,224,202,140,105,87,86,76,51,43,39,38,42,45,42,27,34,23,40,23,20,20,20,28,12,13,12,5,4,2,5,2,2,0,0,0,0,0,0,1,13810,13810,85,85,76,76,80,102,100,103,106,138,138,138,125,159,194,185,156,188,192,191,176,232,236,236,246,228,233,234,258,235,207,198,187,142,166,145,136,152,146,188,209,165,257,180,209,242,216,256,286,260,325,333,310,379,312,290,279,251,236,220,194,224,158,136,127,87,76,68,57,61,55,59,50,50,55,40,32,36,30,54,52,37,31,28,32,26,24,23,14,19,10,16,7,8,8,5,4,0,2,1,1
±¤ÁÖ±¤¿ª½Ã ±¤»ê±¸ Ã·´Ü2µ¿(2920062600),21877,21877,140,120,129,171,179,188,207,201,205,256,266,265,237,245,274,283,290,323,307,319,376,418,412,386,431,447,444,403,428,442,393,333,296,293,243,266,277,276,300,367,345,337,349,334,324,385,334,385,426,425,463,457,460,452,412,400,361,384,330,303,286,298,226,204,175,132,111,94,82,82,64,67,54,55,53,52,39,43,22,33,29,39,24,21,23,10,11,17,6,7,8,0,3,2,2,1,0,0,0,0,0,21444,21444,128,117,125,155,143,185,220,233,201,226,209,256,219,268,248,234,250,291,279,312,348,430,388,362,341,381,390,323,406,348,339,281,241,237,227,281,243,250,287,324,377,344,406,362,384,384,400,469,490,492,489,461,455,468,420,387,351,332,275,247,259,252,195,163,148,115,101,117,76,95,69,67,69,70,92,79,43,55,48,89,82,56,54,45,52,36,45,30,26,25,20,12,10,8,4,6,2,2,3,2,3
±¤ÁÖ±¤¿ª½Ã ±¤»ê±¸ ½Å°¡µ¿(2920063000),9292,9292,46,44,64,84,91,116,112,138,135,168,124,141,129,142,152,142,111,153,152,147,153,179,148,138,139,133,131,122,114,123,102,89,87,91,89,121,97,107,159,177,135,183,173,150,171,188,166,208,211,246,222,226,183,187,186,165,133,113,118,110,87,102,77,61,54,64,49,34,29,26,27,40,43,22,20,29,26,14,20,26,18,14,9,10,6,3,3,5,3,1,2,2,1,0,0,0,1,0,0,0,0,9028,9028,49,48,65,64,93,114,134,119,122,121,120,114,151,122,141,130,130,126,166,136,152,154,143,116,131,125,105,101,108,92,68,79,83,104,82,111,99,121,149,195,203,180,189,164,174,186,193,208,203,232,199,183,169,170,139,124,115,93,73,80,83,94,80,67,57,48,48,59,41,51,36,37,38,44,44,46,26,26,18,33,21,29,22,21,21,17,15,9,6,4,5,6,6,4,2,2,0,1,0,0,1
±¤ÁÖ±¤¿ª½Ã ±¤»ê±¸ ¿î³²µ¿(2920063500),15061,15061,86,80,88,118,131,146,160,165,178,194,194,180,208,170,200,173,178,212,211,226,234,260,275,244,236,226,220,219,213,193,218,158,166,148,174,168,191,181,219,249,273,240,285,225,254,291,254,292,339,264,303,303,299,327,283,259,284,269,221,251,213,211,187,154,131,102,101,90,51,79,53,48,76,59,53,43,49,37,43,49,49,33,18,19,27,15,12,12,7,10,5,6,5,5,1,1,0,0,0,1,0,15751,15751,87,79,111,123,125,137,145,149,167,157,160,168,150,183,184,185,170,169,211,186,213,256,237,236,224,240,252,202,202,224,176,194,154,157,183,174,169,189,206,276,280,304,285,274,279,265,269,298,319,322,339,335,312,340,307,315,279,231,235,184,180,191,186,151,150,128,125,113,77,99,92,91,87,104,96,92,73,69,73,86,82,68,48,51,34,40,39,41,32,15,15,8,10,9,2,3,2,1,3,0,3
±¤ÁÖ±¤¿ª½Ã ±¤»ê±¸ ¼ö¿Ïµ¿(2920063700),38051,38051,198,207,320,329,402,551,602,619,646,778,760,783,709,716,811,648,638,594,611,560,616,651,570,502,520,501,452,419,396,417,348,368,346,312,365,391,417,514,585,732,801,796,853,841,838,846,841,923,880,874,867,786,748,674,543,520,473,392,366,365,280,354,250,217,203,187,161,129,108,116,95,101,98,85,81,82,51,44,41,56,37,29,21,24,17,12,12,6,6,1,5,3,4,2,0,0,0,0,0,1,1,39172,39172,210,226,270,313,415,492,585,576,658,719,736,789,708,758,748,662,640,601,605,610,562,621,534,515,506,428,380,387,343,356,371,377,318,401,395,479,513,581,744,926,929,972,997,931,974,908,916,962,967,790,824,663,587,633,470,439,460,343,319,284,292,314,285,249,213,197,167,183,133,167,142,127,132,111,115,105,73,82,59,82,75,54,53,48,39,37,39,39,19,22,24,18,12,8,6,6,6,2,3,4,4
±¤ÁÖ±¤¿ª½Ã ±¤»ê±¸ ÇÏ³²µ¿(2920064000),13583,13583,101,106,132,130,160,166,200,179,179,204,199,205,201,176,209,174,150,167,164,156,177,182,182,196,204,187,182,210,203,199,194,155,175,158,207,168,193,215,228,283,301,291,298,266,281,282,260,291,275,244,262,239,203,201,201,190,191,173,176,169,147,167,157,137,117,94,110,77,55,56,55,42,46,40,33,36,20,17,16,28,15,10,14,13,9,5,4,2,1,4,0,2,2,0,2,0,0,0,0,0,0,12766,12766,95,129,122,135,135,162,180,202,165,197,183,214,160,167,178,149,159,144,133,158,160,175,162,150,163,161,142,172,150,173,159,154,165,143,153,193,187,173,279,271,317,286,294,270,260,235,214,244,225,239,225,229,218,219,195,181,183,155,159,145,129,171,146,122,97,75,79,77,60,59,42,34,41,48,44,41,35,22,27,26,24,37,27,17,29,13,15,18,11,10,6,11,6,4,3,7,1,4,1,1,1
±¤ÁÖ±¤¿ª½Ã ±¤»ê±¸ ÀÓ°îµ¿(2920065000),1104,1104,0,1,1,0,4,1,2,2,1,7,2,6,8,5,7,8,3,8,6,4,2,8,6,7,10,11,15,8,11,12,9,12,10,11,4,3,5,4,6,8,7,10,11,10,2,6,8,16,14,22,24,17,18,26,14,28,19,30,23,33,31,34,36,36,23,23,32,19,23,13,21,19,15,16,18,16,17,12,9,15,19,16,13,8,8,10,8,8,1,3,1,2,0,1,1,1,0,0,0,0,0,1023,1023,0,0,4,4,4,6,4,2,3,7,5,2,5,4,9,6,5,6,4,4,4,8,4,9,5,6,4,10,5,9,12,10,3,1,5,4,3,4,4,5,5,7,4,7,2,4,10,13,6,7,11,16,6,16,15,18,19,14,13,26,19,22,19,24,29,17,22,21,14,18,13,14,21,17,22,16,14,15,16,31,16,20,17,30,21,13,15,16,12,7,13,12,10,5,6,1,3,1,1,1,1
±¤ÁÖ±¤¿ª½Ã ±¤»ê±¸ µ¿°îµ¿(2920066000),950,950,1,1,1,1,2,4,4,1,4,4,3,6,3,4,3,3,3,3,8,5,5,4,11,2,9,8,8,13,12,6,14,11,4,16,8,6,5,8,9,9,11,12,12,8,10,14,10,7,13,13,12,13,18,14,19,13,12,20,27,26,27,32,31,20,25,19,17,16,12,14,17,16,14,21,29,11,16,11,15,15,10,9,7,6,2,3,5,6,2,3,1,0,1,0,0,0,1,0,0,0,0,903,903,1,1,2,2,2,4,1,0,5,1,2,3,2,1,5,2,2,2,5,2,9,10,5,4,9,8,6,3,7,12,8,3,4,3,3,6,7,4,5,6,5,7,1,4,6,5,6,9,6,10,13,11,9,9,13,14,15,17,14,10,12,21,24,25,25,19,18,16,17,26,15,16,24,18,17,16,11,18,22,23,27,17,23,12,11,17,15,15,7,6,4,7,2,1,2,0,2,0,0,1,0
±¤ÁÖ±¤¿ª½Ã ±¤»ê±¸ Æòµ¿(2920067000),2267,2267,6,5,8,3,6,6,6,4,7,8,6,7,5,8,10,8,7,4,13,10,6,14,20,26,25,24,36,38,36,27,34,22,21,27,27,18,21,27,30,39,32,37,34,38,32,29,25,36,34,45,45,44,46,34,45,35,36,45,41,61,48,46,45,39,47,47,44,49,35,43,39,33,26,32,42,31,16,19,17,28,19,17,12,14,7,8,9,4,5,6,0,1,1,5,1,1,1,1,0,0,0,1794,1794,4,3,4,7,8,10,6,7,8,5,4,7,3,8,7,5,6,6,5,9,11,18,18,12,17,14,23,20,14,14,24,17,17,13,19,21,15,9,17,18,11,12,7,16,20,10,15,15,19,21,17,20,21,21,27,21,28,25,17,31,35,37,42,48,39,41,41,37,26,29,33,28,25,36,29,30,31,23,22,37,42,35,21,26,31,23,27,19,11,13,7,8,9,6,6,3,1,2,4,0,4
±¤ÁÖ±¤¿ª½Ã ±¤»ê±¸ »ïµµµ¿(2920068000),1142,1142,0,1,0,1,1,2,3,4,2,4,5,6,14,5,4,7,3,8,9,4,5,9,14,13,3,13,12,10,11,11,15,7,14,6,9,6,9,5,8,12,17,12,11,10,7,7,14,9,14,9,23,20,16,24,23,25,29,25,17,34,32,36,37,25,21,21,30,20,21,23,16,23,31,16,21,27,6,13,7,12,10,7,17,8,11,3,8,5,2,4,2,2,0,3,0,1,0,0,0,0,0,1038,1038,0,0,0,4,1,3,3,5,4,6,5,5,3,4,17,1,4,5,6,2,7,3,3,6,1,9,5,3,8,7,8,5,2,8,3,6,6,2,3,7,9,6,5,5,12,7,7,13,7,14,5,10,8,11,10,13,20,17,20,14,20,22,25,25,20,15,18,17,20,23,20,14,18,13,16,24,15,17,21,30,26,26,38,28,22,21,17,10,12,11,14,8,9,2,1,3,1,1,0,1,1
±¤ÁÖ±¤¿ª½Ã ±¤»ê±¸ º»·®µ¿(2920069000),991,991,3,0,2,1,0,2,0,2,1,5,3,2,2,4,5,2,10,6,6,5,5,7,6,8,5,4,12,7,13,10,8,6,10,4,4,4,7,8,6,5,5,10,13,8,12,15,14,13,20,17,22,28,18,13,19,13,17,18,17,25,24,29,30,28,21,18,15,20,16,25,14,11,11,16,14,12,14,15,13,17,12,14,9,13,12,10,13,11,4,0,4,1,2,2,1,1,1,1,0,0,0,997,997,1,1,1,0,1,2,2,3,2,2,3,8,3,6,4,2,3,3,5,4,4,6,5,8,3,10,10,9,4,5,7,5,4,5,2,9,7,8,3,10,5,4,9,6,9,12,5,12,7,8,10,16,5,13,11,16,13,10,21,8,22,24,19,13,16,17,17,14,10,15,8,20,31,22,22,16,15,21,20,29,28,22,28,27,24,27,14,25,9,7,8,10,3,7,1,1,1,1,2,0,1
±¤ÁÖ±¤¿ª½Ã ±¤»ê±¸ ½ÅÃ¢µ¿(2920070000),17845,17845,93,132,118,166,168,200,206,214,208,232,219,269,247,269,339,306,277,279,305,291,284,342,317,288,306,293,260,263,225,237,224,201,202,214,216,217,274,245,336,336,349,349,355,305,324,357,313,416,400,377,419,366,341,342,308,283,262,221,201,175,165,165,138,108,94,83,77,79,52,43,67,52,41,46,44,44,27,35,29,40,37,15,12,14,10,9,10,9,0,11,1,2,1,1,0,1,0,0,1,0,1,17024,17024,106,116,152,141,152,200,193,183,224,224,238,233,231,271,283,221,251,255,256,262,268,310,284,279,252,231,224,248,216,207,212,186,184,212,199,207,257,237,268,304,360,377,410,344,366,392,380,406,391,365,359,346,285,317,244,208,216,157,158,125,134,143,137,127,88,73,84,71,65,60,68,58,71,61,67,39,32,50,35,61,40,27,33,39,34,15,26,21,20,18,7,10,9,4,4,4,0,0,1,2,3
