전라북도  (4500000000),"1,783,923","1,783,923","7,128","8,170","8,904","9,843","11,287","12,578","14,161","14,513","14,795","16,420","16,483","16,957","15,810","16,515","17,761","16,392","16,186","17,161","17,933","18,215","19,868","22,542","21,518","21,061","20,976","20,381","20,200","19,948","19,074","18,922","17,977","16,673","16,406","16,135","16,112","16,677","17,695","18,195","21,051","23,308","24,322","24,372","24,545","22,984","24,975","24,308","25,578","28,760","30,144","29,695","31,428","31,110","30,136","32,185","28,807","29,859","29,645","28,767","26,531","30,287","31,410","35,048","31,888","27,157","27,775","25,532","26,156","25,254","19,366","20,484","18,621","20,305","19,487","17,375","19,063","17,976","12,651","13,206","12,512","18,132","16,551","11,749","12,626","11,465","10,227","9,340","8,496","7,379","5,983","4,757","3,927","2,908","2,378","1,906","1,542",921,549,372,329,336,415
전라북도 전주시 (4511000000),"656,331","656,331","3,016","3,457","3,808","4,266","4,947","5,437","6,252","6,266","6,288","6,970","6,815","7,095","6,542","6,858","7,297","6,795","6,640","6,983","7,471","7,443","8,299","9,610","9,563","9,332","9,593","9,303","9,275","9,124","8,775","8,776","8,427","7,833","7,524","7,309","7,135","7,460","7,803","7,911","9,091","9,867","10,271","10,156","10,147","9,510","10,258","9,810","10,204","11,270","11,789","11,551","12,158","12,051","11,235","11,681","10,443","10,584","10,387","9,945","9,019","9,956","10,086","10,903","10,137","8,153","8,177","7,530","7,698","7,339","5,694","5,931","5,136","5,691","5,445","4,707","5,078","4,813","3,297","3,291","3,140","4,281","3,815","2,705","2,798","2,465","2,260","2,033","1,732","1,552","1,200",943,830,587,503,414,298,189,108,75,66,76,74
전라북도 전주시 완산구 (4511100000),"334,790","334,790","1,294","1,514","1,700","1,889","2,188","2,491","2,769","2,810","2,895","3,105","3,117","3,321","3,083","3,251","3,528","3,307","3,325","3,613","3,870","3,937","4,372","5,105","5,010","4,929","5,068","4,911","4,828","4,855","4,534","4,504","4,338","3,911","3,645","3,583","3,473","3,559","3,615","3,751","4,259","4,648","4,711","4,783","4,793","4,520","4,884","4,815","5,016","5,679","6,066","5,954","6,392","6,373","5,921","6,237","5,538","5,609","5,603","5,339","4,883","5,353","5,512","5,824","5,524","4,519","4,452","4,180","4,181","4,096","3,065","3,276","2,854","3,101","3,001","2,550","2,750","2,622","1,786","1,750","1,665","2,286","2,089","1,430","1,466","1,315","1,229","1,058",962,869,662,513,476,337,263,237,169,119,57,43,38,45,45
전라북도 전주시 완산구 중앙동(4511151000),"7,351","7,351",27,11,17,21,23,33,47,37,46,45,41,41,57,40,47,48,50,41,39,51,43,68,67,72,86,77,89,85,109,103,99,72,79,84,72,67,72,72,81,67,65,90,97,81,78,82,82,81,99,96,112,104,122,141,100,120,127,109,123,139,164,175,178,145,133,142,142,134,116,110,100,112,116,96,126,98,74,85,72,78,92,61,60,58,55,40,49,34,23,32,20,12,13,13,5,7,1,1,3,1,1
전라북도 전주시 완산구 풍남동(4511153000),"3,987","3,987",5,8,11,8,8,11,12,13,13,10,6,12,13,15,17,15,15,19,15,14,25,30,30,32,39,33,38,45,40,57,43,42,37,29,28,34,31,31,40,42,35,40,39,40,41,50,55,61,46,54,63,70,53,61,52,67,69,69,61,76,76,114,90,70,86,102,93,102,65,65,65,80,74,70,71,71,51,58,57,61,70,34,53,39,38,30,29,18,22,11,13,8,9,7,5,4,2,1,3,1,1
전라북도 전주시 완산구 노송동(4511160500),"11,790","11,790",36,43,48,43,67,52,63,50,69,69,78,71,53,67,74,69,58,81,97,103,96,110,150,123,144,147,136,137,128,135,131,138,111,110,101,116,127,123,120,144,143,162,160,134,164,150,147,167,184,180,179,206,175,194,172,205,173,186,181,175,244,227,259,200,191,201,202,222,170,188,169,179,173,154,145,192,130,97,102,171,136,84,105,101,95,80,55,58,41,32,36,23,14,16,14,10,6,1,2,5,5
전라북도 전주시 완산구 완산동(4511163500),"5,387","5,387",22,16,18,23,27,35,34,31,33,38,28,33,34,37,36,28,37,40,47,41,41,61,54,53,76,50,67,63,51,55,52,50,41,49,50,57,41,56,65,74,80,73,55,59,68,72,64,71,82,82,102,94,76,85,90,82,89,79,92,60,106,101,95,97,93,85,83,119,66,77,64,76,81,81,94,84,55,63,46,72,67,48,46,48,52,29,41,27,22,16,10,9,12,14,6,1,1,0,0,0,1
전라북도 전주시 완산구 동서학동(4511165000),"6,276","6,276",11,15,16,21,19,25,33,38,34,43,45,40,37,37,37,54,43,42,41,49,66,76,65,57,63,58,82,60,71,53,50,60,44,50,55,44,39,67,52,57,69,81,73,69,76,71,64,92,79,87,94,119,85,113,78,114,114,120,86,126,121,157,151,129,133,143,116,131,84,115,90,95,94,91,85,70,76,60,67,90,88,58,58,41,38,43,40,38,21,20,25,13,13,8,7,2,1,1,1,2,1
전라북도 전주시 완산구 서서학동(4511166000),"8,562","8,562",8,17,16,26,24,30,27,30,44,51,42,58,49,52,55,71,59,61,69,70,84,113,98,104,111,109,82,95,101,90,86,75,66,75,59,77,62,62,69,88,103,109,104,101,100,103,96,130,124,139,140,148,140,167,136,144,158,133,167,170,177,200,198,168,177,168,178,160,141,129,130,125,144,126,130,135,77,72,71,115,106,65,68,64,51,52,33,30,30,9,10,15,9,5,5,2,4,2,2,1,1
전라북도 전주시 완산구 중화산1동(4511167100),"14,274","14,274",47,54,58,78,88,90,104,114,102,110,110,132,107,119,119,115,135,123,158,144,159,201,200,219,252,245,244,234,214,194,220,155,172,141,123,142,134,157,170,178,209,177,188,183,164,177,145,207,232,216,221,238,244,251,232,247,255,270,198,242,273,303,294,205,221,206,218,199,161,161,137,167,144,135,129,130,86,84,89,102,102,72,81,71,61,56,42,40,39,24,27,10,13,8,7,9,4,3,2,1,1
전라북도 전주시 완산구 중화산2동(4511167200),"19,637","19,637",61,71,83,89,106,147,168,162,185,219,214,250,242,236,271,262,277,271,267,261,293,313,324,332,364,339,355,360,293,281,306,247,230,225,198,195,205,193,232,314,266,292,343,269,324,320,358,343,425,385,417,403,379,404,328,308,309,301,266,267,252,301,263,213,224,172,186,171,127,135,126,117,96,108,109,102,62,78,61,75,71,63,53,53,56,31,31,28,29,20,15,16,12,6,7,5,5,3,2,4,1
전라북도 전주시 완산구 서신동(4511168000),"40,762","40,762",215,210,245,258,304,345,363,386,412,380,411,492,440,472,515,421,485,482,526,500,580,675,647,621,611,635,606,600,604,595,563,491,477,508,476,443,470,496,580,616,631,650,625,599,633,602,645,793,752,792,877,863,823,788,669,687,640,602,563,649,594,579,551,445,426,383,382,351,288,293,243,290,276,209,221,234,132,156,182,236,198,136,129,126,103,107,107,93,72,41,39,32,22,10,14,5,5,4,4,4,1
전라북도 전주시 완산구 평화1동(4511169100),"12,814","12,814",39,51,51,53,44,52,53,52,48,72,71,63,69,71,95,68,88,85,80,107,105,122,140,119,131,158,136,128,161,160,120,138,123,107,113,118,129,118,142,134,151,154,141,156,138,177,158,199,200,202,205,211,226,220,212,208,215,237,207,266,282,313,296,231,242,209,229,236,189,191,185,176,221,169,198,166,135,116,113,147,175,95,102,105,74,74,56,75,35,42,35,28,21,21,13,5,4,1,3,6,3
전라북도 전주시 완산구 평화2동(4511169200),"45,700","45,700",176,231,294,281,344,408,468,446,493,508,533,504,488,490,547,505,492,525,557,578,595,654,605,583,582,578,559,525,526,502,429,479,435,433,460,463,460,541,577,636,707,662,682,635,745,680,767,821,876,831,838,886,769,832,756,748,742,735,666,769,806,802,767,660,649,590,582,580,447,458,400,410,379,318,335,329,197,214,185,317,238,180,186,146,164,123,125,110,77,69,55,43,24,33,25,16,6,5,1,4,8
전라북도 전주시 완산구 삼천1동(4511170100),"11,485","11,485",29,47,64,51,65,71,74,74,80,87,90,84,90,99,97,122,97,112,121,110,149,189,171,199,181,138,141,159,155,154,133,129,109,118,119,90,111,106,140,132,166,131,132,127,136,125,161,176,207,200,203,217,194,224,215,234,218,194,224,236,223,216,251,211,183,182,170,168,122,141,120,106,107,87,133,107,73,73,62,80,61,51,46,44,45,43,42,30,19,18,13,16,7,7,6,5,2,5,1,0,2
전라북도 전주시 완산구 삼천2동(4511170200),"13,419","13,419",32,45,37,68,56,65,74,84,81,106,92,113,107,91,112,116,104,128,155,153,176,202,192,182,212,190,200,229,157,200,153,161,146,134,114,124,110,115,124,135,144,169,130,141,171,155,160,203,197,224,220,258,238,255,276,269,256,280,232,264,262,304,322,251,245,230,224,212,140,175,153,153,150,139,133,128,76,70,80,111,92,52,47,47,54,47,44,41,31,18,17,12,12,12,6,8,2,0,2,0,0
전라북도 전주시 완산구 삼천3동(4511170300),"21,850","21,850",82,74,88,113,139,149,173,220,183,203,195,212,208,238,244,235,212,272,250,265,293,359,337,326,316,292,293,265,226,259,232,205,212,184,194,199,184,185,251,253,259,264,285,284,301,289,316,377,433,415,463,460,435,458,419,445,436,415,366,422,433,434,381,318,304,288,280,267,183,188,166,201,175,166,179,141,106,97,106,142,139,96,100,91,71,76,64,57,51,40,45,29,17,21,12,8,3,4,4,1,4
전라북도 전주시 완산구 효자1동(4511171100),"10,665","10,665",25,45,37,32,57,61,59,58,64,86,88,84,74,88,98,78,92,89,92,84,128,104,138,141,157,144,127,148,131,111,140,101,89,92,76,77,104,117,106,134,123,147,141,136,120,138,136,154,174,167,178,165,171,179,204,193,191,181,151,178,204,213,221,186,192,176,188,182,132,137,122,161,184,131,136,116,113,75,78,116,84,76,77,66,61,49,43,35,34,17,24,11,10,6,10,4,3,1,1,4,3
전라북도 전주시 완산구 효자2동(4511171200),"10,005","10,005",33,32,41,28,51,58,60,58,54,71,75,77,57,64,87,82,75,101,100,126,131,163,147,135,153,143,147,132,138,137,119,132,98,103,95,105,91,99,101,116,109,123,117,105,127,138,126,118,183,170,190,175,145,173,171,169,185,179,183,172,209,210,193,174,169,153,159,144,128,139,122,126,125,101,134,104,71,82,63,92,77,43,56,42,40,37,22,28,16,17,20,10,4,10,3,5,0,0,2,1,1
전라북도 전주시 완산구 효자3동(4511171300),"14,657","14,657",50,69,65,95,90,88,118,113,119,125,122,124,106,134,131,141,150,171,174,184,182,211,198,209,184,205,199,212,199,152,184,156,162,160,127,149,150,148,167,200,184,189,190,207,179,202,197,226,239,203,265,243,257,238,238,244,304,240,240,242,254,311,244,210,218,207,218,216,166,193,153,167,165,121,146,127,96,110,77,96,113,79,65,60,65,56,48,52,36,33,26,18,12,18,10,8,1,2,3,4,3
전라북도 전주시 완산구 효자4동(4511171400),"39,260","39,260",206,243,283,359,437,482,512,554,512,527,507,532,496,512,501,444,419,481,534,536,584,719,691,698,664,611,594,547,479,466,509,399,429,388,413,486,533,540,667,720,653,692,688,658,693,653,674,695,724,727,747,728,652,724,601,609,604,541,498,521,515,517,474,397,387,338,316,321,239,246,206,228,198,146,154,168,110,90,82,106,107,77,78,57,69,49,52,44,36,33,27,21,31,13,9,7,5,4,1,4,2
전라북도 전주시 완산구 효자5동(4511173000),"36,909","36,909",190,232,228,242,239,289,327,290,323,355,369,399,356,389,445,433,437,489,548,561,642,735,756,724,742,759,733,831,751,800,769,681,585,593,600,573,562,525,575,608,614,578,603,536,626,631,665,765,810,784,878,785,737,730,589,516,518,468,379,379,317,347,296,209,179,205,215,181,101,135,103,132,99,102,92,120,66,70,72,79,73,60,56,56,37,36,39,31,28,21,19,11,8,9,5,8,2,5,1,2,6
전라북도 전주시 덕진구 (4511300000),"321,541","321,541","1,722","1,943","2,108","2,377","2,759","2,946","3,483","3,456","3,393","3,865","3,698","3,774","3,459","3,607","3,769","3,488","3,315","3,370","3,601","3,506","3,927","4,505","4,553","4,403","4,525","4,392","4,447","4,269","4,241","4,272","4,089","3,922","3,879","3,726","3,662","3,901","4,188","4,160","4,832","5,219","5,560","5,373","5,354","4,990","5,374","4,995","5,188","5,591","5,723","5,597","5,766","5,678","5,314","5,444","4,905","4,975","4,784","4,606","4,136","4,603","4,574","5,079","4,613","3,634","3,725","3,350","3,517","3,243","2,629","2,655","2,282","2,590","2,444","2,157","2,328","2,191","1,511","1,541","1,475","1,995","1,726","1,275","1,332","1,150","1,031",975,770,683,538,430,354,250,240,177,129,70,51,32,28,31,29
전라북도 전주시 덕진구 진북동(4511352500),"13,995","13,995",26,36,40,50,64,63,58,65,75,102,82,98,87,95,100,93,106,118,123,105,145,141,169,170,158,190,182,168,158,161,143,141,133,117,101,119,127,111,139,144,172,162,144,150,176,156,157,174,214,224,215,202,247,227,210,241,247,228,219,203,248,313,278,243,244,228,243,225,172,213,157,201,223,193,189,200,179,157,161,220,188,132,147,138,94,101,102,91,59,48,37,20,18,16,21,5,4,3,6,4,3
전라북도 전주시 덕진구 인후1동(4511354000),"18,233","18,233",60,83,64,98,130,143,164,174,167,249,216,230,239,237,221,254,222,216,254,190,244,260,240,241,208,220,228,215,211,193,175,175,155,145,164,147,187,206,211,251,265,315,274,292,347,299,268,306,312,330,335,316,300,331,280,281,255,244,237,272,270,293,266,227,252,211,257,222,151,199,163,210,196,165,172,168,116,112,104,157,134,90,93,79,69,67,57,50,29,27,16,18,15,12,6,3,2,2,2,3,2
전라북도 전주시 덕진구 인후2동(4511355000),"11,112","11,112",49,45,40,53,45,45,55,58,62,58,56,59,38,80,59,57,70,66,103,86,101,133,163,164,164,164,169,153,164,176,141,158,125,121,129,129,104,113,129,112,142,135,137,121,150,109,146,140,161,167,151,184,196,193,179,174,156,168,175,188,194,216,210,181,177,181,190,202,151,181,162,142,159,135,146,144,112,93,112,160,122,82,76,76,79,60,45,29,35,21,19,11,5,9,6,8,5,1,3,3,1
전라북도 전주시 덕진구 인후3동(4511356000),"31,780","31,780",129,138,169,182,225,250,293,285,297,374,380,406,394,372,434,385,400,347,411,413,416,495,448,473,484,436,484,450,469,440,445,351,374,324,305,362,379,383,462,492,537,533,585,529,599,515,663,659,612,645,621,644,629,532,559,503,484,436,405,444,439,420,394,300,288,307,263,256,199,236,169,206,197,208,210,205,151,140,115,179,171,123,103,91,99,88,64,68,44,41,32,26,13,14,9,6,8,1,1,2,4
전라북도 전주시 덕진구 덕진동(4511357000),"20,860","20,860",135,142,166,175,188,180,226,256,225,258,217,207,153,158,151,172,144,140,196,171,240,311,332,352,385,376,393,359,406,401,395,342,366,343,304,324,308,346,388,394,366,341,331,286,329,292,308,306,280,264,325,336,249,332,268,260,284,234,238,258,264,326,272,228,211,192,200,201,174,168,141,162,139,141,143,152,100,109,85,140,115,97,86,80,55,59,49,28,26,16,20,16,14,13,9,6,5,2,1,2,1
전라북도 전주시 덕진구 금암1동(4511358000),"7,865","7,865",14,19,19,27,22,23,18,21,23,20,16,30,25,21,27,26,27,28,43,75,127,244,302,337,298,280,258,257,176,223,137,135,121,88,78,79,79,69,76,96,100,73,69,68,74,72,80,90,105,88,119,109,105,116,120,97,93,104,102,107,111,129,116,96,103,84,90,114,70,73,64,65,65,58,90,75,47,56,54,61,54,44,59,38,35,23,21,24,14,12,13,5,12,10,2,0,1,0,1,1,0
전라북도 전주시 덕진구 금암2동(4511359000),"9,800","9,800",23,27,31,26,44,41,49,44,52,51,51,52,51,66,63,57,64,66,63,93,91,127,149,153,181,179,172,157,157,137,126,120,108,103,92,88,105,75,89,103,108,131,107,102,121,118,118,135,125,124,148,153,146,166,151,165,145,151,137,182,166,214,189,157,155,169,157,161,129,144,141,156,158,121,161,119,86,94,113,117,114,71,85,51,54,54,45,40,30,25,22,7,7,6,11,3,1,4,0,1,3
전라북도 전주시 덕진구 팔복동(4511360000),"7,463","7,463",18,14,26,16,22,30,28,38,22,46,56,44,37,39,43,45,47,38,59,47,67,73,89,75,96,95,92,92,97,89,83,87,74,72,58,64,60,65,52,87,90,82,88,84,100,108,92,127,138,134,124,128,120,125,124,151,163,143,118,157,175,174,164,126,157,135,122,134,109,121,98,115,110,92,110,106,54,73,63,95,76,59,54,50,33,40,27,20,22,20,13,13,6,4,3,5,3,2,1,0,1
전라북도 전주시 덕진구 우아1동(4511361100),"12,598","12,598",91,83,97,81,105,84,128,89,116,97,87,116,102,83,106,113,106,104,107,103,118,156,162,162,188,179,169,172,183,199,207,186,177,165,185,195,156,172,204,202,224,200,165,177,191,178,158,190,187,203,206,221,206,219,204,194,208,189,190,208,197,225,220,171,183,144,175,165,142,141,115,148,88,109,109,89,58,52,59,80,61,47,76,41,47,38,31,28,34,9,16,17,14,7,3,3,3,0,0,0,0
전라북도 전주시 덕진구 우아2동(4511361200),"14,491","14,491",49,51,68,71,81,85,105,89,87,104,86,108,97,118,125,117,115,128,139,151,153,190,181,157,215,205,221,230,227,216,196,205,171,140,171,158,207,184,209,230,262,212,266,225,192,184,226,291,276,278,293,305,295,280,232,262,265,251,220,259,228,283,276,204,216,165,188,156,140,129,128,130,103,110,116,102,62,66,75,100,98,67,80,57,62,38,42,30,28,25,16,17,15,7,6,4,1,2,1,2,2
전라북도 전주시 덕진구 호성동(4511362000),"19,879","19,879",59,73,92,103,111,141,187,177,189,211,230,220,207,242,278,272,201,245,240,263,273,296,301,262,272,268,244,233,211,225,210,177,165,162,154,166,187,194,228,255,286,260,280,251,322,274,291,336,362,354,349,372,359,388,338,326,358,333,310,369,353,396,389,283,299,272,296,255,215,196,168,174,188,141,142,158,103,106,96,117,110,88,73,98,66,79,55,49,31,34,31,19,16,14,7,7,1,5,1,4,2
전라북도 전주시 덕진구 송천1동(4511364100),"63,952","63,952",466,574,603,661,790,868,"1,040","1,008",947,"1,084","1,011","1,023",932,995,945,881,806,848,830,805,866,911,852,804,815,725,772,691,730,778,768,782,779,804,864,965,992,"1,020","1,182","1,267","1,338","1,346","1,280","1,194","1,254","1,160","1,168","1,259","1,239","1,178","1,209","1,085","1,003","1,001",921,897,807,804,688,732,726,729,651,492,482,406,438,382,333,252,249,277,260,215,223,203,150,128,129,159,133,91,112,101,104,88,77,63,51,42,35,24,34,23,17,8,7,4,3,3,1
전라북도 전주시 덕진구 송천2동(4511364200),"26,107","26,107",105,143,119,169,193,187,232,244,234,253,293,308,279,287,333,278,313,306,330,314,378,413,415,388,380,401,391,388,350,308,303,270,266,254,261,255,298,254,323,349,343,318,346,358,382,423,405,445,485,462,485,521,481,493,428,488,455,452,384,445,406,502,432,343,352,285,299,293,213,212,181,224,209,183,195,169,107,139,125,170,114,107,117,77,78,88,61,47,53,37,34,22,28,17,8,6,4,0,4,0,2
전라북도 전주시 덕진구 조촌동(4511365000),"12,574","12,574",99,65,86,86,79,86,92,89,84,99,85,103,63,86,106,88,85,108,102,123,138,133,137,136,144,143,138,190,167,184,169,176,188,196,159,153,173,147,146,183,185,169,196,151,157,132,174,209,229,186,235,215,230,226,213,266,221,209,181,216,207,272,232,181,182,177,208,152,147,143,117,117,138,103,120,115,64,80,74,79,75,79,68,83,61,61,40,45,32,31,20,14,16,11,6,2,2,2,2,2,0
전라북도 전주시 덕진구 여의동(4511366500),"30,583","30,583",280,324,306,342,394,400,409,419,388,390,381,297,322,320,336,280,254,300,283,306,334,389,382,347,352,330,354,360,365,401,427,455,485,485,441,489,509,518,635,589,633,549,558,514,458,460,461,504,538,536,560,559,466,520,455,442,436,464,350,396,443,420,397,308,302,292,300,254,212,195,174,196,169,148,163,153,95,110,93,133,131,78,84,70,76,73,45,55,40,33,24,16,22,9,13,3,4,4,1,2,6
전라북도 전주시 덕진구 혁신동(4511367000),"20,249","20,249",119,126,182,237,266,320,399,400,425,469,451,473,433,408,442,370,355,312,318,261,236,233,231,182,185,201,180,154,170,141,164,162,192,207,196,208,317,303,359,465,509,547,528,488,522,515,473,420,460,424,391,328,282,295,223,228,207,196,182,167,147,167,127,94,122,102,91,71,72,52,55,67,42,35,39,33,27,26,17,28,30,20,19,20,19,18,9,16,10,9,6,5,5,5,2,1,0,0,1,2,1
전라북도 전주시효자출장소 (4511800000),0,0,0,0,0,0,0,0,0,0,0,0,0,0,0,0,0,0,0,0,0,0,0,0,0,0,0,0,0,0,0,0,0,0,0,0,0,0,0,0,0,0,0,0,0,0,0,0,0,0,0,0,0,0,0,0,0,0,0,0,0,0,0,0,0,0,0,0,0,0,0,0,0,0,0,0,0,0,0,0,0,0,0,0,0,0,0,0,0,0,0,0,0,0,0,0,0,0,0,0,0,0,0
전라북도 군산시 (4513000000),"264,949","264,949","1,091","1,308","1,367","1,536","1,824","2,042","2,337","2,460","2,484","2,674","2,686","2,682","2,547","2,579","2,766","2,523","2,363","2,574","2,693","2,690","2,893","3,170","3,045","2,949","2,898","2,911","2,704","2,782","2,743","2,653","2,679","2,348","2,465","2,442","2,502","2,646","2,829","3,052","3,512","4,074","4,285","4,138","4,118","3,839","4,070","3,968","4,145","4,683","4,718","4,681","4,980","4,938","4,603","4,802","4,154","4,290","4,146","4,145","3,934","4,379","4,413","5,054","4,566","4,051","4,136","3,847","3,738","3,722","2,804","2,942","2,793","2,881","2,654","2,349","2,707","2,604","1,672","1,825","1,642","2,214","1,964","1,357","1,384","1,326","1,107",996,886,760,656,565,461,337,291,210,166,116,69,36,46,21,42
전라북도 군산시 옥구읍(4513025000),"3,085","3,085",4,2,4,8,6,6,10,17,7,14,6,18,20,10,9,10,10,7,13,13,18,21,25,21,25,18,19,22,26,23,20,11,19,17,11,10,14,13,23,34,22,25,21,18,24,37,40,35,36,36,43,47,46,63,53,61,41,65,67,63,75,77,87,76,67,82,71,60,60,54,62,65,51,54,61,55,34,53,25,66,59,55,36,43,29,38,28,20,21,22,20,13,10,8,8,5,4,0,2,2,0
전라북도 군산시 옥산면(4513031000),"4,716","4,716",36,61,43,53,47,58,64,60,64,62,51,44,44,41,44,26,34,45,28,29,42,39,44,38,35,33,32,27,29,45,49,45,56,58,54,64,87,83,80,84,87,71,81,82,69,63,70,67,84,74,74,76,66,60,57,61,59,78,75,81,69,91,62,68,58,78,63,68,43,47,46,47,36,45,45,45,23,26,29,40,50,26,30,29,20,20,20,17,17,15,15,11,5,5,5,5,2,1,0,1,0
전라북도 군산시 회현면(4513032000),"3,359","3,359",9,5,9,11,9,18,20,31,27,32,34,33,43,42,36,40,24,29,32,26,22,29,26,17,17,19,19,22,16,29,21,10,12,11,18,22,13,28,29,38,31,39,39,53,46,48,54,47,50,43,56,55,51,55,45,45,64,62,46,66,74,79,61,52,58,53,71,64,46,53,44,62,55,41,47,34,34,29,39,60,54,33,36,38,24,31,26,26,33,24,15,12,8,9,5,2,1,2,0,1,0
전라북도 군산시 임피면(4513033000),"2,599","2,599",1,0,4,2,5,6,9,8,10,8,13,7,6,8,9,7,8,13,9,20,16,18,25,17,21,28,17,22,16,18,18,16,13,8,13,21,9,8,20,17,25,15,23,17,23,20,29,28,31,28,28,42,47,41,29,48,47,52,49,57,68,86,63,71,69,62,65,73,45,51,59,35,46,46,51,59,34,36,32,41,38,30,31,31,32,27,23,19,21,14,15,9,10,14,8,3,3,0,4,1,1
전라북도 군산시 서수면(4513034000),"2,496","2,496",4,2,5,5,4,13,2,13,7,14,5,9,8,12,15,9,10,13,14,10,11,11,16,15,20,13,9,12,23,13,13,17,13,16,17,5,14,17,14,13,19,23,15,23,21,19,27,22,34,30,27,28,29,30,41,38,42,57,53,59,65,80,78,57,51,62,63,64,54,44,53,46,44,37,45,38,28,43,27,46,45,30,32,36,36,36,29,18,23,20,17,17,11,9,4,9,2,1,0,0,3
전라북도 군산시 대야면(4513035000),"4,857","4,857",4,7,7,8,7,18,21,16,15,29,19,20,25,24,17,16,21,23,18,40,29,25,35,35,35,37,30,27,30,28,20,26,26,35,20,30,33,31,38,50,42,43,50,39,42,39,47,61,62,57,61,70,70,88,72,81,88,67,75,92,107,123,119,107,124,140,110,128,83,106,116,104,93,70,103,98,77,57,63,82,96,46,65,68,46,49,45,42,37,33,27,12,17,12,11,9,3,2,4,1,1
전라북도 군산시 개정면(4513036000),"2,927","2,927",1,4,5,7,6,9,6,11,10,12,5,12,13,10,14,17,14,11,20,15,21,24,18,20,32,28,22,33,17,26,21,18,13,15,11,17,11,15,22,26,24,16,23,23,28,25,34,36,30,32,39,50,40,55,48,50,55,76,58,54,86,80,79,70,91,56,54,67,63,72,63,54,61,48,61,50,37,40,30,41,39,22,41,25,32,32,22,19,14,20,22,8,6,5,4,1,0,0,0,1,3
전라북도 군산시 성산면(4513037000),"2,843","2,843",2,3,3,6,8,11,13,9,14,15,15,12,14,15,12,14,11,13,8,17,15,23,19,22,29,33,23,26,23,23,14,21,14,16,13,22,16,18,18,17,24,27,21,15,21,21,27,30,33,31,44,35,48,40,50,68,62,56,55,78,67,94,66,73,70,59,72,58,47,55,59,64,47,51,53,37,34,43,31,47,45,40,27,34,18,22,20,25,13,13,17,8,8,6,6,5,0,0,1,1,1
전라북도 군산시 나포면(4513038000),"2,158","2,158",1,2,4,4,1,1,4,9,5,6,8,6,7,7,6,11,10,11,13,15,10,16,15,14,11,16,11,10,8,7,14,19,15,11,8,8,6,9,16,14,13,15,11,16,18,23,22,19,32,29,28,30,30,44,25,38,27,36,51,47,47,71,63,45,49,49,55,48,47,41,50,49,43,38,59,34,21,27,28,50,48,24,39,36,23,20,33,16,16,14,19,8,10,0,4,2,3,1,3,0,2
전라북도 군산시 옥도면(4513039000),"3,257","3,257",5,4,10,7,8,7,6,10,11,15,9,11,15,17,17,14,14,16,18,17,26,25,30,22,38,30,34,29,18,26,21,26,16,22,25,20,14,31,22,34,33,28,49,42,45,37,45,49,58,58,62,56,77,74,58,83,80,71,67,75,80,95,100,79,79,78,70,67,40,55,55,61,43,46,45,42,23,31,39,35,42,19,22,19,19,17,8,10,13,12,5,8,3,0,1,4,1,0,1,1,2
전라북도 군산시 옥서면(4513040000),"2,933","2,933",7,6,8,8,14,11,14,5,8,15,15,19,14,15,9,8,14,10,17,16,23,25,26,28,33,36,22,22,38,28,21,14,13,22,12,18,18,15,19,34,25,27,30,24,44,24,34,38,43,43,43,54,30,51,40,40,52,53,50,38,53,62,68,63,56,61,54,69,55,74,44,52,57,46,56,78,36,54,41,59,39,40,36,36,42,25,23,13,8,8,12,4,5,10,6,2,1,0,1,0,1
전라북도 군산시 해신동(4513051500),"2,252","2,252",5,7,6,5,6,13,5,10,21,17,18,18,9,13,15,9,19,17,11,12,16,22,17,17,13,16,13,18,19,18,16,4,8,13,9,13,19,21,27,28,25,31,27,17,22,21,24,21,29,27,26,38,28,29,28,37,29,27,44,39,44,47,50,43,54,53,58,57,37,43,37,61,41,43,55,56,43,36,29,42,37,27,30,18,18,7,13,7,7,7,3,5,3,3,0,1,0,1,1,0,3
전라북도 군산시 월명동(4513053000),"5,178","5,178",7,9,6,11,21,23,17,22,22,20,33,20,43,35,41,41,27,39,57,34,53,42,55,48,33,41,32,37,39,41,36,36,28,27,31,33,40,45,42,61,67,63,60,46,45,62,71,90,68,85,79,92,68,103,69,74,78,88,100,86,108,126,122,119,120,112,110,108,91,91,87,91,99,81,84,89,63,61,70,78,78,55,46,45,49,43,22,25,18,19,10,10,6,4,5,4,3,1,1,1,1
전라북도 군산시 신풍동(4513055000),"6,951","6,951",9,12,10,25,23,30,44,50,59,54,55,48,40,48,52,52,51,51,80,75,70,87,74,81,80,79,75,80,79,49,52,37,35,35,42,55,46,47,81,93,86,76,79,78,83,74,81,99,87,116,131,125,112,116,113,103,99,95,108,109,116,141,140,135,150,133,146,148,103,116,108,106,113,115,142,101,72,91,79,80,81,62,54,63,45,37,32,27,23,21,17,9,11,4,4,3,3,1,1,2,1
전라북도 군산시 삼학동(4513056000),"5,412","5,412",5,8,9,13,8,9,18,17,21,17,35,25,22,30,25,29,30,31,31,50,52,48,62,57,51,49,69,53,52,55,48,32,42,32,29,24,35,37,35,52,41,42,47,49,52,47,52,64,68,67,90,78,82,97,81,117,76,71,93,108,110,123,135,113,128,108,129,102,98,104,86,106,109,110,115,120,68,88,66,90,81,54,64,59,52,39,35,41,23,21,18,6,14,10,9,2,3,2,1,0,1
전라북도 군산시 중앙동(4513060500),"4,339","4,339",34,29,22,23,35,26,21,22,20,24,14,19,13,19,26,19,11,17,14,21,28,27,27,28,36,45,29,45,56,54,50,66,74,51,56,57,58,49,63,66,81,68,71,56,44,59,54,53,58,72,59,60,69,59,54,82,58,69,56,81,78,89,93,75,95,72,77,83,60,64,65,78,71,60,71,74,53,41,48,52,50,37,37,20,17,22,22,14,15,8,9,6,11,3,6,2,3,1,0,0,0
전라북도 군산시 흥남동(4513064000),"12,606","12,606",96,89,93,97,108,106,104,110,99,105,91,110,79,126,117,104,100,118,108,117,129,126,134,104,136,129,110,142,137,154,159,143,157,144,129,160,151,148,188,214,176,181,188,178,177,184,190,218,220,199,199,226,194,227,193,188,193,206,186,193,212,232,230,199,192,191,176,176,134,158,136,147,136,114,153,150,91,120,94,113,96,82,69,59,54,38,35,30,23,20,20,15,7,2,5,2,2,4,1,1,0
전라북도 군산시 조촌동(4513065000),"24,544","24,544",212,243,264,284,319,315,344,349,285,321,285,240,268,232,244,239,193,203,239,217,221,281,240,253,236,260,249,274,315,288,316,319,362,354,385,429,436,459,514,539,529,485,474,382,377,377,374,390,384,387,390,427,352,379,312,330,303,308,274,300,290,362,319,275,296,285,258,259,200,215,202,205,170,173,183,173,97,113,87,139,96,66,67,63,64,60,46,42,49,30,18,21,13,18,10,6,3,6,2,1,2
전라북도 군산시 경암동(4513066000),"7,330","7,330",13,24,23,25,28,36,49,49,37,55,46,51,39,46,46,47,46,40,47,55,53,64,67,68,58,75,62,78,74,68,65,60,63,53,60,71,61,70,83,87,88,96,120,83,105,113,114,106,103,106,129,126,116,130,109,104,121,123,120,137,142,153,191,140,141,143,145,153,121,131,111,123,100,107,116,116,73,80,83,115,91,48,59,44,43,28,37,20,21,16,7,11,10,5,5,4,2,0,2,0,2
전라북도 군산시 구암동(4513067000),"8,232","8,232",43,37,47,41,45,49,57,62,59,50,64,67,65,68,71,49,72,79,74,67,73,94,99,107,105,102,97,146,157,111,153,107,94,111,84,80,89,86,99,127,132,114,105,97,106,95,117,109,117,113,122,161,156,165,135,134,152,133,138,171,164,205,144,147,140,142,121,132,92,90,116,79,98,56,55,66,47,67,48,57,60,27,28,28,20,26,23,23,14,14,13,7,5,7,5,1,2,2,1,0,1
전라북도 군산시 개정동(4513068000),"2,778","2,778",11,14,12,23,17,19,11,20,11,17,19,15,22,23,24,25,24,25,31,20,34,29,26,37,28,26,31,32,24,16,22,24,22,27,15,11,24,24,28,28,30,31,19,29,28,29,36,41,40,46,51,42,46,41,41,56,40,49,51,48,53,58,55,45,76,46,52,53,33,39,60,44,45,26,47,39,27,25,26,28,35,21,24,25,23,16,18,12,5,7,9,5,1,4,4,3,0,2,2,0,0
전라북도 군산시 수송동(4513069000),"54,512","54,512",275,361,394,473,558,639,790,783,867,860,875,856,760,771,813,737,669,742,745,697,736,744,736,697,658,638,585,542,560,564,555,493,574,562,612,615,709,764,895,"1,048","1,172","1,095","1,062",998,"1,114","1,027","1,029","1,121","1,114","1,122","1,181","1,057",985,959,814,736,699,698,608,662,608,715,595,555,524,445,425,402,314,316,270,317,285,222,267,264,155,165,146,221,169,128,101,126,93,81,72,65,61,49,27,27,34,15,15,10,9,0,6,2,6
전라북도 군산시 나운1동(4513070100),"12,327","12,327",32,51,33,55,52,55,77,100,61,87,91,91,93,103,130,105,98,118,115,136,132,149,151,155,157,133,140,141,148,137,126,106,103,110,103,109,114,119,126,145,191,180,159,144,154,181,157,205,211,188,227,239,211,227,196,236,213,233,223,292,256,287,263,235,264,233,210,207,144,170,144,134,144,119,144,144,80,75,75,103,97,50,59,61,34,44,40,26,25,22,23,14,15,15,8,2,6,0,1,0,0
전라북도 군산시 나운2동(4513070200),"23,036","23,036",59,77,71,85,135,155,193,196,216,247,247,258,271,252,287,277,245,284,296,325,316,384,302,318,273,286,268,238,229,196,211,174,171,157,167,170,187,186,224,288,307,307,320,311,302,318,372,441,454,466,492,466,482,426,396,375,433,405,337,401,375,448,383,354,371,336,328,342,271,259,228,235,195,189,196,194,139,129,122,167,137,103,125,107,97,91,79,75,59,41,33,29,21,16,5,10,5,5,3,0,2
전라북도 군산시 나운3동(4513070300),"31,649","31,649",122,143,145,143,204,232,281,265,318,357,368,393,381,392,426,405,413,372,429,398,483,535,475,477,444,413,365,338,324,311,330,275,268,278,278,283,296,360,378,471,499,532,509,544,551,519,545,703,711,653,719,682,643,621,558,563,537,458,467,495,492,523,484,381,386,359,323,329,234,234,236,238,218,182,205,233,132,132,119,172,146,114,99,107,89,73,65,55,52,45,33,26,24,11,9,1,2,1,2,2,3
전라북도 군산시 소룡동(4513071000),"17,199","17,199",67,70,97,81,103,115,92,141,130,139,167,197,145,131,184,142,134,164,156,180,167,187,195,160,179,186,199,232,170,193,186,151,152,172,194,173,206,213,267,282,323,322,336,295,336,310,306,363,336,351,353,353,329,380,311,299,300,298,288,327,341,357,299,283,250,227,240,231,146,137,150,147,130,137,145,133,77,77,82,81,77,54,49,50,42,36,38,30,20,22,18,21,11,8,7,14,4,2,5,2,4
전라북도 군산시 미성동(4513072000),"11,374","11,374",27,38,33,33,47,62,65,75,80,82,98,83,88,89,77,71,61,83,70,68,97,95,106,93,115,142,142,134,116,132,122,98,102,85,106,126,123,156,161,184,193,186,179,180,193,196,194,227,225,222,227,223,196,242,226,243,198,211,195,220,233,250,217,191,177,182,192,174,143,123,106,131,124,93,103,82,74,86,84,109,78,64,78,56,46,38,32,43,25,28,19,15,12,7,7,4,2,1,1,1,2
전라북도 익산시 (4514000000),"277,444","277,444","1,009","1,138","1,236","1,484","1,620","1,843","2,133","2,075","2,176","2,507","2,557","2,539","2,422","2,491","2,834","2,531","2,652","2,799","2,913","3,079","3,354","3,976","3,683","3,646","3,564","3,393","3,499","3,296","3,131","3,167","2,777","2,583","2,482","2,414","2,380","2,520","2,615","2,650","3,186","3,461","3,598","3,685","3,728","3,508","3,828","3,810","4,017","4,551","4,720","4,787","4,927","4,894","4,910","5,275","4,686","4,896","4,781","4,802","4,263","4,976","5,045","5,692","4,999","4,331","4,367","4,153","4,128","3,794","2,996","3,195","2,852","3,114","2,872","2,534","2,787","2,504","1,814","1,865","1,740","2,543","2,334","1,554","1,750","1,543","1,378","1,269","1,111",957,848,694,537,450,330,281,221,125,83,60,51,40,46
전라북도 익산시 함열읍(4514025000),"6,674","6,674",9,16,27,17,40,28,42,27,42,47,50,57,42,49,65,53,55,61,53,61,59,63,64,47,59,57,53,49,54,47,45,49,35,46,40,47,53,45,58,63,56,73,84,64,70,67,72,99,87,70,107,128,85,100,104,125,126,111,115,138,143,178,174,119,149,146,167,137,112,121,94,118,93,78,104,101,64,64,58,94,76,68,71,74,53,49,50,34,24,30,12,22,6,10,9,5,5,4,1,1,1
전라북도 익산시 오산면(4514031000),"7,659","7,659",24,21,30,35,32,48,69,66,64,68,66,67,67,48,65,55,59,60,46,64,60,72,69,49,77,49,81,64,51,55,66,53,64,60,53,76,58,63,98,87,110,102,82,80,80,92,97,117,120,115,127,110,121,129,109,138,134,143,122,152,180,202,176,150,154,162,131,137,124,122,102,122,88,76,101,95,59,70,60,100,72,69,50,73,50,52,48,39,36,30,20,23,13,14,6,5,3,1,3,2,0
전라북도 익산시 황등면(4514032000),"6,947","6,947",10,16,11,17,29,21,37,36,40,36,39,50,37,38,49,40,44,44,61,50,58,67,61,70,57,55,56,57,47,60,54,50,48,44,41,38,44,49,56,62,59,50,57,48,70,76,71,94,92,93,106,126,108,152,128,102,133,117,132,176,147,181,174,148,138,142,157,140,123,116,96,113,117,112,105,107,70,78,61,107,108,67,78,83,67,52,49,52,32,35,37,21,13,14,17,5,2,5,2,2,5
전라북도 익산시 함라면(4514033000),"2,266","2,266",3,4,4,6,7,9,6,6,7,3,10,2,9,8,18,12,14,14,11,12,22,18,11,17,20,19,19,22,15,13,7,12,14,9,11,13,9,11,12,12,20,15,17,21,14,25,20,22,25,33,27,25,32,37,39,38,46,62,43,56,63,69,55,47,53,63,36,42,35,32,31,53,52,41,36,43,28,27,22,49,52,30,44,27,22,22,18,20,12,14,15,14,8,4,6,4,1,2,3,1,2
전라북도 익산시 웅포면(4514034000),"1,527","1,527",2,2,0,0,2,1,2,2,2,3,9,3,6,9,4,3,2,7,8,8,9,11,9,12,6,6,15,4,7,9,7,6,4,5,6,4,2,7,10,10,8,5,8,12,6,16,16,16,18,23,14,23,21,24,29,16,30,33,23,27,34,46,35,41,49,34,40,47,26,39,32,36,30,28,35,31,28,13,20,30,23,21,27,19,28,21,18,20,22,17,10,5,7,5,6,3,3,0,2,3,1
전라북도 익산시 성당면(4514035000),"1,885","1,885",2,4,4,2,4,1,4,1,3,4,3,9,8,8,8,6,9,13,11,12,12,11,7,12,12,12,19,10,10,14,11,6,9,13,12,7,7,2,9,10,11,16,16,13,12,13,22,18,23,27,12,26,37,31,34,38,27,40,29,50,47,61,52,37,40,51,43,55,36,43,30,44,38,29,34,29,23,24,34,44,39,21,28,27,16,17,15,17,16,21,21,7,7,7,3,5,2,3,0,2,1
전라북도 익산시 용안면(4514036000),"2,627","2,627",3,2,5,5,4,4,9,11,10,11,14,12,5,13,14,17,10,21,14,11,18,23,20,12,19,18,17,12,16,17,12,11,12,15,11,9,25,13,14,16,11,20,13,23,18,21,15,30,27,28,35,34,38,28,29,39,35,40,45,36,55,52,57,63,59,68,72,73,67,47,62,45,71,54,49,40,52,42,39,66,69,29,32,40,44,34,25,29,27,31,20,10,5,10,9,3,2,3,1,0,1
전라북도 익산시 낭산면(4514037000),"3,013","3,013",4,10,8,9,16,10,10,10,11,17,13,9,4,12,15,14,20,13,20,17,12,18,20,20,25,17,24,12,26,25,14,19,19,18,22,15,18,23,19,19,20,25,31,23,19,24,28,33,47,41,41,47,53,50,38,58,56,50,56,67,86,69,85,49,73,79,72,57,56,53,48,57,48,55,49,41,36,62,34,71,66,40,38,47,36,34,31,18,23,18,16,9,7,5,5,3,2,0,0,1,0
전라북도 익산시 망성면(4514038000),"2,947","2,947",3,4,4,7,9,3,8,10,13,8,16,14,10,10,11,20,18,19,15,14,17,12,10,10,9,13,17,14,12,9,13,8,10,15,16,14,11,13,17,23,20,20,23,14,24,31,27,24,31,35,42,33,46,43,43,44,44,57,46,68,85,81,58,70,85,78,89,81,64,59,75,62,46,51,63,54,40,40,48,72,75,42,45,46,34,37,36,29,24,22,14,14,9,9,8,3,0,2,1,0,2
전라북도 익산시 여산면(4514039000),"3,257","3,257",16,15,14,16,15,19,16,18,16,13,22,19,11,11,15,14,16,18,13,13,19,24,17,29,21,26,23,41,43,43,44,34,19,23,21,22,22,20,21,22,31,37,34,21,30,32,23,29,28,41,39,38,50,59,57,43,52,64,55,68,75,84,70,55,76,66,60,75,64,58,49,58,62,39,55,38,40,38,39,73,62,34,50,32,36,31,27,26,33,19,18,12,8,9,4,2,3,1,0,1,0
전라북도 익산시 금마면(4514040000),"5,205","5,205",34,30,17,34,20,38,37,46,27,37,36,37,33,32,39,27,34,37,31,27,36,65,64,69,69,45,63,61,57,55,64,60,41,45,37,35,45,33,44,56,54,58,57,45,48,46,68,66,66,68,58,62,102,83,74,87,96,90,74,128,123,129,126,100,126,93,114,95,89,85,62,78,66,69,62,68,48,48,45,57,68,38,49,27,35,38,30,24,25,18,7,11,7,5,7,1,1,1,0,3,0
전라북도 익산시 왕궁면(4514041000),"4,265","4,265",12,6,5,10,7,8,7,11,9,13,14,14,14,13,20,12,15,28,15,29,27,22,24,31,22,30,21,28,24,27,20,13,21,15,20,21,18,19,20,26,24,28,38,42,31,32,33,37,55,58,61,53,55,76,64,75,61,84,83,80,96,129,126,99,116,105,89,117,85,73,87,94,91,81,89,83,74,53,65,78,88,61,78,47,48,53,46,47,40,34,27,25,18,12,14,5,3,2,1,2,3
전라북도 익산시 춘포면(4514042000),"4,314","4,314",10,11,12,16,8,16,16,17,17,24,18,24,26,21,24,19,23,31,18,26,36,52,33,36,35,39,38,40,30,38,27,35,30,21,29,27,27,30,33,41,47,36,38,31,51,46,35,53,61,49,92,64,74,63,89,74,86,81,79,90,101,114,113,93,113,85,97,79,66,63,89,74,63,66,58,57,32,42,39,65,62,54,47,51,47,48,40,24,25,33,20,15,15,14,6,5,1,0,3,1,1
전라북도 익산시 삼기면(4514043000),"2,580","2,580",4,4,5,4,4,6,5,9,9,6,10,8,9,9,9,7,5,10,12,14,18,24,19,25,19,22,28,20,13,28,21,20,19,24,13,11,8,11,12,14,19,19,21,16,28,17,29,19,31,28,37,47,50,51,53,51,59,72,47,75,65,76,57,54,60,71,64,35,34,53,44,51,39,43,42,41,22,29,27,47,50,21,40,26,17,26,37,23,21,15,13,12,11,9,7,6,1,1,2,0,1
전라북도 익산시 용동면(4514044000),"1,514","1,514",2,4,2,3,0,2,0,5,5,2,6,4,8,4,11,8,7,3,12,9,6,6,8,13,12,4,6,6,6,10,10,2,5,5,8,6,10,5,6,10,10,7,8,16,12,13,13,16,12,16,16,23,15,20,21,26,21,22,17,48,29,38,48,31,37,38,36,37,29,36,34,43,23,38,32,25,22,25,22,48,25,23,31,28,24,30,16,15,7,16,5,5,10,5,2,3,1,1,0,1,2
전라북도 익산시 중앙동(4514052000),"3,262","3,262",4,4,7,5,10,11,8,8,11,13,12,11,11,11,12,4,15,9,16,11,33,22,27,30,37,47,64,44,48,44,28,37,32,28,30,29,22,24,25,39,35,36,32,38,24,31,28,43,37,56,49,49,42,44,53,47,58,58,55,62,69,86,83,70,61,80,73,71,51,62,56,55,59,57,65,58,47,46,42,40,47,28,40,27,22,19,11,10,14,8,10,10,7,5,3,3,3,2,0,0,2
전라북도 익산시 평화동(4514053000),"4,675","4,675",18,28,16,25,28,34,30,33,23,33,40,32,20,30,29,31,30,34,30,54,38,46,46,47,50,40,44,41,47,54,38,28,35,40,36,52,42,42,65,59,57,65,62,66,58,61,72,70,81,79,84,95,86,92,82,83,84,104,105,84,109,113,110,84,82,91,101,91,60,63,47,71,72,51,52,44,33,40,26,34,45,30,31,25,17,12,24,17,14,6,4,4,2,8,2,0,0,2,0,0,0
전라북도 익산시 인화동(4514056000),"6,823","6,823",19,27,19,28,33,27,28,21,35,37,31,37,33,34,34,41,30,42,50,58,56,55,58,64,86,75,101,119,103,118,96,74,89,82,64,71,53,57,73,77,75,54,84,67,78,62,73,81,85,107,106,107,97,99,106,138,109,99,118,143,117,159,153,138,133,130,130,114,83,130,97,109,109,84,109,99,81,72,56,90,64,59,61,57,41,49,30,41,22,17,16,13,13,6,5,4,2,4,2,1,0
전라북도 익산시 동산동(4514057000),"22,162","22,162",93,118,113,111,124,155,171,183,193,208,240,199,220,203,226,204,206,193,222,241,237,261,231,242,234,223,232,232,218,234,231,192,206,190,202,240,206,206,292,290,295,321,331,329,338,328,327,369,363,343,381,381,409,398,388,405,395,403,353,430,430,481,470,384,368,349,355,327,238,264,224,285,225,218,212,188,130,140,157,165,148,111,129,116,109,89,65,57,68,37,28,28,20,10,11,4,3,2,2,2,4
전라북도 익산시 마동(4514058000),"9,533","9,533",29,34,34,48,44,45,43,46,54,61,58,64,61,59,78,71,59,83,85,101,104,123,137,155,134,140,164,149,127,128,104,90,83,80,101,92,78,80,95,105,116,109,100,108,117,112,133,144,161,167,173,170,177,211,196,198,187,190,160,187,206,225,189,182,179,157,183,153,103,115,107,115,102,86,85,103,54,58,66,83,89,49,56,49,38,32,24,18,24,14,12,10,4,6,5,4,3,0,2,1,0
전라북도 익산시 남중동(4514059500),"11,334","11,334",23,29,31,41,36,37,46,50,48,67,80,64,61,68,78,64,116,128,95,98,95,114,129,117,137,124,139,131,116,122,98,104,83,61,79,96,68,113,100,99,121,118,133,118,143,123,136,167,169,163,172,182,188,212,173,178,182,196,170,207,211,265,242,216,197,229,211,232,161,180,180,209,206,197,199,159,127,121,100,186,166,104,93,89,82,56,56,47,50,27,29,20,9,11,8,7,4,3,5,2,2
전라북도 익산시 모현동(4514061000),"38,891","38,891",177,205,235,296,349,382,474,396,428,496,480,489,425,423,455,435,425,426,438,427,443,518,483,455,478,433,488,453,441,401,363,373,346,365,379,423,448,452,529,611,653,626,646,593,568,616,596,703,700,671,694,639,629,701,624,618,638,602,558,625,660,726,594,546,506,512,485,457,334,383,368,318,350,273,298,297,190,191,191,247,233,150,188,141,128,136,93,108,76,66,43,43,29,30,20,8,9,7,4,5,5
전라북도 익산시 송학동(4514062000),"8,510","8,510",51,42,66,73,80,83,90,87,102,116,108,118,81,105,113,84,100,79,92,84,86,99,89,79,91,93,91,96,88,83,91,86,87,84,102,114,131,124,139,162,161,143,147,120,148,126,135,150,154,130,168,133,131,137,122,110,115,123,126,138,132,144,133,130,115,112,103,88,80,94,62,71,68,67,73,62,44,56,43,53,49,33,25,34,34,23,18,16,18,12,8,8,5,6,3,2,0,0,0,0,0
전라북도 익산시 영등1동(4514064600),"22,663","22,663",82,82,80,105,120,138,164,166,186,206,216,218,203,242,295,250,293,284,305,293,294,383,331,317,309,327,297,288,273,316,261,220,235,237,190,174,201,223,261,269,248,301,313,313,306,310,351,376,401,457,440,418,445,461,398,487,447,438,350,450,464,529,452,386,369,296,316,266,227,203,190,195,160,138,176,132,94,98,77,127,88,84,75,61,59,50,71,43,38,36,22,34,17,15,14,4,2,5,4,1,1
전라북도 익산시 영등2동(4514064700),"13,987","13,987",69,69,66,80,115,128,132,163,130,165,166,151,209,181,210,166,186,183,216,215,245,279,264,260,211,223,232,204,205,194,146,130,130,134,112,121,155,150,182,223,203,237,220,178,258,245,281,297,309,324,309,312,294,340,258,266,233,221,190,183,156,182,134,93,130,109,94,97,66,67,56,74,65,63,74,65,45,39,42,71,55,30,37,30,32,22,18,14,15,9,10,11,8,7,2,3,2,0,0,1,1
전라북도 익산시 어양동(4514065200),"24,654","24,654",107,125,137,167,166,230,233,249,274,287,279,295,290,309,354,308,297,328,377,368,355,441,375,327,352,357,324,334,320,311,281,272,236,256,257,243,303,295,337,356,406,428,423,432,424,453,447,506,570,544,571,573,529,526,449,456,425,406,344,341,345,363,280,271,232,221,210,165,146,140,125,123,119,105,117,93,72,72,75,90,84,60,58,52,39,45,44,32,31,24,13,8,10,9,5,5,2,1,0,1,2
전라북도 익산시 신동(4514065600),"15,265","15,265",39,43,46,54,60,56,61,49,49,77,84,80,79,88,84,86,89,96,138,243,412,541,529,569,460,395,340,309,268,228,190,196,171,120,118,122,125,115,131,145,154,134,134,129,161,143,170,191,180,233,189,209,218,265,207,212,214,226,198,224,243,249,234,218,212,197,204,174,151,173,156,162,176,135,161,148,113,132,113,145,129,75,105,74,89,73,71,47,35,39,39,23,27,15,15,11,11,3,6,2,4
전라북도 익산시 팔봉동(4514067000),"6,547","6,547",16,27,43,40,44,53,68,52,67,64,63,62,65,56,71,58,53,72,75,65,63,69,67,70,70,61,81,71,87,84,79,61,68,73,76,62,90,72,103,90,110,104,97,96,99,102,117,111,93,111,103,114,110,113,106,119,102,131,78,118,96,132,112,101,95,80,89,80,61,79,67,59,63,52,50,59,34,37,38,47,54,27,36,38,37,19,31,23,16,13,13,9,14,12,8,4,5,4,3,2,3
전라북도 익산시 삼성동(4514069000),"32,458","32,458",144,156,195,230,214,250,317,297,301,385,374,390,375,397,428,422,422,463,434,454,484,537,481,462,453,443,422,385,379,400,356,342,331,306,294,336,336,353,425,465,464,498,479,452,593,547,582,670,694,677,674,673,668,730,613,625,586,539,492,525,478,529,407,356,360,309,307,272,225,242,182,220,171,148,202,144,112,108,101,164,148,96,108,103,94,100,69,67,60,33,35,24,21,9,11,8,7,1,4,2,2
전라북도 익산시함열출장소 (4514500000),0,0,0,0,0,0,0,0,0,0,0,0,0,0,0,0,0,0,0,0,0,0,0,0,0,0,0,0,0,0,0,0,0,0,0,0,0,0,0,0,0,0,0,0,0,0,0,0,0,0,0,0,0,0,0,0,0,0,0,0,0,0,0,0,0,0,0,0,0,0,0,0,0,0,0,0,0,0,0,0,0,0,0,0,0,0,0,0,0,0,0,0,0,0,0,0,0,0,0,0,0,0,0
전라북도 정읍시 (4518000000),"106,403","106,403",348,359,443,517,549,560,701,736,711,835,837,899,814,876,975,888,888,929,"1,018","1,035","1,099","1,183","1,137","1,094","1,017","1,015",983,908,881,821,772,776,764,761,741,757,792,825,"1,034","1,106","1,184","1,193","1,247","1,251","1,330","1,314","1,437","1,665","1,714","1,701","1,806","1,779","1,779","1,936","1,787","1,839","1,903","1,795","1,684","1,829","2,041","2,275","2,018","1,822","1,966","1,601","1,756","1,748","1,282","1,365","1,275","1,414","1,482","1,355","1,392","1,414",960,"1,092","1,007","1,531","1,382","1,041","1,118",964,883,839,801,688,583,413,345,249,209,166,141,67,38,25,29,27,42
전라북도 정읍시 신태인읍(4518025000),"5,369","5,369",15,9,15,17,20,18,31,22,24,40,31,31,26,40,41,43,28,32,31,37,43,51,33,32,42,35,31,32,37,32,29,19,34,26,38,26,37,41,41,46,52,50,47,61,53,58,61,69,70,72,78,73,76,84,93,92,89,95,73,87,128,144,112,91,88,123,99,96,83,92,86,115,93,78,115,106,62,70,76,106,112,59,87,72,63,50,62,48,39,34,28,13,19,13,5,6,0,1,1,1,4
전라북도 정읍시 북면(4518031000),"4,166","4,166",13,9,16,12,15,16,19,22,18,19,28,22,23,18,26,24,28,24,36,28,47,27,37,42,39,36,37,38,24,29,32,26,31,24,28,31,25,22,30,44,40,32,24,39,37,35,46,62,46,61,60,79,84,63,73,89,116,75,90,89,95,117,91,85,84,78,95,77,61,57,45,58,68,56,64,59,56,51,41,61,55,44,53,42,48,41,39,40,23,16,14,15,11,8,6,2,2,0,1,1,1
전라북도 정읍시 입암면(4518032000),"2,773","2,773",0,4,4,1,5,5,7,12,4,9,14,21,6,13,16,9,3,16,14,12,21,19,19,14,22,15,21,15,11,13,13,18,12,13,10,9,13,17,12,12,19,20,13,10,23,16,30,28,32,36,33,40,48,43,46,62,70,47,47,70,83,80,81,66,62,50,63,53,46,46,42,38,58,41,50,44,39,56,45,54,54,56,59,49,40,36,33,36,27,19,13,6,13,9,8,4,1,2,0,3,1
전라북도 정읍시 소성면(4518033000),"2,064","2,064",1,9,4,4,6,5,7,5,7,7,6,12,8,6,10,7,8,5,7,10,9,6,14,13,5,12,13,7,14,6,7,7,13,9,14,13,13,13,15,14,9,10,19,16,20,13,20,20,19,17,31,24,40,30,31,32,32,39,37,42,59,60,55,37,42,37,41,43,39,29,32,44,35,44,44,38,20,38,44,45,61,32,34,44,30,36,34,27,27,15,18,5,6,8,4,1,2,0,0,1,1
전라북도 정읍시 고부면(4518034000),"2,771","2,771",3,8,5,8,9,10,4,5,9,6,10,10,10,12,13,6,11,13,13,14,15,9,15,12,11,15,13,22,18,18,15,19,19,20,18,19,21,16,14,22,22,23,23,15,28,22,24,30,25,37,34,24,31,48,30,57,55,32,46,63,62,65,88,73,54,46,70,66,46,55,50,45,50,60,42,57,54,49,34,62,63,43,47,43,37,40,40,26,22,35,24,11,11,10,4,2,1,0,1,2,2
전라북도 정읍시 영원면(4518035000),"1,746","1,746",1,4,3,7,1,4,2,8,11,5,7,5,2,4,11,7,3,9,6,9,9,19,12,10,10,6,15,10,7,7,6,8,11,8,5,10,5,7,6,10,12,9,13,18,16,13,11,16,23,20,17,16,35,15,22,27,31,20,24,39,30,54,40,51,31,34,39,47,39,27,33,34,39,36,35,41,19,31,27,49,53,29,25,25,24,29,23,31,20,17,12,7,10,3,8,0,2,1,0,2,2
전라북도 정읍시 덕천면(4518036000),"1,771","1,771",3,1,4,3,3,3,6,5,4,5,3,8,5,8,7,11,7,15,12,20,12,12,15,10,14,11,15,10,14,7,9,11,12,12,8,8,10,7,5,6,7,13,17,11,11,13,20,23,27,31,15,18,33,29,39,42,27,37,41,45,43,45,38,41,44,44,27,34,36,26,29,28,28,34,34,34,26,22,21,35,27,27,29,25,24,24,16,17,12,18,10,10,4,3,5,0,2,0,6,1,2
전라북도 정읍시 이평면(4518037000),"2,045","2,045",4,0,2,5,5,6,3,6,4,5,4,4,9,8,7,13,10,8,7,16,9,9,12,15,8,10,13,11,7,13,9,8,8,7,7,10,13,12,12,16,5,20,20,7,16,12,17,22,24,18,30,29,29,35,25,30,38,33,31,35,43,59,51,48,41,44,48,46,35,32,29,32,39,50,37,46,36,32,29,58,44,32,49,30,37,38,24,34,36,16,15,13,8,6,8,4,2,2,0,0,1
전라북도 정읍시 정우면(4518038000),"2,502","2,502",5,3,3,4,2,4,8,11,10,15,15,7,8,12,11,7,7,9,10,14,16,13,15,13,19,15,16,12,14,12,14,11,7,15,17,9,12,10,16,18,21,19,27,13,25,18,19,27,23,23,36,32,40,35,51,39,46,36,64,59,58,56,64,46,86,67,47,56,34,37,48,33,42,41,55,49,28,35,39,80,55,40,48,47,29,35,22,37,27,15,22,8,7,5,6,3,2,0,0,0,1
전라북도 정읍시 태인면(4518039000),"3,371","3,371",3,2,6,3,6,6,6,7,10,11,11,15,21,20,18,9,15,10,17,25,10,12,24,23,26,30,19,20,21,25,16,16,20,13,6,19,15,15,20,22,22,17,31,29,23,28,33,48,40,37,46,51,51,70,43,56,67,67,46,55,72,90,87,64,75,55,65,89,55,72,63,71,60,62,58,74,45,41,44,87,62,54,67,53,62,44,49,43,38,30,21,23,11,11,7,4,2,1,2,3,2
전라북도 정읍시 감곡면(4518040000),"2,784","2,784",6,7,4,8,3,6,5,4,6,9,5,4,6,3,5,5,7,9,11,9,11,18,15,11,11,15,15,15,8,9,17,15,25,22,14,17,16,12,21,15,14,16,13,25,20,26,21,27,28,19,29,38,30,39,35,36,45,54,55,52,56,75,64,60,81,64,69,84,49,70,53,52,86,66,66,63,27,46,49,55,66,38,59,49,47,39,39,34,32,26,20,10,14,11,9,2,3,1,0,0,4
전라북도 정읍시 옹동면(4518041000),"1,656","1,656",1,3,4,6,2,4,1,4,4,12,9,5,9,5,7,4,10,10,8,8,6,6,16,6,8,4,6,9,8,7,5,5,10,9,10,9,9,9,9,16,13,11,15,14,8,9,25,10,19,23,15,18,18,27,26,29,30,27,22,36,38,51,32,41,42,27,40,38,27,23,27,38,32,39,26,36,18,31,20,45,46,28,30,31,34,28,19,19,17,10,6,12,5,5,5,3,1,2,1,3,2
전라북도 정읍시 칠보면(4518042000),"2,256","2,256",2,6,6,3,7,9,8,9,13,11,14,19,7,15,12,11,16,15,9,20,15,31,12,22,5,8,19,8,12,12,4,9,14,4,12,2,12,12,14,9,23,16,11,21,23,17,22,26,25,29,34,36,35,44,44,31,36,45,40,50,53,41,42,62,51,48,45,53,26,32,37,31,36,40,41,42,37,39,32,50,50,43,40,32,42,28,27,26,17,14,16,8,8,3,4,2,0,1,1,0,0
전라북도 정읍시 산내면(4518043000),"1,204","1,204",3,2,1,4,2,0,5,1,3,7,5,6,5,3,5,2,6,3,6,5,10,4,8,7,6,9,5,6,3,4,10,4,8,6,5,3,3,1,5,7,8,4,6,5,6,11,10,11,8,9,13,22,22,21,23,25,29,28,17,26,31,27,46,35,33,30,26,34,15,19,24,16,26,17,20,28,18,28,14,37,28,30,21,14,18,15,17,9,11,6,2,3,4,2,3,2,0,3,0,0,0
전라북도 정읍시 산외면(4518044000),"2,075","2,075",3,1,5,6,5,3,4,10,4,7,5,6,11,8,10,8,7,8,10,11,12,13,11,9,9,13,11,8,11,6,13,10,11,6,11,10,10,6,7,13,13,9,10,14,11,15,19,24,27,33,36,34,35,38,32,45,46,43,35,27,38,58,55,48,51,42,44,50,33,54,26,50,44,33,34,34,35,32,31,63,53,36,33,30,32,34,29,24,18,12,8,9,7,6,4,1,2,1,2,0,1
전라북도 정읍시 수성동(4518051000),"17,034","17,034",81,99,98,125,130,123,148,144,148,177,178,196,151,166,204,162,167,190,233,207,235,237,255,216,223,204,217,198,195,182,170,176,168,172,156,178,144,176,212,234,248,258,256,268,278,291,295,382,353,353,369,357,324,367,262,311,279,277,256,260,269,290,244,238,273,157,189,173,126,120,121,142,128,116,148,114,97,98,77,124,103,79,77,61,56,48,65,46,37,23,16,13,10,13,8,7,1,0,1,0,7
전라북도 정읍시 장명동(4518052000),"2,929","2,929",6,9,10,8,15,15,19,17,16,25,20,31,25,25,21,31,25,22,36,24,30,42,33,29,24,36,27,24,18,28,24,30,16,25,16,12,17,23,30,42,30,39,47,40,37,54,46,59,56,49,45,45,49,60,67,46,58,54,59,47,56,53,48,45,40,48,48,45,30,36,26,33,32,26,33,40,25,29,30,48,38,24,31,19,23,18,17,17,13,13,11,6,4,4,2,3,0,0,1,1,0
전라북도 정읍시 내장상동(4518053500),"20,344","20,344",84,68,112,120,139,156,207,203,198,221,250,245,241,287,274,271,256,265,277,282,303,311,291,296,248,230,188,186,176,179,163,147,155,142,157,165,156,165,255,272,276,293,304,317,325,300,341,364,399,378,411,401,363,396,355,353,313,300,269,298,299,356,301,272,316,210,256,253,190,194,184,206,208,181,165,167,105,129,123,162,129,130,112,85,81,79,85,59,62,23,30,26,20,13,15,5,4,2,5,4,1
전라북도 정읍시 시기동(4518054500),"3,220","3,220",11,5,11,11,11,12,17,17,26,29,14,31,11,18,27,28,33,24,29,28,29,40,33,45,27,33,29,35,29,24,14,19,24,22,18,20,20,25,29,28,23,32,33,26,46,24,35,45,43,46,40,45,41,54,53,61,42,60,63,41,65,80,83,58,71,54,68,77,49,40,35,57,55,59,54,56,39,40,39,55,43,32,33,27,21,27,30,15,14,9,8,5,10,11,6,1,2,1,1,1,0
전라북도 정읍시 초산동(4518056500),"10,246","10,246",52,59,73,85,92,76,102,114,105,128,110,140,124,124,158,129,152,125,127,127,127,139,143,135,123,128,110,83,97,85,75,107,71,97,83,78,116,109,140,124,143,161,152,146,173,166,169,175,206,195,193,177,178,171,193,144,186,157,143,180,157,189,144,118,142,113,122,114,82,86,88,94,120,76,74,89,50,56,56,75,63,59,39,45,32,48,37,26,19,16,11,8,5,3,5,2,0,3,0,0,0
전라북도 정읍시 연지동(4518057000),"6,021","6,021",38,37,42,45,44,42,60,61,45,48,57,44,49,39,41,43,61,57,54,53,57,75,54,45,58,52,77,58,64,44,61,46,46,61,59,52,62,61,83,62,97,73,93,76,65,96,87,102,101,100,123,80,97,104,93,96,110,103,80,83,126,104,83,94,92,87,82,89,70,92,87,86,75,75,70,87,65,53,56,77,50,43,48,43,25,31,16,21,20,15,11,16,7,6,7,6,2,2,2,2,2
전라북도 정읍시 농소동(4518058000),"4,001","4,001",6,10,9,15,14,22,20,33,20,24,23,17,24,21,25,43,17,39,43,44,35,52,35,52,32,42,35,43,39,23,23,27,13,20,21,27,37,27,25,45,42,33,37,40,54,35,43,45,64,59,63,72,55,87,84,75,83,81,71,71,104,91,85,75,81,74,96,76,53,57,58,57,65,59,56,50,29,39,34,50,58,37,41,43,35,28,41,32,27,12,9,9,5,4,6,3,2,0,1,0,3
전라북도 정읍시 상교동(4518059500),"4,055","4,055",7,4,6,17,13,15,12,16,22,15,18,20,33,21,26,15,11,21,22,32,38,38,35,37,47,56,51,58,54,56,43,38,36,28,28,30,26,39,33,29,45,35,36,40,32,42,43,50,56,56,55,68,65,76,67,61,75,85,75,74,76,90,84,74,86,69,77,55,58,69,52,54,63,66,71,60,30,47,46,53,69,46,56,55,43,43,37,21,25,19,20,13,10,9,6,4,5,2,3,2,5
전라북도 남원시 (4519000000),"79,099","79,099",319,350,389,388,449,471,506,514,553,588,637,679,601,703,692,688,711,781,724,783,816,886,762,729,702,700,668,668,599,645,581,532,521,543,556,535,604,611,685,813,784,861,940,802,934,920,"1,033","1,146","1,355","1,260","1,393","1,294","1,347","1,465","1,333","1,409","1,416","1,223","1,178","1,499","1,542","1,688","1,632","1,304","1,334","1,300","1,344","1,294","1,039","1,123",977,"1,042","1,080","1,027","1,105","1,058",697,719,719,"1,171","1,045",754,785,769,725,631,614,549,372,300,289,168,133,138,111,86,40,30,22,36,33
전라북도 남원시 운봉읍(4519025000),"3,839","3,839",10,17,16,14,21,19,16,17,18,15,20,13,17,14,18,16,32,23,23,17,35,35,30,22,25,27,24,26,21,20,17,19,23,24,23,16,21,24,22,37,25,21,27,29,27,31,29,42,45,46,49,43,64,74,66,70,88,81,62,72,82,98,83,77,77,83,88,80,75,72,65,78,75,45,62,58,48,52,57,64,77,61,60,64,52,51,45,30,30,26,28,11,11,14,5,8,2,2,1,3,1
전라북도 남원시 주천면(4519031000),"2,610","2,610",6,8,7,16,13,10,9,11,5,9,12,11,14,9,17,16,14,19,14,27,27,25,21,27,28,20,17,27,20,19,13,13,10,13,13,15,24,18,13,22,11,13,19,11,20,20,24,34,43,40,44,52,42,48,59,47,59,44,53,52,57,72,58,64,60,31,63,53,53,52,47,40,42,38,45,40,23,21,28,58,46,24,29,32,19,18,24,27,15,10,10,6,10,8,5,2,4,1,2,2,4
전라북도 남원시 수지면(4519032000),"1,093","1,093",1,1,6,3,8,7,5,9,1,2,5,4,6,3,7,2,9,5,4,7,7,7,9,6,4,5,6,5,2,4,8,4,3,4,5,6,8,2,4,9,10,4,14,6,15,10,10,10,8,10,15,12,12,14,17,19,21,14,13,32,23,22,33,22,31,25,26,15,14,27,13,18,21,25,24,23,12,14,13,21,20,12,22,20,20,14,16,16,13,9,16,5,7,5,3,0,3,0,1,0,0
전라북도 남원시 송동면(4519033000),"1,996","1,996",7,2,5,9,2,6,3,6,11,8,10,8,13,8,11,8,5,14,9,16,16,22,10,11,10,14,17,11,14,6,7,12,8,6,11,7,15,14,9,18,14,9,9,15,9,11,18,15,21,24,30,31,37,40,38,40,30,38,36,36,44,60,56,51,34,34,51,45,29,35,40,26,28,41,40,33,16,19,33,54,34,32,37,37,28,22,23,27,20,18,12,8,4,3,10,3,1,3,2,1,2
전라북도 남원시 주생면(4519034000),"1,797","1,797",4,6,0,4,6,6,7,9,9,11,11,7,12,3,8,6,13,14,11,10,10,12,11,13,7,8,9,7,9,12,11,8,5,8,4,5,4,4,13,11,8,10,13,14,11,9,11,17,26,27,32,26,25,24,35,39,32,29,34,33,33,38,60,30,39,35,36,48,33,35,21,29,36,36,46,39,27,23,25,43,29,27,30,27,40,21,25,33,13,16,10,7,8,8,4,2,1,0,0,0,1
전라북도 남원시 금지면(4519035000),"2,291","2,291",0,4,5,6,7,4,6,6,8,9,8,16,11,12,5,13,12,11,13,12,13,25,10,8,11,13,11,16,7,6,10,8,9,11,10,9,11,7,9,17,13,13,13,19,24,18,26,25,37,30,36,26,32,34,31,39,41,28,34,50,41,61,49,44,53,56,48,53,59,44,40,50,48,49,47,42,31,41,33,60,50,30,35,31,46,41,35,31,22,10,14,9,3,8,8,4,2,0,2,3,0
전라북도 남원시 대강면(4519036000),"1,572","1,572",2,2,0,3,4,6,1,8,4,5,5,8,1,3,4,7,8,8,8,12,11,10,11,5,5,5,7,3,7,9,2,10,7,9,3,3,4,4,6,10,11,6,6,11,16,10,14,12,22,20,12,14,20,25,16,22,27,21,28,34,31,37,47,46,48,32,40,29,31,33,25,27,21,35,32,32,24,25,19,39,42,22,21,28,38,27,34,29,17,15,24,7,8,7,8,8,2,0,1,1,3
전라북도 남원시 대산면(4519037000),"1,638","1,638",3,2,6,12,7,5,8,5,6,3,8,6,3,8,7,10,12,13,11,7,11,9,9,5,7,10,10,10,4,11,6,7,7,12,7,8,17,5,7,12,8,16,14,9,12,15,17,19,21,15,19,13,24,17,25,29,28,27,33,38,55,48,51,27,34,39,35,43,31,26,27,28,35,29,26,20,13,25,18,47,29,21,28,22,27,22,26,24,15,9,9,4,10,5,5,5,1,1,1,2,0
전라북도 남원시 사매면(4519038000),"1,482","1,482",1,4,6,6,6,3,3,4,5,5,7,2,7,9,5,5,7,5,5,6,7,12,8,9,15,8,12,8,10,6,6,5,5,8,6,3,11,7,10,8,6,6,8,9,7,10,8,11,22,20,15,16,24,15,28,27,28,23,24,39,44,33,28,30,27,37,27,31,22,22,27,32,31,16,32,28,24,24,23,45,40,33,35,21,29,16,30,22,16,12,11,3,4,6,2,2,0,0,2,4,0
전라북도 남원시 덕과면(4519039000),923,923,4,1,5,3,2,3,3,3,3,4,3,6,3,1,2,1,0,3,3,7,6,6,6,3,3,5,7,1,7,5,3,3,6,8,5,4,3,5,7,6,5,8,4,6,6,1,6,13,10,7,11,7,16,13,19,20,21,17,12,14,12,22,30,19,26,24,21,27,20,20,20,14,17,25,19,17,15,13,11,31,18,12,18,16,16,17,12,10,7,4,4,4,2,0,0,2,1,1,0,1,0
전라북도 남원시 보절면(4519040000),"1,436","1,436",1,2,5,3,8,4,6,4,7,7,2,10,1,6,6,4,9,6,12,4,5,10,12,6,10,7,8,10,3,5,4,4,2,4,4,5,9,5,6,7,6,3,12,6,11,13,7,16,21,20,21,23,25,21,18,25,23,23,18,25,29,33,37,25,24,26,23,34,23,23,30,26,28,24,37,33,14,19,35,45,34,31,40,32,31,20,26,28,11,11,10,6,1,5,3,2,2,0,1,1,3
전라북도 남원시 산동면(4519041000),"1,797","1,797",0,9,3,3,4,6,4,8,3,9,11,10,8,7,13,6,8,7,5,10,11,17,14,19,12,9,11,6,7,5,7,9,5,10,8,7,6,5,7,8,14,12,11,15,15,16,15,15,25,24,19,15,31,26,32,35,42,39,26,52,40,38,42,30,41,33,37,38,26,42,22,38,23,27,48,33,24,25,21,62,40,23,32,37,41,22,24,27,19,11,9,7,4,8,3,3,0,1,0,0,0
전라북도 남원시 이백면(4519042000),"2,256","2,256",4,8,9,8,10,5,10,9,4,13,16,12,17,14,16,13,15,12,22,18,11,26,18,15,16,12,16,10,14,16,18,15,12,14,10,8,7,15,13,15,14,13,20,14,12,16,20,27,32,30,37,31,39,43,32,45,40,31,43,62,60,58,60,41,45,44,47,40,31,46,26,28,37,26,34,52,29,22,30,37,39,27,28,39,24,35,33,22,19,18,15,6,7,7,8,6,2,3,0,3,5
전라북도 남원시 아영면(4519045000),"1,872","1,872",4,5,8,9,8,9,11,10,10,12,6,15,11,18,6,14,15,5,9,10,8,20,7,12,9,11,9,7,2,6,9,8,13,7,7,4,10,7,20,15,14,12,16,15,23,13,13,19,22,23,17,29,36,35,24,36,33,27,24,39,42,35,45,45,36,45,37,36,36,37,34,31,38,43,33,38,35,26,29,43,38,24,33,33,22,21,16,20,11,16,10,5,8,3,3,2,2,1,0,1,3
전라북도 남원시 산내면(4519046000),"2,100","2,100",3,3,5,6,7,7,14,7,14,17,14,22,21,19,19,11,14,18,20,15,18,12,17,15,13,10,8,7,17,11,10,6,8,10,9,6,6,13,7,13,17,14,22,12,22,18,23,24,37,33,55,44,51,60,45,66,45,41,61,53,45,60,48,38,39,34,31,38,22,23,22,39,26,29,34,32,22,24,18,33,34,29,22,31,23,21,22,9,7,8,8,5,3,1,2,1,1,0,0,1,0
전라북도 남원시 인월면(4519047000),"2,704","2,704",7,6,6,14,5,7,11,17,15,12,21,17,20,17,20,22,25,17,13,18,24,17,17,20,12,19,9,10,16,15,9,14,15,8,14,15,13,8,15,11,22,21,34,21,26,34,33,31,41,37,35,55,36,63,49,50,54,54,35,59,75,82,73,60,52,52,73,64,50,53,46,47,44,51,49,45,33,37,31,35,37,44,28,29,22,24,17,22,17,6,11,10,3,3,7,5,4,0,0,1,1
전라북도 남원시 동충동(4519051000),"3,310","3,310",8,12,17,8,16,13,18,13,29,20,23,29,19,41,29,30,24,43,37,42,44,35,44,39,37,34,37,25,22,28,18,24,24,24,21,18,28,27,36,38,18,41,33,25,45,35,43,42,72,50,59,52,58,64,60,61,59,61,47,69,54,61,60,58,66,59,54,49,38,58,28,48,44,40,52,49,37,32,28,51,43,34,35,21,24,21,18,18,20,12,7,5,4,4,3,3,1,2,0,1,0
전라북도 남원시 죽항동(4519052000),"3,299","3,299",11,17,11,23,17,21,11,10,23,22,28,18,25,18,21,23,26,21,25,28,27,32,35,31,25,42,38,42,28,33,36,38,19,24,25,28,25,32,26,25,29,34,32,41,24,30,51,55,56,69,59,59,49,59,57,56,57,49,41,47,50,69,80,53,52,55,64,63,42,44,46,53,52,56,58,60,32,36,31,48,50,34,20,30,26,27,17,16,13,15,14,4,4,6,2,5,1,5,1,0,1
전라북도 남원시 노암동(4519054000),"6,087","6,087",51,56,62,53,64,48,52,65,46,58,60,58,49,68,54,56,62,75,63,78,70,83,68,61,57,49,48,67,59,61,65,59,64,66,72,59,55,57,73,91,92,90,95,69,75,91,100,104,87,113,110,108,105,121,98,88,91,94,71,113,113,133,96,99,72,75,74,58,54,67,60,52,72,68,58,53,40,48,44,54,59,33,42,30,21,27,34,22,9,9,8,9,4,5,3,3,0,1,0,1,0
전라북도 남원시 금동(4519055000),"6,553","6,553",28,30,36,26,45,44,65,69,80,70,76,81,73,66,72,73,77,66,86,82,75,77,67,63,56,58,58,55,49,48,54,39,47,40,66,57,56,62,72,79,80,104,120,92,93,109,110,94,104,126,126,121,105,104,101,94,88,87,98,108,123,123,123,84,94,116,94,99,78,63,77,62,98,87,81,63,45,50,47,71,63,46,47,35,36,34,28,20,16,12,11,10,7,6,5,1,4,1,1,3,2
전라북도 남원시 왕정동(4519056000),"4,159","4,159",22,21,14,16,23,25,20,16,21,23,22,32,31,30,38,39,26,33,21,45,41,56,31,31,48,35,52,53,49,56,41,40,35,39,34,35,34,31,38,48,48,46,55,44,55,33,51,49,61,52,80,80,52,72,67,62,83,77,54,70,89,91,76,64,87,68,82,63,56,73,62,60,63,59,68,57,40,28,36,63,51,36,28,40,33,35,24,19,14,8,14,7,7,6,4,3,2,1,1,2,3
전라북도 남원시 향교동(4519057000),"6,951","6,951",28,21,25,28,26,39,49,50,45,54,49,60,41,62,58,64,42,66,68,59,79,68,67,75,59,91,57,72,77,77,67,57,56,36,43,53,55,58,70,77,64,90,77,73,87,92,99,115,116,110,120,114,146,146,129,134,146,103,108,140,133,152,126,117,120,109,114,129,95,92,92,86,88,84,83,98,51,45,51,86,84,52,61,61,55,49,41,37,25,22,18,13,6,8,9,10,1,3,4,3,1
전라북도 남원시 도통동(4519059000),"17,334","17,334",114,113,132,115,140,174,174,158,186,200,220,234,198,267,256,249,256,297,242,253,260,270,240,233,233,208,197,190,155,186,160,130,138,158,156,164,182,201,202,236,255,275,286,246,299,285,305,357,426,334,392,323,318,347,287,305,280,215,223,262,267,262,271,180,177,188,179,159,121,136,107,130,113,94,97,113,62,70,58,81,88,67,54,53,52,46,44,40,23,23,16,17,8,12,9,6,3,4,2,2,3
전라북도 김제시 (4521000000),"80,869","80,869",254,262,261,305,356,400,452,482,483,554,604,554,575,575,625,604,567,628,622,694,633,803,697,694,697,670,696,728,627,622,557,502,571,570,563,551,638,619,702,834,883,890,798,795,909,899,961,"1,082","1,175","1,162","1,157","1,236","1,257","1,375","1,298","1,303","1,361","1,428","1,286","1,499","1,663","1,922","1,692","1,513","1,556","1,522","1,534","1,452","1,144","1,172","1,192","1,390","1,243","1,000","1,248","1,174",843,884,860,"1,229","1,301",813,940,876,817,698,688,620,539,428,307,264,234,160,121,80,39,35,21,31,39
전라북도 김제시 만경읍(4521025000),"2,601","2,601",2,5,5,4,6,6,7,8,11,10,4,9,14,11,12,12,7,14,21,10,9,19,20,15,18,14,18,20,13,11,11,10,13,16,8,9,15,17,16,21,20,24,19,18,19,23,29,36,26,34,38,35,21,40,43,49,43,48,43,56,63,73,76,72,73,82,58,54,38,56,64,48,44,40,44,36,29,33,31,49,58,33,51,46,29,22,29,29,19,26,14,12,6,8,5,6,4,3,0,2,1
전라북도 김제시 죽산면(4521032000),"2,391","2,391",4,2,7,2,5,7,5,9,6,8,7,7,11,5,9,11,5,10,16,14,14,12,6,11,15,3,12,10,6,14,10,11,11,11,10,9,15,13,16,13,14,19,14,18,13,29,15,19,31,29,21,22,21,34,34,34,42,45,38,45,46,75,73,57,56,64,63,57,42,51,49,61,48,45,54,52,41,36,37,53,55,38,36,35,33,29,42,35,33,28,13,17,8,6,6,5,0,1,2,0,0
전라북도 김제시 백산면(4521033000),"2,440","2,440",3,6,3,5,10,6,4,9,8,5,15,5,17,6,12,15,8,9,14,13,10,16,4,14,16,15,15,17,15,19,13,21,11,10,12,13,13,13,16,25,25,18,22,12,23,31,18,24,22,22,39,34,42,36,42,41,46,44,42,49,66,63,49,40,60,55,57,55,49,58,48,57,53,38,57,65,38,21,28,50,54,35,31,28,33,28,25,33,18,11,7,12,9,5,2,4,1,2,0,0,2
전라북도 김제시 용지면(4521034000),"3,461","3,461",10,5,5,5,3,10,7,13,9,12,14,13,13,15,12,9,25,15,16,22,25,23,24,25,21,31,26,23,28,18,23,20,29,13,25,17,17,15,15,27,25,23,29,17,30,23,36,33,51,39,44,50,49,41,38,41,62,62,59,81,92,95,86,85,76,75,74,81,55,71,69,78,63,58,72,75,42,51,44,75,65,43,56,45,47,40,36,37,36,26,26,21,18,12,8,6,3,3,0,3,2
전라북도 김제시 백구면(4521035000),"3,672","3,672",10,11,5,6,12,10,9,13,14,12,27,9,18,20,17,16,26,14,15,28,26,25,16,28,20,24,20,22,21,37,23,17,25,16,26,23,20,16,31,28,45,34,20,34,30,26,38,36,42,55,49,49,59,59,71,52,63,66,79,76,80,108,91,76,87,80,67,83,57,49,79,81,87,52,65,63,59,54,51,61,64,41,63,52,43,49,32,34,24,19,22,13,18,5,9,6,2,4,1,1,1
전라북도 김제시 부량면(4521036000),"1,296","1,296",5,3,0,3,4,4,5,3,5,6,4,7,7,5,6,13,5,7,2,5,3,8,7,8,8,9,9,8,6,11,8,7,7,13,5,5,5,3,13,12,11,11,13,1,8,12,13,9,10,12,10,13,19,25,18,19,8,23,23,25,23,38,27,28,41,29,35,27,21,25,25,30,32,17,27,21,15,14,28,24,39,24,21,18,24,16,24,14,8,15,7,8,3,4,4,1,1,1,0,0,0
전라북도 김제시 공덕면(4521038000),"2,456","2,456",4,7,3,5,3,1,4,8,5,11,15,13,13,8,10,10,6,12,13,16,17,19,20,16,23,18,21,18,17,9,12,17,11,15,13,13,12,12,19,23,23,16,15,19,16,10,19,21,23,32,32,36,33,33,42,40,47,63,39,48,60,66,65,67,51,61,63,66,46,44,34,59,50,33,45,30,25,32,29,49,57,22,30,41,29,38,28,34,25,20,16,8,12,6,4,5,1,0,0,2,4
전라북도 김제시 청하면(4521039000),"1,709","1,709",3,2,1,4,4,6,4,7,5,9,5,3,5,9,7,9,11,9,7,6,7,10,7,6,10,5,7,10,6,3,10,5,10,8,8,10,13,5,15,14,13,15,11,11,12,18,12,14,23,20,23,27,15,21,26,25,30,28,30,40,26,40,31,37,39,50,49,44,34,35,32,31,35,26,45,34,25,30,20,35,49,27,38,29,26,21,20,17,24,16,8,10,5,6,8,1,3,2,1,1,0
전라북도 김제시 성덕면(4521040000),"1,740","1,740",3,7,1,3,3,9,0,3,6,4,6,4,5,9,9,8,5,9,4,8,13,7,9,12,9,13,8,15,8,6,8,7,5,13,11,2,9,6,8,21,9,12,12,9,17,12,19,31,24,24,15,30,22,30,23,25,29,27,26,29,37,49,45,45,56,41,42,26,32,30,30,31,31,38,39,40,31,19,25,39,46,21,22,26,30,19,21,19,19,19,13,7,11,9,4,4,0,2,0,0,1
전라북도 김제시 진봉면(4521041000),"2,538","2,538",3,6,1,2,3,1,4,6,4,4,2,5,6,2,10,8,6,10,16,16,14,17,14,17,11,8,13,11,6,9,4,9,12,10,11,12,17,11,18,18,15,23,23,19,21,19,20,24,31,21,28,31,24,28,42,39,51,44,36,44,46,68,75,53,72,53,57,61,47,53,38,77,63,38,67,50,44,43,53,53,76,45,52,43,49,47,26,24,34,24,13,12,7,13,9,4,7,0,0,1,1
전라북도 김제시 금구면(4521042000),"4,911","4,911",13,12,12,10,12,19,23,30,15,27,29,27,21,33,29,29,32,29,29,35,35,41,42,38,37,46,35,37,34,31,31,19,26,24,26,29,33,36,34,38,40,46,31,48,51,43,72,55,71,67,74,72,94,97,87,92,91,105,108,97,131,118,110,101,100,98,109,121,79,72,92,90,68,69,83,79,44,69,61,92,93,50,44,50,48,50,43,31,36,21,24,14,16,7,2,5,5,2,2,1,2
전라북도 김제시 봉남면(4521043000),"2,201","2,201",7,9,5,8,7,4,4,7,4,11,7,6,11,6,9,9,10,9,7,11,8,14,15,8,9,16,10,10,9,9,8,5,6,17,15,13,14,8,12,18,19,18,11,14,22,11,21,29,21,20,14,28,34,29,26,28,34,41,23,45,36,92,44,49,44,50,52,52,35,50,40,44,32,48,59,35,29,27,41,59,47,42,52,47,36,33,38,27,19,22,14,7,9,7,4,7,0,1,4,1,3
전라북도 김제시 황산면(4521044000),"1,879","1,879",2,1,6,2,4,3,6,3,7,5,7,3,8,6,8,8,8,10,7,12,6,14,12,13,22,9,16,16,23,9,5,13,9,9,5,5,9,11,4,16,5,11,12,10,10,14,27,18,21,26,31,30,31,32,35,34,32,44,26,34,47,63,38,52,34,47,41,44,19,28,39,35,27,33,32,33,19,22,28,56,48,31,33,21,28,28,27,21,21,18,11,10,6,5,2,3,1,0,1,1,1
전라북도 김제시 금산면(4521045000),"4,555","4,555",6,10,9,6,6,8,15,16,21,18,17,18,27,23,14,24,15,22,18,26,22,36,22,27,38,32,31,24,28,32,16,14,18,24,32,26,28,27,29,31,43,32,41,51,42,33,33,39,57,64,57,62,74,94,84,79,91,82,91,103,123,139,110,113,96,101,117,92,74,86,73,82,99,81,78,73,43,76,60,80,96,59,75,69,65,39,48,33,39,24,17,25,14,7,13,4,3,5,1,2,13
전라북도 김제시 광활면(4521046000),"1,313","1,313",5,2,3,3,4,6,4,4,9,4,5,3,5,2,6,6,5,8,3,8,8,10,5,11,8,7,4,9,7,5,6,4,5,7,12,4,7,11,10,9,8,10,6,15,13,10,11,16,15,18,19,24,18,19,14,20,18,22,15,28,35,37,23,29,26,36,25,22,28,21,22,33,29,26,32,24,26,22,18,27,34,19,15,24,21,19,15,15,10,8,5,4,9,4,2,1,0,0,1,3,0
전라북도 김제시 요촌동(4521051000),"10,805","10,805",35,35,50,51,51,70,91,79,80,103,103,96,90,91,99,105,92,106,132,116,116,124,112,111,133,126,105,132,108,100,114,92,92,86,69,90,93,115,106,142,145,137,135,128,143,132,166,175,176,178,157,193,178,184,173,183,196,170,149,189,211,238,200,174,160,181,155,153,142,131,148,162,127,106,133,124,89,92,74,105,106,60,74,69,81,55,66,60,39,31,35,26,25,17,13,4,3,2,2,1,3
전라북도 김제시 신풍동(4521052000),"12,836","12,836",56,62,62,64,88,96,94,102,113,119,138,125,132,134,159,152,132,135,125,172,130,178,151,127,115,114,141,136,117,123,106,93,129,115,122,111,123,115,140,144,175,197,159,149,206,179,169,216,222,212,218,192,222,254,217,218,185,229,194,203,227,243,217,180,193,163,186,159,154,120,137,149,140,113,128,152,96,104,92,143,133,101,137,80,83,59,77,61,65,41,21,20,16,15,10,4,1,2,3,4,1
전라북도 김제시 검산동(4521054000),"11,736","11,736",50,53,53,83,93,85,120,113,115,129,150,139,124,134,144,119,124,156,132,132,130,171,152,152,136,127,151,158,128,133,105,98,106,99,106,103,141,132,125,150,177,166,164,162,164,211,167,204,225,198,211,227,208,223,178,182,182,195,152,176,181,175,202,152,186,142,170,152,93,99,100,116,112,69,95,105,80,76,73,99,91,54,52,77,58,44,42,50,33,26,28,19,21,16,8,6,2,3,2,3,1
전라북도 김제시 교월동(4521058000),"6,329","6,329",33,24,30,39,38,49,46,49,46,57,49,62,48,56,53,41,45,44,45,44,40,59,59,55,48,53,54,52,47,43,44,40,46,64,47,57,54,53,75,84,71,78,61,60,69,63,76,83,84,91,77,81,93,96,105,102,111,90,113,131,133,142,130,103,106,114,114,103,99,93,73,126,103,70,93,83,68,63,67,80,90,68,58,76,54,62,49,46,37,33,13,19,21,8,8,4,2,2,1,5,3
전라북도 완주군 (4571000000),"91,072","91,072",335,406,469,490,596,744,733,767,790,900,879,893,827,833,852,799,780,766,785,751,859,935,856,900,852,804,835,898,870,804,799,741,750,743,851,808,912,933,"1,030","1,204","1,285","1,325","1,320","1,164","1,267","1,246","1,335","1,368","1,499","1,436","1,598","1,475","1,462","1,654","1,489","1,556","1,548","1,494","1,404","1,620","1,749","1,967","1,702","1,481","1,505","1,398","1,502","1,488","1,069","1,071","1,031","1,118","1,048",961,"1,039",936,726,713,684,"1,003",906,623,711,709,568,547,525,437,362,262,202,178,137,125,99,49,35,23,19,21,19
전라북도 완주군 삼례읍(4571025000),"14,411","14,411",45,48,58,74,59,77,54,78,70,102,97,101,112,105,114,113,107,117,108,132,176,203,175,178,176,165,154,179,200,149,144,116,114,116,105,119,114,108,152,142,153,159,178,178,190,184,232,219,227,223,271,251,263,271,249,253,243,242,223,252,274,296,298,240,250,248,245,256,202,176,183,179,162,154,184,156,133,139,105,163,139,114,121,130,101,92,87,86,79,48,43,25,21,19,17,10,6,4,5,3,1
전라북도 완주군 봉동읍(4571025300),"26,278","26,278",136,177,204,189,263,289,313,332,345,398,395,402,358,384,357,307,316,310,295,279,310,281,262,295,239,269,255,257,252,280,286,263,244,256,309,284,337,355,377,487,536,560,520,452,498,454,453,472,484,436,472,422,407,449,344,329,389,323,324,354,377,403,331,281,280,262,278,270,210,186,180,189,205,186,219,165,143,118,102,181,155,100,120,136,89,81,91,71,49,41,25,36,24,30,12,8,6,2,3,6,2
전라북도 완주군 용진읍(4571025600),"6,999","6,999",17,17,15,27,22,42,41,51,40,54,45,48,41,47,56,49,45,51,51,50,52,76,75,61,72,58,66,60,75,62,41,44,54,39,58,50,49,61,54,74,74,67,81,64,87,79,76,103,116,118,116,125,129,132,140,127,145,121,118,151,144,189,145,135,133,134,153,135,106,102,90,117,94,91,92,94,58,61,74,93,93,60,67,55,59,61,48,32,22,20,18,13,12,9,10,8,3,3,4,1,2
전라북도 완주군 상관면(4571032000),"4,282","4,282",8,12,16,20,20,37,29,25,36,41,28,47,37,39,41,46,40,29,36,21,33,48,32,38,38,31,31,39,32,28,28,18,25,22,31,24,33,35,35,44,45,60,56,48,54,58,67,71,79,69,75,74,87,85,87,78,75,85,67,75,98,98,91,85,70,68,80,88,58,59,60,59,60,66,69,39,40,47,44,37,46,36,34,33,20,30,27,20,19,11,5,7,13,5,4,3,1,1,2,1,0
전라북도 완주군 이서면(4571033000),"14,321","14,321",99,99,121,114,151,202,189,190,192,185,181,167,129,136,133,135,131,125,141,122,117,137,127,130,122,113,131,149,158,153,161,145,179,173,196,212,232,232,261,296,278,284,290,220,241,267,239,271,244,226,259,217,203,246,224,237,196,200,179,220,213,253,187,156,190,143,155,150,109,115,126,125,120,78,106,89,80,81,72,102,86,63,49,61,51,39,36,34,45,27,17,20,5,11,11,1,2,0,0,3,3
전라북도 완주군 소양면(4571034000),"5,964","5,964",8,12,17,18,22,32,22,21,30,33,32,43,26,28,35,27,29,26,42,35,43,50,45,62,45,44,52,62,46,34,30,32,32,44,50,29,43,35,44,37,41,59,46,54,44,47,63,49,64,76,104,101,90,105,106,126,121,142,119,135,183,162,161,140,148,121,160,153,83,109,105,112,89,97,80,97,69,60,49,87,83,52,67,59,55,66,55,36,24,29,23,18,9,9,10,1,5,3,1,1,4
전라북도 완주군 구이면(4571035000),"5,725","5,725",1,9,9,20,17,23,23,19,26,22,27,25,34,30,33,39,35,34,53,48,45,63,64,42,57,40,53,63,41,42,37,55,34,32,33,26,28,33,28,38,60,41,34,38,44,46,59,58,95,93,69,103,91,118,106,145,139,123,118,154,141,179,152,146,136,134,115,142,80,98,70,90,88,77,95,83,52,47,59,89,61,48,67,63,46,48,52,34,31,20,12,11,11,11,11,3,1,3,0,2,2
전라북도 완주군 고산면(4571036000),"4,564","4,564",6,16,11,14,19,24,31,32,25,32,33,22,25,22,29,30,26,30,20,21,36,26,34,33,44,36,38,34,25,20,38,32,31,26,22,31,37,40,38,31,44,43,52,45,48,43,56,45,66,69,86,59,77,81,84,89,76,91,94,88,105,113,114,96,92,81,96,82,64,66,71,89,85,66,54,80,44,43,53,88,77,41,51,60,45,49,44,36,29,14,15,20,17,5,8,6,4,1,1,2,1
전라북도 완주군 비봉면(4571037000),"1,852","1,852",2,3,7,2,4,3,5,7,7,12,9,8,13,8,15,13,11,6,11,11,9,15,10,14,9,8,12,17,13,6,5,10,7,3,17,6,12,5,11,13,13,16,12,20,12,19,23,17,28,22,30,38,26,27,35,28,33,43,30,34,40,58,45,31,48,41,46,45,33,37,28,37,34,29,34,27,25,24,24,42,37,21,30,25,20,13,20,21,13,16,8,8,6,5,4,5,3,2,0,1,1
전라북도 완주군 운주면(4571038000),"1,936","1,936",3,3,3,2,7,3,6,7,4,6,7,6,5,5,4,5,8,12,7,6,5,9,2,9,14,9,11,7,6,9,12,7,8,5,8,8,10,6,14,12,15,16,13,9,10,15,23,12,28,33,28,28,25,39,27,48,39,40,36,56,44,64,41,52,44,54,48,58,52,48,29,34,43,41,28,41,26,26,31,41,46,25,36,26,23,21,14,20,12,14,11,6,5,6,2,1,0,2,0,0,1
전라북도 완주군 화산면(4571039000),"2,682","2,682",6,7,8,4,5,7,13,1,11,11,14,14,39,24,26,26,20,17,13,18,18,18,17,28,22,20,17,21,14,6,10,11,12,13,12,8,7,15,13,15,16,12,22,25,30,20,32,28,40,46,57,25,40,55,41,41,52,41,52,53,64,74,57,49,57,58,72,63,35,47,56,53,37,41,45,37,26,32,39,55,51,36,42,30,30,24,25,29,28,17,15,10,8,12,8,1,4,2,2,0,2
전라북도 완주군 동상면(4571040000),"1,077","1,077",3,0,0,3,6,3,7,2,2,2,8,3,5,3,4,6,4,7,4,4,7,5,7,6,9,9,9,4,5,9,6,4,4,10,3,8,5,5,1,9,3,4,7,7,5,8,4,13,13,13,21,16,11,28,23,32,27,29,25,25,39,45,41,42,29,35,33,27,16,14,10,10,10,20,16,12,11,22,12,10,13,13,11,17,15,8,3,4,5,4,4,2,4,3,1,1,0,0,0,0,0
전라북도 완주군 경천면(4571041000),981,981,1,3,0,3,1,2,0,2,2,2,3,7,3,2,5,3,8,2,4,4,8,4,6,4,5,2,6,6,3,6,1,4,6,4,7,3,5,3,2,6,7,4,9,4,4,6,8,10,15,12,10,16,13,18,23,23,13,14,19,23,27,33,39,28,28,19,21,19,21,14,23,24,21,15,17,16,19,13,20,15,19,14,16,14,14,15,23,14,6,1,6,2,2,0,1,1,0,0,1,1,0
전라북도 진안군 (4572000000),"24,974","24,974",112,114,119,97,97,113,91,108,121,144,150,175,134,140,155,176,153,165,176,182,185,210,184,188,213,175,158,160,166,141,146,134,132,131,141,143,140,161,174,187,191,220,219,183,254,253,231,318,319,350,335,371,400,444,405,463,525,454,448,530,607,725,588,505,523,465,540,517,387,435,365,436,412,380,399,386,323,275,313,413,420,330,324,306,254,304,207,217,168,141,101,59,65,53,45,22,21,9,13,8,9
전라북도 진안군 진안읍(4572025000),"9,964","9,964",64,56,49,51,54,64,58,71,68,86,74,94,74,82,73,83,71,79,97,105,94,113,95,100,104,97,72,79,76,64,68,53,65,62,69,81,72,98,83,94,108,111,114,96,126,123,124,146,157,174,144,160,161,172,167,171,194,151,168,181,200,243,188,155,169,160,189,159,124,148,112,137,147,124,140,131,97,96,95,122,138,110,119,92,75,103,56,66,60,55,27,21,21,14,9,3,7,5,3,3,1
전라북도 진안군 용담면(4572031000),848,848,2,3,0,0,1,2,0,2,3,3,2,3,0,0,4,1,4,1,4,5,5,2,3,1,5,2,3,3,2,2,4,3,2,5,3,0,3,1,1,2,6,3,6,3,3,8,9,7,12,6,10,14,11,17,16,15,18,19,20,29,25,26,24,31,24,23,24,40,17,16,25,19,23,13,16,16,10,18,15,13,13,17,10,9,8,10,13,6,4,2,4,1,2,1,2,1,1,1,0,0,1
전라북도 진안군 안천면(4572032000),"1,070","1,070",0,1,7,8,1,5,4,2,4,3,6,11,1,4,9,13,5,12,5,7,7,3,6,7,9,5,7,6,5,3,6,3,3,5,2,5,2,6,10,5,4,13,10,5,13,7,9,9,4,11,13,15,23,17,14,13,27,18,26,21,36,36,30,26,24,15,18,27,17,24,13,18,18,18,16,17,20,6,20,25,20,10,18,14,13,18,12,13,12,5,7,6,3,3,4,0,2,0,1,0,0
전라북도 진안군 동향면(4572033000),"1,345","1,345",1,4,8,3,4,1,4,2,7,3,12,11,10,8,9,7,6,7,6,7,9,8,10,8,4,4,1,9,7,7,4,9,5,3,4,4,3,9,3,4,8,6,7,6,8,11,10,11,16,18,17,15,21,28,20,20,33,30,29,29,35,50,37,34,29,28,32,32,23,23,22,28,21,29,27,21,26,14,19,28,22,25,28,25,13,11,14,23,7,11,7,2,7,1,6,3,1,0,2,1,0
전라북도 진안군 상전면(4572034000),843,843,3,6,5,2,4,1,2,2,0,8,1,2,1,2,3,4,3,5,3,8,5,4,6,2,4,2,4,3,7,4,6,9,5,3,3,5,5,2,8,6,10,3,5,3,6,8,4,6,7,17,16,16,17,20,16,16,14,15,14,12,17,32,24,18,27,28,19,19,14,17,9,15,13,9,16,15,11,10,12,16,17,16,16,8,12,13,13,9,2,2,7,0,0,1,1,1,0,0,0,1,0
전라북도 진안군 백운면(4572035000),"1,962","1,962",9,11,9,8,6,6,4,8,9,8,11,7,6,8,4,8,10,12,8,6,9,12,20,17,14,19,16,13,11,10,12,10,7,14,9,4,18,5,17,10,9,19,16,13,16,19,18,26,29,17,19,30,32,42,32,37,39,37,33,38,55,55,56,40,43,35,45,51,35,40,33,31,33,38,30,32,21,24,26,41,30,32,18,20,30,30,19,19,21,8,10,10,3,7,5,1,4,1,2,0,2
전라북도 진안군 성수면(4572036000),"1,751","1,751",7,7,8,2,10,6,3,5,6,8,9,10,3,2,10,8,11,6,6,9,12,13,7,18,16,8,8,14,16,9,8,11,8,12,8,6,11,9,6,13,9,11,11,12,22,18,11,18,21,18,20,19,19,24,31,36,33,35,33,41,43,56,39,42,41,38,38,53,30,30,28,38,27,35,32,31,29,22,22,39,34,21,19,25,29,25,18,19,16,9,8,3,7,4,2,2,1,0,2,1,2
전라북도 진안군 마령면(4572037000),"1,819","1,819",7,10,5,6,4,5,2,3,8,2,2,9,5,9,11,9,16,9,9,8,8,15,12,12,14,10,11,10,14,13,8,6,12,6,12,6,5,4,8,13,9,14,11,11,17,15,13,16,13,17,23,29,29,28,30,44,43,35,27,42,40,42,46,51,39,22,47,27,34,35,27,50,38,39,38,40,21,25,32,38,42,32,27,41,21,24,14,18,15,12,12,5,6,3,4,6,0,0,1,0,1
전라북도 진안군 부귀면(4572038000),"2,832","2,832",12,6,17,14,4,12,8,6,12,16,17,18,20,19,23,30,19,22,23,18,14,20,11,14,26,21,20,11,15,23,14,21,15,15,15,17,11,15,30,22,17,18,23,20,23,30,22,43,37,35,44,40,51,55,39,60,69,60,60,75,76,92,74,55,64,63,72,52,52,54,56,53,44,32,38,37,40,23,42,34,46,24,20,31,19,30,25,21,15,17,9,7,7,7,6,1,4,0,1,1,1
전라북도 진안군 정천면(4572039000),"1,050","1,050",6,6,7,2,5,5,4,3,3,6,9,6,4,3,6,5,4,7,5,7,10,9,8,4,8,2,9,6,3,2,7,6,5,3,9,11,8,9,7,11,7,8,7,5,10,6,4,16,7,20,11,15,17,15,17,22,22,15,17,30,31,33,34,20,20,18,33,20,15,20,18,17,12,9,13,18,20,14,8,18,20,17,22,11,16,13,7,9,4,9,6,3,2,5,2,1,0,0,0,0,1
전라북도 진안군 주천면(4572040000),"1,490","1,490",1,4,4,1,4,6,2,4,1,1,7,4,10,3,3,8,4,5,10,2,12,11,6,5,9,5,7,6,10,4,9,3,5,3,7,4,2,3,1,7,4,14,9,9,10,8,7,20,16,17,18,18,19,26,23,29,33,39,21,32,49,60,36,33,43,35,23,37,26,28,22,30,36,34,33,28,28,23,22,39,38,26,27,30,18,27,16,14,12,11,4,1,7,7,4,3,1,2,1,1,0
전라북도 무주군 (4573000000),"23,744","23,744",59,83,84,69,96,111,124,139,134,167,164,183,160,166,220,171,178,187,163,174,198,196,181,150,153,162,187,142,148,152,150,171,124,153,145,160,149,157,191,199,209,222,255,206,274,266,270,331,362,319,355,382,381,425,389,444,415,406,373,528,533,599,500,473,527,414,449,483,332,399,351,355,330,320,321,339,272,257,255,424,410,311,329,288,264,257,211,178,161,126,87,68,43,44,35,24,20,10,5,7,21
전라북도 무주군 무주읍(4573025000),"9,448","9,448",40,56,49,44,61,75,83,77,81,102,107,101,98,101,116,97,95,106,87,96,102,93,92,72,80,86,99,71,67,78,81,103,67,81,71,78,74,88,110,113,105,128,136,116,141,140,129,179,182,146,164,172,152,175,154,143,135,136,126,167,150,183,139,136,158,125,136,137,99,101,107,105,104,111,102,107,86,74,72,104,110,92,92,78,75,69,55,53,41,35,19,20,17,14,11,4,6,5,1,3,8
전라북도 무주군 무풍면(4573031000),"2,187","2,187",2,5,2,1,4,5,6,9,4,12,6,9,9,4,16,5,14,13,10,12,12,14,15,6,7,7,11,11,9,9,13,20,11,14,10,16,12,10,12,6,16,15,16,12,16,15,20,25,19,28,24,28,38,28,35,60,43,46,46,70,55,68,59,52,62,45,51,63,37,57,39,33,41,45,29,34,22,27,24,50,47,43,40,34,19,29,25,15,14,14,8,11,6,5,6,2,2,0,0,0,1
전라북도 무주군 설천면(4573032000),"3,944","3,944",7,8,14,9,12,16,11,20,22,20,24,37,16,18,33,27,31,22,26,24,34,36,35,27,33,33,39,31,25,25,21,14,15,15,29,21,24,26,24,34,38,30,39,38,52,46,46,44,61,57,75,79,68,74,83,78,74,82,60,98,116,102,84,93,88,64,84,70,58,62,70,66,55,37,50,54,42,45,37,75,64,49,51,44,31,39,33,20,34,20,16,7,7,4,1,5,0,2,1,1,3
전라북도 무주군 적상면(4573033000),"2,576","2,576",3,4,4,3,5,4,7,9,11,10,8,9,10,8,18,9,11,13,13,13,19,15,16,19,8,9,13,8,13,12,12,10,8,11,6,18,15,8,13,6,14,15,22,11,18,19,22,27,37,28,38,39,48,48,41,47,39,52,53,42,60,78,74,62,59,59,55,63,34,48,45,60,43,46,40,46,34,42,38,63,60,51,48,43,35,50,29,30,31,22,16,11,2,6,6,5,3,1,3,1,3
전라북도 무주군 안성면(4573034000),"4,196","4,196",4,8,11,10,9,9,14,18,13,18,16,23,22,27,32,26,23,29,22,21,24,31,17,19,22,23,21,18,28,22,19,17,17,26,23,21,21,21,24,28,29,28,34,22,34,37,49,42,39,49,46,53,55,79,58,89,92,65,67,117,112,122,109,98,117,90,90,108,76,91,55,61,60,58,77,72,56,48,66,98,95,54,78,64,75,53,51,47,35,22,19,15,10,11,5,5,5,0,0,2,5
전라북도 무주군 부남면(4573035000),"1,393","1,393",3,2,4,2,5,2,3,6,3,5,3,4,5,8,5,7,4,4,5,8,7,7,6,7,3,4,4,3,6,6,4,7,6,6,6,6,3,4,8,12,7,6,8,7,13,9,4,14,24,11,8,11,20,21,18,27,32,25,21,34,40,46,35,32,43,31,33,42,28,40,35,30,27,23,23,26,32,21,18,34,34,22,20,25,29,17,18,13,6,13,9,4,1,4,6,3,4,2,0,0,1
전라북도 장수군 (4574000000),"21,644","21,644",71,81,88,76,79,107,91,125,151,147,149,162,147,189,169,160,140,176,158,155,178,180,142,176,155,144,150,160,140,102,103,135,116,122,135,138,135,140,183,172,193,206,228,212,235,218,262,246,317,282,330,322,328,374,341,382,418,384,306,438,485,484,550,417,403,423,473,400,366,403,348,353,311,364,318,289,224,243,251,361,361,282,319,241,205,228,231,166,134,125,82,65,40,39,37,24,13,11,5,9,12
전라북도 장수군 장수읍(4574025000),"7,254","7,254",28,32,47,33,38,48,51,63,79,73,71,75,74,91,88,75,61,70,67,61,74,64,59,67,59,61,67,69,53,35,48,64,59,40,67,54,57,67,81,74,100,79,104,99,99,101,102,105,113,91,111,110,110,111,111,115,121,126,89,121,131,144,151,113,115,124,125,123,105,99,100,103,101,112,78,81,62,69,55,87,85,60,79,55,53,47,48,45,37,28,17,16,12,8,7,5,5,2,1,2,2
전라북도 장수군 산서면(4574031000),"2,047","2,047",9,6,6,7,4,5,6,5,10,8,11,15,13,9,14,12,11,12,6,10,12,10,19,14,11,12,12,11,14,8,9,12,5,11,6,10,7,6,12,13,13,14,16,14,15,14,18,18,26,24,32,32,35,35,34,38,43,44,28,38,42,43,51,41,32,39,45,37,33,48,32,39,33,37,38,36,23,32,29,56,38,35,44,38,34,30,40,20,16,13,12,12,5,4,5,3,5,1,1,0,1
전라북도 장수군 번암면(4574032000),"2,274","2,274",7,6,5,3,4,7,5,10,10,6,12,11,8,9,7,13,14,11,13,12,14,14,10,9,18,10,10,13,15,10,6,10,8,6,7,12,8,15,15,14,14,11,15,11,18,14,24,15,34,26,37,28,27,44,29,35,44,37,34,53,64,67,62,52,52,45,57,53,50,60,51,41,47,57,36,37,33,32,37,59,51,31,30,29,30,33,32,22,13,16,10,9,5,6,7,2,1,2,0,2,4
전라북도 장수군 장계면(4574033500),"4,332","4,332",12,26,14,20,14,29,18,29,29,37,26,39,31,46,37,32,30,48,29,29,40,43,27,40,35,29,34,29,30,23,24,27,13,36,29,31,29,24,44,40,35,51,46,51,58,40,62,54,65,74,61,77,70,83,79,79,93,75,58,82,99,98,110,83,64,76,90,74,65,75,56,57,43,58,63,59,34,38,55,61,72,54,46,40,36,42,47,35,27,24,17,12,5,6,7,3,1,2,1,1,1
전라북도 장수군 천천면(4574034000),"2,055","2,055",4,4,5,4,6,5,3,3,6,4,6,5,4,11,7,7,4,10,16,13,13,18,12,15,8,13,11,8,10,9,9,11,11,5,14,8,13,10,10,15,10,11,15,14,15,14,15,16,30,19,37,27,28,35,32,44,36,30,35,52,55,53,64,55,52,56,54,43,40,50,38,51,32,39,43,35,30,22,31,35,37,34,54,32,19,32,20,12,13,18,5,6,6,4,6,6,1,2,2,1,2
전라북도 장수군 계남면(4574035000),"2,126","2,126",6,4,3,4,6,10,4,9,8,11,13,10,12,14,12,13,11,14,17,16,17,21,10,22,20,9,13,18,12,9,5,6,10,16,8,16,11,11,10,10,10,29,19,12,22,24,23,21,30,26,33,29,39,44,37,49,50,33,30,61,50,46,53,39,40,45,53,38,46,37,39,28,37,42,39,28,19,34,26,30,39,34,30,33,20,21,28,12,16,16,13,7,2,5,2,4,0,0,0,2,1
전라북도 장수군 계북면(4574036000),"1,556","1,556",5,3,8,5,7,3,4,6,9,8,10,7,5,9,4,8,9,11,10,14,8,10,5,9,4,10,3,12,6,8,2,5,10,8,4,7,10,7,11,6,11,11,13,11,8,11,18,17,19,22,19,19,19,22,19,22,31,39,32,31,44,33,59,34,48,38,49,32,27,34,32,34,18,19,21,13,23,16,18,33,39,34,36,14,13,23,16,20,12,10,8,3,5,6,3,1,0,2,0,1,1
전라북도 임실군 (4575000000),"26,705","26,705",140,147,130,111,116,121,115,121,139,123,146,150,160,175,156,158,122,151,171,165,174,198,172,191,180,196,188,189,171,204,178,169,198,170,156,172,170,175,185,221,203,219,246,262,234,224,268,290,340,331,374,384,396,468,453,474,501,483,445,541,572,665,694,472,522,504,532,507,396,431,399,504,432,416,499,411,305,338,309,528,497,390,408,348,375,302,260,252,179,148,138,88,66,61,60,31,13,12,8,7,16
전라북도 임실군 임실읍(4575025000),"7,292","7,292",58,71,57,67,55,64,58,68,77,63,79,80,93,89,84,72,50,61,56,66,55,62,61,61,60,77,64,67,76,78,81,77,83,69,69,74,66,76,73,84,103,91,126,115,114,95,83,97,113,87,127,98,110,123,117,118,113,88,80,105,110,128,150,92,94,108,107,100,82,86,66,91,94,79,88,72,40,60,60,91,83,52,69,54,61,62,44,51,24,26,24,13,15,7,10,6,2,4,1,2,0
전라북도 임실군 청웅면(4575031000),"1,267","1,267",3,5,4,2,2,1,3,1,2,4,2,6,4,10,4,5,1,6,6,7,6,7,8,6,6,6,8,3,10,8,2,2,3,4,4,10,2,5,11,5,10,3,7,8,15,8,16,9,23,14,16,23,11,25,24,20,16,28,26,21,23,30,35,18,27,20,31,29,20,22,22,22,20,33,24,32,26,26,15,30,37,19,34,27,19,14,24,16,12,12,8,6,4,4,2,1,0,3,1,1,1
전라북도 임실군 운암면(4575032000),"1,590","1,590",5,7,8,3,4,7,4,4,7,3,6,2,4,5,3,8,4,4,9,6,9,14,9,10,5,7,14,6,5,14,8,8,11,10,3,5,10,13,5,19,15,10,6,15,9,7,15,20,11,25,22,27,25,22,26,34,38,36,39,32,56,50,59,45,37,43,37,34,36,20,35,33,29,23,26,20,14,19,21,35,24,16,19,19,25,15,17,13,7,11,7,3,9,3,4,1,0,1,1,0,1
전라북도 임실군 신평면(4575033000),"1,426","1,426",6,5,6,2,8,4,4,5,5,5,4,5,2,4,11,3,7,9,7,5,11,5,6,8,9,12,9,14,9,7,7,7,10,9,12,5,12,9,11,9,4,15,10,9,10,11,8,9,13,16,20,13,17,26,21,21,30,18,24,29,38,33,41,29,30,32,43,29,14,34,26,34,35,26,34,23,15,23,24,30,30,21,29,27,22,13,15,12,14,8,11,4,2,4,3,0,2,0,1,0,3
전라북도 임실군 성수면(4575034000),"1,625","1,625",10,7,6,3,5,3,4,1,3,1,5,7,10,6,5,8,5,10,9,7,7,7,1,16,10,9,8,10,7,10,11,8,5,3,8,12,9,11,6,3,5,6,16,13,12,11,18,18,16,17,23,23,21,21,23,17,38,27,36,43,43,47,46,34,44,28,22,36,24,28,30,39,20,26,36,28,25,24,34,46,39,35,28,28,33,33,21,18,9,7,11,5,5,3,5,4,1,0,0,0,0
전라북도 임실군 오수면(4575035500),"3,572","3,572",13,6,9,6,13,8,9,12,15,14,15,17,18,19,18,17,19,26,27,27,34,34,25,29,31,17,21,20,14,21,17,19,24,23,23,14,17,18,23,26,22,31,29,25,20,26,36,40,50,41,53,54,45,66,64,60,68,60,54,76,75,95,99,77,72,73,84,87,52,65,44,87,50,59,90,67,35,44,35,62,72,50,64,56,59,52,40,29,30,19,12,17,5,15,11,5,1,1,1,2,1
전라북도 임실군 신덕면(4575036000),"1,309","1,309",10,3,6,3,2,6,4,3,2,5,1,3,1,6,2,3,5,5,3,8,6,7,10,13,6,7,10,8,6,10,6,5,8,7,5,5,7,5,6,9,4,7,8,13,4,12,10,15,13,20,16,16,20,24,22,21,25,28,27,25,34,42,32,18,33,22,20,26,27,35,23,31,17,23,33,28,18,21,15,28,37,33,20,16,22,16,13,14,13,8,11,9,3,4,1,4,0,1,0,0,1
전라북도 임실군 삼계면(4575037000),"1,489","1,489",6,8,5,4,4,2,2,0,3,3,3,1,6,7,10,7,3,3,8,3,10,8,9,3,5,5,7,10,6,6,5,4,3,9,2,1,8,4,10,13,5,10,6,14,7,6,16,10,14,16,15,21,19,22,26,24,32,30,18,32,24,43,39,22,34,30,33,29,31,37,31,40,36,24,45,32,23,21,19,33,28,40,36,22,27,22,22,24,13,15,18,11,6,8,6,3,2,0,1,0,0
전라북도 임실군 관촌면(4575038000),"3,248","3,248",17,21,17,9,15,16,12,15,17,11,17,13,9,17,13,18,14,16,17,20,17,32,18,21,19,26,29,19,20,26,18,22,30,18,12,22,25,20,21,27,15,22,16,21,22,22,35,28,49,41,45,51,62,58,61,75,61,79,61,72,69,96,89,66,52,61,70,65,56,53,64,56,67,42,49,48,43,44,34,65,69,52,44,38,42,24,28,27,24,18,18,8,7,3,5,3,4,0,0,0,3
전라북도 임실군 강진면(4575039000),"1,505","1,505",2,4,3,5,0,3,7,3,4,3,3,8,4,4,3,1,6,4,13,4,11,5,14,11,15,15,11,16,12,16,10,8,6,7,7,10,2,6,5,7,9,9,8,13,11,16,14,19,17,25,20,22,23,32,23,38,34,32,36,46,34,28,38,34,38,31,39,27,21,18,22,25,19,32,23,22,20,21,26,44,28,26,17,25,26,18,14,19,12,4,4,4,7,5,3,3,0,0,1,0,2
전라북도 임실군 덕치면(4575040000),"1,197","1,197",3,2,3,4,2,5,1,4,0,4,6,4,7,3,3,7,2,6,7,4,3,9,9,6,8,9,4,8,4,5,7,4,8,5,5,9,4,5,8,7,8,8,2,6,6,4,7,15,12,11,8,19,25,21,25,30,22,27,24,36,37,39,36,20,30,32,24,21,15,16,15,22,20,29,20,19,28,22,17,36,24,25,24,17,21,20,10,10,3,8,3,3,0,1,4,0,0,0,1,1,4
전라북도 임실군 지사면(4575041000),"1,185","1,185",7,8,6,3,6,2,7,5,4,7,5,4,2,5,0,9,6,1,9,8,5,8,2,7,6,6,3,8,2,3,6,5,7,6,6,5,8,3,6,12,3,7,12,10,4,6,10,10,9,18,9,17,18,28,21,16,24,30,20,24,29,34,30,17,31,24,22,24,18,17,21,24,25,20,31,20,18,13,9,28,26,21,24,19,18,13,12,19,18,12,11,5,3,4,6,1,1,2,0,1,0
전라북도 순창군 (4577000000),"26,730","26,730",73,118,120,124,99,157,111,134,129,160,169,215,184,206,235,223,215,234,232,225,219,230,204,191,204,177,185,163,145,157,148,134,147,152,157,170,180,176,201,245,245,251,286,263,281,274,298,399,388,375,436,401,386,484,427,466,426,442,418,509,541,652,623,486,536,483,487,479,392,404,331,387,402,409,456,420,330,324,320,531,475,368,382,349,299,288,257,210,147,122,124,79,55,46,42,24,19,10,13,7,18
전라북도 순창군 순창읍(4577025000),"9,982","9,982",40,75,61,74,59,95,83,86,85,102,114,134,121,132,147,130,124,142,129,133,114,137,118,98,104,76,100,89,81,71,72,55,83,73,72,79,98,84,110,150,131,140,152,136,157,159,140,194,187,158,205,179,152,189,150,156,131,130,124,151,143,179,163,124,151,137,120,129,100,111,101,98,105,98,122,111,74,62,69,103,84,60,62,71,47,47,53,52,32,26,26,13,11,14,10,9,3,3,4,1,3
전라북도 순창군 인계면(4577031000),"1,484","1,484",2,2,8,1,1,5,2,3,5,5,5,6,2,2,8,11,10,12,13,13,15,9,12,5,13,7,7,5,9,5,8,10,9,6,5,9,10,9,7,10,13,7,9,7,18,11,10,13,21,15,29,24,24,23,30,26,28,29,28,41,36,38,38,36,33,35,34,30,19,19,18,26,24,26,28,23,21,20,17,39,27,28,22,24,29,25,15,16,8,11,9,3,2,3,4,0,1,0,1,2,2
전라북도 순창군 동계면(4577032000),"1,957","1,957",4,5,5,5,5,9,1,6,6,5,7,12,6,12,12,9,8,9,8,6,10,10,3,11,12,12,9,14,10,7,8,10,6,3,7,11,11,12,7,9,12,18,13,19,21,16,23,24,25,27,26,20,22,38,44,33,30,42,27,36,44,58,51,42,43,29,35,44,29,43,37,33,31,44,38,39,29,28,33,58,48,41,37,36,26,28,32,22,9,10,14,7,4,1,2,3,3,1,2,0,5
전라북도 순창군 풍산면(4577033000),"1,666","1,666",8,4,6,8,9,6,1,3,4,6,6,5,9,9,9,8,10,10,8,9,16,6,8,7,11,10,12,4,7,5,12,8,4,13,5,6,6,11,17,15,13,10,27,18,10,21,18,26,22,17,20,20,27,27,19,26,20,28,24,36,31,36,32,22,35,33,39,29,37,29,31,27,31,32,35,29,31,24,31,36,50,25,36,19,30,24,23,11,16,14,16,5,4,1,3,2,2,2,1,0,2
전라북도 순창군 금과면(4577034000),"1,678","1,678",3,4,9,7,1,3,6,1,1,2,3,4,4,4,8,3,10,9,14,8,8,11,8,5,9,14,11,6,6,5,5,11,9,14,6,10,14,10,10,8,9,9,12,9,4,7,17,19,15,20,23,27,33,28,24,27,29,39,33,40,46,59,67,36,47,38,41,38,29,30,27,29,36,24,27,30,15,19,16,39,41,26,28,26,19,26,27,20,16,17,8,7,1,2,3,4,1,1,1,1,2
전라북도 순창군 팔덕면(4577035000),"1,365","1,365",1,3,2,5,3,8,1,5,4,7,8,9,4,3,6,5,7,6,8,12,7,7,5,10,9,8,4,7,2,6,8,9,8,4,12,10,4,4,14,11,13,5,14,7,10,5,13,12,21,13,19,11,20,27,20,28,21,23,27,33,35,28,27,33,30,36,36,25,21,22,16,16,24,24,29,21,26,20,20,26,38,27,26,22,25,29,20,19,14,5,10,2,6,2,3,0,2,0,1,0,1
전라북도 순창군 쌍치면(4577036000),"1,930","1,930",2,8,7,3,5,6,6,4,6,9,8,10,10,8,14,17,11,7,18,8,12,9,10,13,7,13,8,12,8,15,7,8,1,9,15,12,11,10,9,8,7,17,11,10,14,11,21,28,22,25,24,31,27,34,29,40,45,37,47,50,41,58,65,42,48,58,49,42,34,33,17,31,35,39,24,37,21,35,30,42,36,28,39,29,22,17,24,10,11,4,6,10,7,6,2,0,1,2,0,1,0
전라북도 순창군 복흥면(4577037000),"2,115","2,115",7,8,9,7,5,14,4,11,9,15,11,21,11,20,16,17,10,13,9,11,13,15,16,14,7,10,7,8,12,13,7,4,11,11,12,7,11,14,7,18,18,12,11,15,12,14,16,23,24,36,32,35,27,32,34,50,45,39,31,38,71,55,63,43,52,44,41,54,35,35,25,35,26,29,47,39,38,36,37,48,43,42,30,25,26,19,16,13,12,6,9,11,8,3,4,1,4,0,0,1,0
전라북도 순창군 적성면(4577038000),"1,224","1,224",3,2,5,3,3,3,0,7,3,2,0,3,3,1,1,3,2,7,9,7,3,7,5,5,15,6,13,5,3,8,8,5,3,4,5,10,7,10,4,5,3,9,8,13,9,10,8,18,12,13,18,16,18,22,28,20,11,25,16,18,29,42,37,34,26,23,21,23,19,19,14,22,19,20,36,25,12,24,21,43,29,19,28,35,23,26,8,16,2,8,10,6,4,5,0,0,1,0,0,0,2
전라북도 순창군 유등면(4577039000),"1,044","1,044",3,1,4,4,3,4,3,3,2,2,3,2,6,3,1,8,7,5,6,5,5,5,8,8,4,9,7,1,4,8,5,4,4,7,6,7,3,3,5,5,8,11,14,6,11,5,9,12,16,18,8,14,8,19,14,18,17,14,14,18,21,31,23,16,19,12,25,20,25,20,17,18,30,23,24,22,18,14,15,28,17,29,20,21,18,17,14,7,11,12,10,2,1,1,2,1,1,0,1,0,1
전라북도 순창군 구림면(4577040000),"2,285","2,285",0,6,4,7,5,4,4,5,4,5,4,9,8,12,13,12,16,14,10,13,16,14,11,15,13,12,7,12,3,14,8,10,9,8,12,9,5,9,11,6,18,13,15,23,15,15,23,30,23,33,32,24,28,45,35,42,49,36,47,48,44,68,57,58,52,38,46,45,44,43,28,52,41,50,46,44,45,42,31,69,62,43,54,41,34,30,25,24,16,9,6,13,7,8,9,4,0,1,2,1,0
전라북도 고창군 (4579000000),"53,269","53,269",153,179,199,209,231,236,276,297,319,338,367,374,378,407,421,362,425,442,421,429,471,485,443,405,387,352,337,373,351,348,304,310,314,316,339,297,363,387,431,454,526,496,490,511,551,545,557,697,734,769,803,821,844,922,812,897,926,862,898,980,"1,075","1,236","1,090","1,109","1,096",978,973,"1,009",757,809,768,802,924,800,886,806,622,717,668,"1,002",923,674,722,711,578,485,511,441,320,269,224,185,166,86,91,56,33,22,17,32,25
전라북도 고창군 고창읍(4579025000),"21,017","21,017",105,125,146,137,166,171,202,202,226,218,246,234,237,248,254,229,292,288,258,264,270,296,231,216,217,199,187,199,187,206,172,171,163,165,182,168,211,226,252,274,300,268,263,278,323,279,279,334,371,383,375,371,338,379,325,354,318,306,310,342,352,397,326,339,324,270,270,288,217,225,192,202,240,193,182,194,138,161,133,174,182,122,125,136,99,98,94,94,70,50,40,35,30,20,24,12,4,7,2,10,10
전라북도 고창군 고수면(4579031000),"2,200","2,200",2,3,4,7,4,3,2,1,7,4,7,6,6,7,10,8,11,5,18,11,16,8,18,13,15,6,13,16,13,12,10,7,9,9,8,4,11,15,19,12,15,19,12,16,11,19,20,25,23,19,26,33,33,46,30,45,52,37,43,44,56,56,39,61,51,45,48,61,43,42,41,46,40,44,48,42,40,32,35,50,35,37,41,31,40,20,36,24,14,16,15,11,12,6,2,3,2,3,1,1,2
전라북도 고창군 아산면(4579032000),"2,596","2,596",6,3,6,2,8,11,5,7,11,14,8,11,9,7,10,7,8,11,7,9,12,12,20,12,10,22,16,16,13,6,17,13,12,13,10,11,18,17,13,7,20,20,23,20,16,20,28,27,28,22,39,48,50,48,44,49,43,51,39,57,71,72,55,63,72,52,66,53,50,42,47,47,54,50,62,46,25,38,42,59,64,34,50,57,39,34,24,24,18,12,13,15,6,4,4,3,1,2,1,2,1
전라북도 고창군 무장면(4579033000),"2,698","2,698",5,5,5,6,7,7,8,16,7,9,14,21,12,18,30,22,21,18,22,18,16,18,16,19,14,12,14,12,18,14,9,12,14,7,17,13,11,10,11,14,16,19,20,20,12,22,32,30,28,26,46,32,52,41,38,42,53,41,37,52,58,66,58,56,56,54,49,59,39,46,42,45,49,44,64,57,52,50,44,78,88,49,45,54,39,25,35,19,17,17,9,13,8,4,2,3,1,0,0,2,1
전라북도 고창군 공음면(4579034000),"2,464","2,464",3,8,3,9,0,4,3,7,7,9,10,15,13,12,13,6,6,13,10,13,11,16,15,10,13,6,9,14,14,15,10,9,9,18,16,13,8,14,11,18,21,15,21,17,23,15,27,19,23,33,22,30,37,37,37,32,45,46,46,52,51,70,62,65,57,54,44,55,50,51,33,49,63,36,54,48,38,38,42,61,63,55,57,56,33,24,34,24,13,15,10,10,16,6,6,2,3,0,2,0,3
전라북도 고창군 상하면(4579035000),"2,378","2,378",4,7,5,6,1,3,8,7,6,9,5,13,8,14,13,18,16,19,13,22,20,14,15,16,13,12,12,10,17,11,15,11,17,10,8,3,12,10,12,14,11,18,15,22,17,23,24,28,37,22,25,35,43,34,41,39,54,42,59,43,41,68,53,48,48,50,56,57,32,42,35,47,51,45,53,47,43,33,35,58,58,41,43,45,30,22,24,19,15,12,11,5,9,4,6,4,1,1,1,4,0
전라북도 고창군 해리면(4579036000),"2,681","2,681",2,4,5,8,4,4,5,12,8,11,13,4,10,7,7,6,5,10,23,17,19,15,9,18,11,15,11,17,13,11,10,10,14,8,15,9,9,7,14,12,24,14,19,13,18,23,20,20,36,30,26,29,34,50,32,33,42,35,54,53,65,72,66,61,70,67,60,71,58,55,53,57,55,54,76,50,57,51,43,83,57,46,54,42,47,40,36,22,24,17,11,13,9,6,5,7,1,0,0,2,1
전라북도 고창군 성송면(4579037000),"1,757","1,757",1,0,2,5,1,6,2,5,3,5,4,2,3,3,7,3,8,7,7,7,5,7,7,11,6,9,4,9,7,1,7,6,6,10,6,5,7,7,16,9,9,11,10,13,10,13,8,18,22,17,29,25,33,34,27,33,25,35,26,31,34,46,42,47,46,36,36,49,39,28,39,40,40,37,30,30,29,27,20,47,36,34,35,39,37,20,33,33,16,21,17,8,9,6,8,3,2,2,0,1,0
전라북도 고창군 대산면(4579038000),"3,211","3,211",2,5,6,2,8,5,9,7,11,11,12,14,9,16,18,11,14,15,12,16,20,10,23,17,19,17,12,12,14,15,10,9,16,11,13,12,13,15,17,16,21,22,30,25,24,26,23,31,33,33,36,51,47,48,56,62,48,59,72,62,90,97,69,77,73,78,65,61,57,56,63,48,71,64,69,60,44,65,69,91,70,59,64,57,50,50,34,38,30,24,10,13,11,4,4,3,7,3,3,4,3
전라북도 고창군 심원면(4579039000),"2,424","2,424",4,2,2,7,7,5,10,6,6,12,11,9,10,10,11,6,10,8,14,9,8,21,14,18,15,14,13,16,6,9,11,14,16,17,13,12,15,13,15,16,14,26,16,14,16,16,17,23,29,39,42,30,44,45,34,50,66,45,59,54,74,59,61,54,61,65,53,45,39,48,28,44,38,38,57,44,26,38,42,53,68,44,38,42,26,22,22,12,16,7,18,10,7,2,5,2,0,1,0,0,1
전라북도 고창군 흥덕면(4579040000),"3,110","3,110",7,9,5,7,6,5,12,7,9,14,16,14,11,19,13,19,10,20,11,17,26,30,24,20,19,12,18,15,23,15,12,17,9,21,12,16,18,23,12,16,32,23,19,19,33,21,25,50,37,49,42,45,37,48,56,59,67,45,60,63,62,78,84,87,71,66,81,64,38,52,57,45,67,58,49,50,37,43,45,74,65,45,53,39,41,43,38,35,25,26,21,14,14,7,6,3,2,0,4,1,1
전라북도 고창군 성내면(4579041000),"1,910","1,910",4,2,2,3,5,3,2,4,7,4,4,7,8,8,6,7,4,6,6,6,14,12,15,11,13,11,5,11,10,12,6,12,10,6,10,10,7,7,14,11,13,11,15,8,17,16,14,27,24,17,27,27,24,34,22,24,38,38,22,40,33,55,48,36,60,41,51,45,29,31,41,42,41,38,45,41,17,34,33,50,38,31,32,36,26,26,24,30,21,20,14,8,11,4,6,6,2,0,0,1,0
전라북도 고창군 신림면(4579042000),"2,166","2,166",2,1,3,4,5,5,2,9,6,5,7,11,6,17,7,12,6,12,8,10,17,11,22,14,10,14,15,15,2,12,6,8,9,8,15,11,13,12,7,12,14,15,8,18,13,24,22,20,20,41,26,28,39,40,29,38,35,32,29,42,44,48,52,47,56,43,49,43,32,39,46,44,45,36,35,43,36,52,34,53,48,37,39,33,29,26,44,31,20,14,14,10,13,7,6,3,4,2,3,1,1
전라북도 고창군 부안면(4579043000),"2,657","2,657",6,5,5,6,9,4,6,7,5,13,10,13,36,21,22,8,14,10,12,10,17,15,14,10,12,3,8,11,14,9,9,11,10,13,14,10,10,11,18,23,16,15,19,28,18,28,18,45,23,38,42,37,33,38,41,37,40,50,42,45,44,52,75,68,51,57,45,58,34,52,51,46,70,63,62,54,40,55,51,71,51,40,46,44,42,35,33,36,21,18,21,20,11,6,7,2,3,1,0,3,1
전라북도 부안군 (4580000000),"50,690","50,690",148,168,191,171,228,236,239,289,317,313,323,357,319,317,364,314,352,346,386,410,490,480,449,416,361,379,335,357,327,330,356,305,298,309,311,320,365,398,446,471,465,510,523,478,550,561,560,714,714,691,776,762,808,880,790,856,892,904,875,"1,003","1,058","1,186","1,097","1,040","1,127",914,"1,002","1,022",708,804,803,818,852,753,828,822,566,663,604,901,718,547,656,570,514,463,462,352,314,221,200,131,106,83,75,28,18,14,14,14,19
전라북도 부안군 부안읍(4580025000),"20,770","20,770",92,117,113,110,154,169,165,183,216,218,212,238,239,203,236,210,233,203,252,260,295,276,252,225,190,184,179,197,163,158,182,151,151,161,165,171,210,224,245,252,263,286,302,242,287,277,305,338,383,338,371,351,372,386,339,307,348,349,302,340,352,398,347,318,391,270,283,306,222,252,231,204,235,202,238,220,146,174,149,218,178,131,147,147,105,112,108,89,88,45,35,20,18,15,14,5,3,0,5,4,5
전라북도 부안군 주산면(4580031000),"1,871","1,871",3,6,2,4,1,4,4,5,4,4,5,3,3,3,5,5,2,6,8,7,11,14,17,11,11,11,9,15,7,9,10,6,16,5,13,8,10,13,10,10,12,11,9,13,16,17,14,19,11,12,23,20,30,27,22,38,25,26,31,50,38,48,50,53,49,45,53,53,27,36,38,43,37,32,30,36,38,34,17,63,33,31,27,26,34,34,34,25,18,17,9,10,8,9,5,2,1,1,0,0,1
전라북도 부안군 동진면(4580032000),"2,764","2,764",6,7,5,0,7,4,6,3,7,6,5,10,8,7,7,7,11,18,6,18,21,13,15,8,18,23,10,19,11,27,18,12,11,23,17,11,13,9,12,23,10,14,17,18,14,23,14,28,39,35,44,30,39,36,47,44,53,54,57,64,73,71,68,59,67,50,65,62,37,46,40,62,56,57,57,56,42,47,49,77,55,42,59,44,41,35,48,37,26,20,25,15,13,7,7,3,2,0,1,1,0
전라북도 부안군 행안면(4580033000),"2,166","2,166",7,2,11,5,4,1,5,6,9,5,13,11,7,11,12,9,11,14,12,12,10,13,11,16,14,7,11,10,15,17,18,21,20,14,11,15,16,16,17,23,19,15,17,21,13,14,26,26,24,29,35,33,30,34,38,35,45,43,43,49,51,73,47,59,57,42,47,48,25,33,39,32,26,32,47,38,25,26,31,48,34,24,36,23,28,26,22,20,13,18,13,10,8,6,3,1,1,1,0,0,2
전라북도 부안군 계화면(4580034000),"3,296","3,296",9,6,12,8,5,8,8,10,14,11,12,11,8,15,18,12,11,17,16,14,22,20,25,24,15,24,12,11,13,16,16,20,18,15,10,24,23,21,27,33,19,41,28,26,41,38,40,37,32,51,36,35,42,45,39,52,38,63,51,68,61,87,80,78,72,71,79,78,65,61,83,91,81,72,70,62,54,64,55,81,67,59,58,43,38,28,26,21,14,12,15,14,3,4,6,2,1,1,1,1,1
전라북도 부안군 보안면(4580035000),"2,371","2,371",6,2,5,2,5,2,6,4,7,2,7,10,4,11,10,5,8,4,10,5,14,7,9,6,10,15,5,14,14,13,8,4,7,10,11,9,10,12,10,13,10,12,10,14,12,19,17,28,23,18,24,34,30,35,34,49,52,45,59,45,71,63,58,51,71,65,59,60,37,44,57,50,52,44,50,59,42,42,39,54,59,44,54,34,38,44,31,27,17,19,10,10,8,5,6,2,3,1,2,1,2
전라북도 부안군 변산면(4580036000),"4,346","4,346",9,6,15,16,20,17,19,22,22,23,31,25,14,24,25,24,32,27,34,29,31,39,32,38,33,35,18,26,35,29,34,29,26,20,24,25,31,28,59,43,46,42,39,35,42,47,46,85,62,64,64,66,72,76,81,84,85,103,87,94,96,115,109,110,85,92,89,111,68,55,69,59,74,78,74,73,49,46,46,64,45,38,68,50,35,30,23,21,20,12,17,5,7,8,11,1,1,1,2,0,0
전라북도 부안군 진서면(4580037000),"2,258","2,258",4,7,6,6,10,6,6,9,11,4,10,10,12,4,12,7,5,10,10,18,16,16,17,18,16,14,12,12,10,11,8,8,11,11,10,8,15,13,17,14,19,23,13,22,22,23,17,28,23,19,36,32,31,37,30,50,41,43,44,52,61,58,66,63,74,53,66,62,43,43,39,41,60,42,39,44,20,33,37,50,28,23,19,25,31,17,21,20,13,5,6,6,6,2,3,0,1,4,1,1,3
전라북도 부안군 백산면(4580038000),"2,453","2,453",1,4,3,5,5,6,0,6,2,5,6,5,6,8,8,5,10,16,8,11,14,21,14,16,13,10,16,8,14,9,10,15,7,9,11,15,14,10,8,13,10,8,19,14,23,24,20,28,24,29,36,31,24,37,30,46,42,42,41,54,63,56,56,62,54,54,60,48,39,50,50,55,47,33,55,61,36,53,48,59,63,35,41,57,42,42,44,27,28,30,16,13,7,6,4,4,2,0,1,2,1
전라북도 부안군 상서면(4580039000),"2,160","2,160",5,3,7,4,3,6,6,12,6,4,4,9,5,8,9,8,5,9,9,9,13,20,12,17,13,13,17,17,10,14,13,8,10,16,14,6,5,17,8,12,15,16,10,16,19,19,12,24,18,19,22,37,42,45,30,42,48,37,44,49,47,47,58,44,57,47,52,42,38,43,36,43,44,45,36,43,37,36,32,45,33,36,38,35,32,40,34,15,24,9,16,7,7,5,2,3,0,1,0,0,1
전라북도 부안군 하서면(4580040000),"2,599","2,599",2,5,8,3,8,6,3,9,5,13,11,7,5,8,10,14,14,10,10,12,14,19,20,15,13,13,19,14,17,14,22,12,11,12,11,11,11,16,11,11,14,20,24,19,20,30,27,27,35,24,33,34,29,54,48,42,51,41,48,45,50,69,58,60,63,57,62,61,43,50,49,50,56,44,55,56,38,51,41,65,59,44,46,40,50,23,29,22,27,12,17,10,6,6,9,0,0,1,0,3,3
전라북도 부안군 줄포면(4580041000),"2,507","2,507",2,3,2,7,4,3,7,16,9,13,6,16,8,13,11,8,5,10,9,10,21,17,22,18,11,20,16,8,11,10,10,13,6,12,9,11,7,12,11,14,20,15,19,29,30,21,15,27,31,30,40,36,38,44,34,49,45,40,53,65,67,73,75,60,59,46,53,60,36,55,50,64,56,46,48,46,36,43,47,54,44,23,45,30,30,22,32,20,19,16,12,5,13,9,2,4,2,2,1,0,0
전라북도 부안군 위도면(4580042000),"1,129","1,129",2,0,2,1,2,4,4,4,5,5,1,2,0,2,1,0,5,2,2,5,8,5,3,4,4,10,11,6,7,3,7,6,4,1,5,6,0,7,11,10,8,7,16,9,11,9,7,19,9,23,12,23,29,24,18,18,19,18,15,28,28,28,25,23,28,22,34,31,28,36,22,24,28,26,29,28,3,14,13,23,20,17,18,16,10,10,10,8,7,6,9,6,2,1,3,1,1,1,0,1,0
