충청남도  (4400000000),"2,118,912","2,118,912","10,487","11,830","13,010","14,204","15,573","17,438","19,030","18,716","19,105","21,120","20,881","20,885","19,562","20,232","21,467","19,774","18,646","19,637","19,868","19,777","21,666","24,534","23,430","22,872","23,145","23,178","23,814","23,958","24,367","25,557","23,983","23,064","23,323","23,636","24,511","24,895","25,274","25,710","29,257","33,341","33,909","33,294","33,019","30,037","31,116","30,155","31,581","33,879","35,575","34,130","36,310","35,719","35,403","36,653","33,002","32,308","32,068","34,889","29,145","34,269","37,729","39,139","35,513","31,235","30,385","28,376","29,670","27,382","21,023","22,428","19,827","19,518","20,089","19,357","18,565","16,428","12,321","14,317","13,733","18,290","15,974","12,079","13,534","12,560","11,225","10,630","9,572","8,164","6,478","5,650","4,228","3,033","2,592","1,998","1,411",990,670,469,362,311,439
충청남도 천안시 (4413000000),"656,925","656,925","4,156","4,431","4,803","5,062","5,590","6,287","6,726","6,543","6,589","7,311","7,131","6,985","6,541","6,775","7,167","6,491","6,318","6,565","6,760","6,840","7,739","9,020","9,125","8,901","9,378","9,568","9,731","9,914","10,208","10,975","9,863","9,291","9,395","9,572","10,058","9,904","9,845","9,764","10,997","12,285","12,257","11,903","11,664","10,504","10,513","10,350","10,492","11,270","11,747","11,084","11,820","11,563","11,332","11,523","10,268","9,881","9,570","10,141","8,393","9,560","9,892","10,226","8,703","7,623","7,042","6,270","6,459","5,661","4,299","4,635","3,750","3,603","3,640","3,590","3,353","3,100","2,201","2,513","2,355","2,933","2,513","2,022","2,150","1,896","1,733","1,561","1,374","1,176",921,814,613,432,409,293,235,141,102,61,71,57,64
충청남도 천안시 동남구 (4413100000),"255,083","255,083","1,210","1,284","1,525","1,561","1,706","1,999","2,174","2,192","2,257","2,587","2,473","2,620","2,458","2,535","2,793","2,506","2,407","2,493","2,572","2,690","3,079","3,539","3,522","3,416","3,540","3,544","3,431","3,461","3,447","3,429","3,246","2,896","2,831","2,850","2,950","2,873","3,045","3,079","3,618","3,933","4,136","4,120","4,292","3,880","3,937","3,892","4,164","4,387","4,732","4,294","4,698","4,638","4,518","4,663","4,244","4,224","4,081","4,428","3,609","4,260","4,637","4,887","4,044","3,648","3,411","3,151","3,188","2,836","2,229","2,342","1,938","1,886","1,882","1,816","1,676","1,565","1,110","1,348","1,236","1,483","1,333","1,055","1,081","1,008",903,834,731,613,456,467,323,236,218,155,121,76,52,33,43,34,30
충청남도 천안시 동남구 목천읍(4413125000),"24,352","24,352",78,91,108,129,141,183,190,194,208,219,244,258,242,247,290,235,260,242,258,293,308,335,336,316,273,288,240,271,231,229,255,211,193,192,224,215,235,240,303,324,372,367,402,369,401,414,424,477,553,507,534,527,461,532,472,473,436,443,356,399,458,489,408,363,332,306,269,279,226,230,188,168,184,190,164,166,114,165,144,154,140,96,119,134,106,92,78,75,58,67,33,25,23,17,14,9,7,5,3,3,3
충청남도 천안시 동남구 풍세면(4413131000),"4,091","4,091",2,3,8,6,9,15,17,18,14,11,22,11,14,21,24,22,20,26,25,34,29,32,36,38,35,44,47,41,49,41,38,36,26,33,25,22,32,28,25,35,43,30,49,37,35,41,39,44,51,61,62,59,55,76,65,71,78,88,71,107,101,130,128,98,88,99,98,98,65,73,72,66,64,56,53,42,23,48,49,60,51,35,37,37,42,30,36,33,21,21,21,7,10,8,5,4,1,1,2,1,1
충청남도 천안시 동남구 광덕면(4413132000),"4,262","4,262",3,3,8,9,9,9,14,14,16,17,10,22,9,18,19,15,15,23,20,17,14,36,28,31,43,25,44,31,33,33,36,37,24,24,27,36,24,18,31,31,34,40,37,49,27,39,36,48,48,58,58,75,69,69,93,80,97,87,88,113,130,153,129,107,99,113,128,93,76,91,68,65,65,59,72,53,35,60,43,44,49,51,47,50,40,30,37,35,20,20,25,9,11,9,7,5,4,2,2,3,2
충청남도 천안시 동남구 북면(4413133000),"4,373","4,373",3,3,10,10,9,12,13,17,8,20,13,27,17,19,22,26,28,20,24,26,35,42,44,38,33,44,29,35,43,40,32,32,31,30,34,21,29,28,38,32,41,47,57,36,38,55,47,43,70,62,88,67,78,79,72,88,96,112,86,99,122,148,130,126,91,110,98,78,76,78,52,62,60,63,57,47,43,45,37,56,40,39,48,40,41,44,36,29,15,14,20,18,11,2,10,4,1,0,2,1,1
충청남도 천안시 동남구 성남면(4413134000),"3,088","3,088",3,2,6,7,5,8,8,8,11,10,8,14,11,15,11,16,14,22,19,16,26,25,13,23,26,28,21,17,22,23,15,16,19,13,19,15,21,15,20,21,20,34,21,31,34,23,39,29,38,33,50,57,64,49,41,59,56,67,59,75,89,103,79,85,83,72,81,73,57,70,51,46,63,54,48,40,35,39,34,51,45,29,43,22,32,26,35,24,14,17,16,17,7,6,2,3,3,0,2,1,0
충청남도 천안시 동남구 수신면(4413135000),"2,251","2,251",1,0,3,3,5,3,6,3,9,9,5,10,6,8,6,8,6,12,8,9,17,8,13,24,21,14,21,14,19,21,15,19,24,12,15,14,18,13,12,21,18,22,18,11,16,21,28,21,34,24,34,25,34,46,42,39,39,48,49,49,71,66,64,55,64,52,62,48,36,44,35,41,38,33,34,28,24,27,34,42,33,19,41,29,31,29,26,19,10,15,8,5,6,5,1,1,1,0,1,0,0
충청남도 천안시 동남구 병천면(4413136000),"6,224","6,224",11,14,20,22,18,30,20,34,33,42,36,40,20,37,31,39,31,36,35,39,44,65,94,80,100,81,83,78,73,77,65,46,51,50,54,63,56,53,58,60,74,83,61,72,70,69,74,82,87,81,91,126,110,105,124,109,119,124,109,135,164,161,131,135,134,124,123,113,78,80,84,89,65,68,72,86,35,51,42,65,54,59,52,52,33,43,36,35,32,28,18,11,15,10,5,4,1,6,3,3,0
충청남도 천안시 동남구 동면(4413137000),"2,059","2,059",1,3,0,1,2,2,2,1,1,5,6,2,6,7,5,8,3,5,11,10,10,18,12,14,16,14,12,12,13,7,15,12,10,7,9,3,9,8,11,9,9,16,10,7,18,16,20,24,20,18,26,22,41,22,40,40,34,59,48,66,65,64,57,49,57,44,64,44,46,53,51,29,39,46,34,34,26,32,30,42,36,35,30,30,23,21,21,22,17,17,8,8,6,3,4,3,4,2,1,2,2
충청남도 천안시 동남구 중앙동(4413151000),"5,382","5,382",20,20,14,19,20,17,19,16,18,19,20,18,26,21,30,28,36,29,32,34,35,39,53,48,57,58,58,50,65,87,66,39,54,59,61,38,43,55,49,49,62,53,62,48,63,58,65,65,92,72,101,90,84,127,94,89,101,97,97,115,147,153,138,130,116,106,113,101,89,91,79,70,84,66,57,79,60,64,61,53,51,53,54,50,36,25,23,16,12,20,4,11,9,0,4,0,0,0,2,0,1
충청남도 천안시 동남구 문성동(4413152000),"4,090","4,090",29,19,16,16,16,16,11,10,15,16,8,21,13,18,18,8,17,30,31,33,35,48,48,53,60,72,60,78,60,87,68,68,61,49,57,62,53,47,49,60,54,47,51,50,75,46,53,64,60,68,67,59,57,58,70,63,77,77,69,81,100,114,85,83,77,73,63,70,49,55,37,40,48,35,46,33,25,33,30,32,27,17,24,20,13,16,10,12,9,8,6,3,7,1,2,2,1,0,2,0,0
충청남도 천안시 동남구 원성1동(4413153000),"8,624","8,624",21,26,36,29,43,40,46,45,46,45,50,64,52,56,61,62,67,61,81,80,92,113,99,86,119,121,93,114,111,113,95,75,83,57,80,66,81,94,104,106,88,110,118,89,100,134,106,124,150,127,147,148,152,169,175,160,187,192,145,199,210,213,190,153,141,160,154,150,103,99,118,94,109,98,92,97,46,60,50,75,65,48,38,48,40,49,39,33,24,27,15,13,12,8,6,4,2,2,3,1,2
충청남도 천안시 동남구 원성2동(4413154000),"9,201","9,201",15,14,20,21,12,25,38,40,33,40,45,40,58,43,72,78,73,59,75,89,88,97,103,107,128,115,120,129,122,122,102,87,78,80,70,76,72,77,78,101,118,111,103,119,112,120,132,150,163,157,169,169,180,207,188,180,167,184,144,188,218,228,205,176,167,145,162,152,117,138,110,110,108,124,87,110,70,89,82,91,91,78,68,71,71,44,33,30,31,28,17,14,10,11,2,3,1,0,3,3,0
충청남도 천안시 동남구 봉명동(4413155000),"18,036","18,036",100,88,95,82,86,118,94,109,130,140,122,125,117,129,152,155,149,136,154,174,188,236,243,253,292,277,303,295,335,329,287,277,238,219,245,218,212,245,254,281,276,267,269,255,270,255,287,341,364,319,344,345,311,358,341,322,296,303,251,303,357,375,292,279,288,235,249,221,170,157,136,140,126,120,142,109,83,88,76,92,98,64,53,44,40,58,33,28,20,27,14,15,11,13,12,5,1,0,1,3,2
충청남도 천안시 동남구 일봉동(4413156000),"22,963","22,963",77,98,145,151,178,199,246,239,267,342,301,344,363,322,365,313,291,303,270,264,320,297,287,285,267,256,251,236,209,226,190,193,159,205,222,220,236,255,300,357,398,406,453,408,423,406,422,435,473,421,459,424,447,423,428,384,360,434,314,387,380,385,317,287,263,255,247,216,155,190,147,131,153,143,142,128,97,110,77,118,107,83,84,58,50,59,56,36,27,21,19,15,14,10,9,7,2,7,2,1,1
충청남도 천안시 동남구 신방동(4413157000),"44,307","44,307",248,250,310,350,337,477,503,518,518,635,637,611,589,637,648,541,502,549,543,495,528,642,593,540,579,610,593,675,646,632,654,546,580,585,582,561,615,616,758,854,885,890,963,880,832,807,918,910,929,822,869,825,831,763,682,671,623,671,507,600,574,603,500,422,372,313,308,274,225,210,194,209,158,160,142,137,98,101,103,151,130,93,97,88,87,69,70,49,45,50,25,16,19,16,11,5,6,3,2,5,2
충청남도 천안시 동남구 청룡동(4413158000),"54,786","54,786",336,396,444,448,570,586,650,676,648,711,698,732,694,705,779,708,656,676,653,673,702,728,669,665,689,680,617,647,684,670,671,661,645,675,681,712,796,779,979,"1,027","1,090","1,067","1,091",962,951,945,982,"1,037","1,060",947,"1,032",995,960,923,772,834,771,832,698,732,800,815,669,610,562,548,539,433,358,381,289,271,260,267,235,198,168,192,195,209,186,140,135,120,125,107,91,83,61,53,51,25,29,20,18,13,13,3,6,3,8
충청남도 천안시 동남구 신안동(4413159000),"36,994","36,994",262,254,282,258,246,259,297,250,282,306,248,281,221,232,260,244,239,264,333,404,608,778,851,815,802,817,839,738,732,692,642,541,555,560,545,531,513,508,549,565,554,530,527,457,472,443,492,493,540,517,567,625,584,657,545,562,544,610,518,612,651,687,522,490,477,396,430,393,303,302,227,255,258,234,199,178,128,144,149,148,130,116,111,115,93,92,71,54,40,34,23,24,18,16,9,4,4,2,6,4,5
충청남도 천안시 서북구 (4413300000),"401,842","401,842","2,946","3,147","3,278","3,501","3,884","4,288","4,552","4,351","4,332","4,724","4,658","4,365","4,083","4,240","4,374","3,985","3,911","4,072","4,188","4,150","4,660","5,481","5,603","5,485","5,838","6,024","6,300","6,453","6,761","7,546","6,617","6,395","6,564","6,722","7,108","7,031","6,800","6,685","7,379","8,352","8,121","7,783","7,372","6,624","6,576","6,458","6,328","6,883","7,015","6,790","7,122","6,925","6,814","6,860","6,024","5,657","5,489","5,713","4,784","5,300","5,255","5,339","4,659","3,975","3,631","3,119","3,271","2,825","2,070","2,293","1,812","1,717","1,758","1,774","1,677","1,535","1,091","1,165","1,119","1,450","1,180",967,"1,069",888,830,727,643,563,465,347,290,196,191,138,114,65,50,28,28,23,34
충청남도 천안시 서북구 성환읍(4413325000),"23,763","23,763",59,55,60,70,91,107,130,114,158,179,198,222,211,224,209,230,181,204,228,233,276,319,329,278,298,258,267,260,232,229,189,158,175,181,153,172,207,198,243,291,308,286,324,316,333,330,368,395,429,426,475,469,444,437,404,420,439,423,321,426,498,521,519,424,421,384,423,377,280,302,264,263,280,268,303,267,185,185,177,269,186,174,192,169,137,128,107,91,91,54,45,31,27,26,12,12,5,3,7,3,4
충청남도 천안시 서북구 성거읍(4413325300),"21,452","21,452",99,116,123,167,140,189,184,196,187,223,257,213,233,250,243,223,216,220,229,222,227,267,259,216,225,271,250,301,264,225,230,198,210,240,225,226,244,286,325,349,384,405,452,411,385,364,363,443,418,435,421,423,444,426,349,345,348,368,333,316,345,394,312,285,253,242,250,203,193,206,152,156,134,150,128,122,93,100,76,113,94,96,87,69,71,62,49,54,45,39,20,14,15,6,8,2,1,3,4,2,3
충청남도 천안시 서북구 직산읍(4413325600),"20,044","20,044",100,97,105,110,132,132,147,152,158,191,161,184,157,192,216,169,174,166,214,200,234,233,231,218,250,260,258,252,247,297,222,236,231,263,257,255,278,286,307,312,360,371,376,335,341,351,353,372,380,405,396,366,380,394,336,372,329,347,334,331,347,348,318,259,275,216,245,219,166,182,133,121,126,137,140,119,99,105,101,114,97,92,91,89,66,71,52,42,46,25,20,17,13,13,5,8,4,4,2,1,3
충청남도 천안시 서북구 입장면(4413331000),"8,418","8,418",12,11,27,16,22,41,25,30,31,47,34,49,32,49,60,58,48,51,58,64,71,71,96,80,97,77,102,79,94,93,72,76,71,59,65,64,76,57,73,75,82,79,74,110,89,95,105,123,121,129,158,151,150,179,205,181,171,177,168,215,184,236,199,187,184,147,165,153,136,145,104,88,103,105,105,97,69,83,87,102,88,59,80,69,60,59,58,37,29,25,25,16,16,7,13,8,4,5,3,2,1
충청남도 천안시 서북구 성정1동(4413351000),"17,866","17,866",98,78,91,77,91,92,87,98,93,97,109,97,96,86,113,116,123,130,153,150,156,211,197,224,286,293,315,345,335,333,297,302,275,263,262,260,229,250,234,249,253,243,263,251,269,230,237,266,331,296,342,330,353,392,300,308,298,371,288,361,335,364,303,329,274,217,238,230,156,177,137,161,159,143,131,119,104,102,101,110,95,70,83,56,53,46,42,38,25,13,26,11,14,10,4,4,5,0,2,2,4
충청남도 천안시 서북구 성정2동(4413352000),"25,968","25,968",83,79,71,82,98,88,80,104,92,111,111,91,115,111,109,112,103,128,134,178,275,391,453,503,614,752,802,891,926,944,779,690,616,572,580,504,483,442,483,472,475,431,421,382,350,355,314,360,363,372,413,411,365,410,357,367,360,350,310,330,336,388,334,280,283,253,257,220,134,186,133,117,126,136,110,110,65,69,68,94,71,66,67,54,46,29,31,31,21,34,12,8,15,8,10,7,5,1,3,1,1
충청남도 천안시 서북구 쌍용1동(4413353000),"13,715","13,715",32,50,66,65,69,77,103,103,92,99,118,109,97,107,120,118,117,137,131,135,125,210,199,241,237,279,285,259,257,241,235,189,161,185,190,174,152,147,202,198,154,189,203,171,159,161,185,197,208,219,223,227,221,272,235,234,227,279,232,259,300,275,263,242,239,193,192,162,112,128,109,107,96,77,74,98,47,68,55,72,51,46,48,45,44,36,29,29,22,23,15,9,13,12,7,5,1,1,2,1,1
충청남도 천안시 서북구 쌍용2동(4413354000),"37,195","37,195",189,220,249,251,289,325,353,333,395,390,444,410,434,449,486,432,468,495,524,556,574,641,615,606,584,556,597,548,586,637,537,466,492,477,482,481,442,421,489,602,616,627,612,542,595,630,590,730,720,709,769,742,737,745,671,645,661,678,497,609,552,586,486,403,343,276,309,258,165,196,170,147,150,150,141,128,81,89,94,112,91,55,102,79,56,55,56,46,47,28,28,18,17,13,9,1,3,1,1,2,1
충청남도 천안시 서북구 쌍용3동(4413355000),"18,640","18,640",77,90,80,79,125,156,149,149,183,168,187,210,197,197,268,222,243,240,275,234,260,276,291,255,254,252,249,245,252,232,247,204,189,191,206,200,197,209,241,299,307,276,265,290,278,311,315,362,334,302,381,385,390,402,362,330,333,321,319,286,346,309,292,255,218,200,182,165,134,138,119,110,83,119,107,84,72,90,52,102,94,66,65,57,81,52,44,38,29,26,17,15,12,12,14,5,4,2,0,1,2
충청남도 천안시 서북구 백석동(4413356000),"40,260","40,260",248,322,352,424,532,583,677,654,608,781,713,681,604,600,627,546,485,518,464,481,474,543,546,490,514,438,482,433,494,575,454,466,487,538,651,604,664,706,750,978,964,969,851,766,773,768,692,732,740,702,727,661,643,673,617,501,530,558,413,473,481,438,373,336,295,241,245,172,143,152,129,92,111,113,110,107,60,66,69,80,69,50,57,44,46,43,41,43,20,21,23,8,13,10,7,1,2,1,0,3,5
충청남도 천안시 서북구 불당1동(4413356600),"32,870","32,870",353,370,333,345,348,335,395,381,368,425,445,443,421,448,488,480,470,493,463,410,432,490,460,423,423,442,423,451,475,551,542,609,647,611,617,593,582,598,572,674,648,627,653,553,593,587,653,656,710,700,654,671,613,617,505,437,388,394,369,365,335,287,261,193,164,144,136,133,85,87,70,47,65,61,55,45,43,39,35,36,45,35,35,34,36,25,27,18,17,9,10,11,7,4,4,0,3,1,1,1,4
충청남도 천안시 서북구 불당2동(4413356700),"36,756","36,756",383,420,455,547,569,699,764,807,796,781,775,635,559,547,505,452,440,442,398,356,382,392,404,313,340,360,385,381,406,551,512,497,597,692,683,842,784,849,"1,014","1,180","1,109","1,029",928,832,747,728,690,716,637,595,613,556,539,468,382,342,301,310,234,252,224,214,168,133,110,101,108,91,57,79,44,46,55,38,40,33,30,23,30,30,33,21,23,8,27,21,15,8,7,6,7,5,5,2,4,3,1,1,1,0,2
충청남도 천안시 서북구 부성1동(4413358000),"47,285","47,285",446,410,401,376,385,400,446,310,368,393,335,340,370,398,388,362,393,438,502,508,651,812,936,971,"1,032","1,004","1,061","1,102","1,196","1,331","1,139","1,052","1,015",962,998,951,838,789,884,886,866,835,734,645,752,708,680,750,799,753,797,804,832,751,708,607,620,599,548,561,532,518,446,335,303,297,282,237,170,183,126,165,162,173,125,127,97,93,105,140,99,89,82,76,65,57,57,58,40,26,21,21,16,6,8,5,5,3,2,3,2
충청남도 천안시 서북구 부성2동(4413359000),"57,610","57,610",767,829,865,892,993,"1,064","1,012",920,803,839,771,681,557,582,542,465,450,410,415,423,523,625,587,667,684,782,824,906,997,"1,307","1,162","1,252","1,398","1,488","1,739","1,705","1,624","1,447","1,562","1,787","1,595","1,416","1,216","1,020",912,840,783,781,825,747,753,729,703,694,593,568,484,538,418,516,440,461,385,314,269,208,239,205,139,132,122,97,108,104,108,79,46,53,69,76,67,48,57,39,42,43,35,30,26,18,21,12,8,9,9,4,7,2,0,1,1
충청남도 공주시 (4415000000),"102,960","102,960",330,385,417,432,444,527,604,624,662,757,733,783,695,716,811,790,744,779,845,960,"1,063","1,308","1,216","1,119","1,098","1,063","1,022","1,043",989,915,863,832,836,814,818,839,854,863,974,"1,116","1,229","1,183","1,176","1,161","1,270","1,126","1,266","1,445","1,513","1,486","1,611","1,676","1,751","1,799","1,773","1,649","1,657","2,030","1,705","2,027","2,360","2,329","2,294","2,028","2,012","1,926","2,011","1,865","1,339","1,523","1,306","1,338","1,371","1,275","1,146","1,061",833,995,857,"1,249","1,105",866,960,866,772,704,660,603,474,402,337,233,185,152,85,69,51,20,23,25,34
충청남도 공주시 유구읍(4415025000),"7,202","7,202",16,19,21,15,19,21,17,24,34,39,43,40,36,22,41,43,33,36,37,42,50,53,35,46,51,37,31,43,37,37,39,41,42,40,37,38,39,29,43,57,74,66,58,64,77,64,86,85,75,75,99,106,102,107,111,116,116,146,143,161,215,209,239,193,185,173,195,170,120,179,123,147,127,114,107,101,91,116,88,115,105,83,106,95,88,66,67,64,38,35,25,17,17,10,7,5,4,0,3,2,4
충청남도 공주시 이인면(4415031000),"3,184","3,184",4,5,3,11,1,11,10,14,12,11,14,11,7,11,11,16,11,12,9,17,15,20,19,17,19,17,20,15,30,14,20,22,12,14,15,31,23,15,16,22,16,24,28,18,21,15,22,28,37,31,51,39,39,51,45,65,63,67,63,91,86,76,104,76,77,77,95,69,51,65,65,65,57,69,64,34,41,46,41,57,55,51,51,43,45,34,39,34,27,32,19,9,8,11,4,5,4,1,2,2,2
충청남도 공주시 탄천면(4415032000),"2,926","2,926",4,4,5,2,4,7,5,11,7,13,11,7,14,13,13,21,10,13,13,8,13,26,8,19,14,17,21,15,15,22,16,15,15,19,17,20,18,17,24,16,19,20,17,17,22,18,18,26,27,26,40,30,40,35,52,41,44,57,42,58,84,81,79,71,83,61,82,73,48,48,54,72,61,58,56,44,40,45,35,64,50,38,59,46,50,44,45,25,37,24,35,10,11,8,8,4,3,1,3,3,2
충청남도 공주시 계룡면(4415033000),"5,341","5,341",3,7,13,8,11,7,10,22,21,20,24,24,32,14,23,27,29,28,31,28,30,34,31,34,31,42,12,33,33,29,17,20,28,19,21,31,29,21,31,38,29,30,36,32,51,32,43,56,66,46,74,77,92,103,90,108,88,116,90,140,144,144,164,134,158,151,143,145,107,107,111,98,127,103,64,83,62,68,71,105,81,68,83,68,63,67,59,45,33,34,25,21,17,13,8,6,8,0,2,4,2
충청남도 공주시 반포면(4415034000),"4,237","4,237",5,9,9,8,16,17,17,15,16,21,25,25,16,12,15,17,23,22,17,16,28,33,30,32,37,34,27,28,34,29,27,35,21,31,30,21,30,22,28,51,50,40,31,38,41,42,33,55,53,71,76,75,74,99,103,89,96,111,95,114,133,134,127,98,123,108,115,97,80,73,56,68,57,51,44,44,45,39,42,57,47,32,43,38,18,22,24,30,21,5,8,12,8,7,7,2,3,0,3,0,1
충청남도 공주시 의당면(4415036000),"4,632","4,632",7,12,12,18,12,17,19,19,25,33,28,32,24,30,42,35,34,33,40,42,45,43,49,46,55,46,48,45,41,36,41,32,24,37,33,36,27,27,41,42,41,53,54,46,63,50,60,68,85,66,72,82,87,89,93,68,94,102,89,113,123,104,118,120,74,78,111,95,61,60,63,61,64,63,37,49,33,36,38,58,44,45,39,40,37,35,29,27,27,19,18,12,11,5,7,3,0,0,1,1,3
충청남도 공주시 정안면(4415037000),"4,619","4,619",10,9,9,7,10,4,12,18,13,15,24,15,17,29,17,25,24,15,32,20,24,31,28,20,25,25,32,34,31,22,25,21,23,15,22,24,21,35,25,22,34,29,30,40,34,42,43,48,61,49,59,47,68,68,59,67,70,121,91,112,145,151,127,117,145,114,115,128,66,101,84,86,86,81,66,65,51,65,57,84,71,63,66,62,73,51,52,46,46,47,23,26,17,18,5,5,1,4,2,3,2
충청남도 공주시 우성면(4415038000),"5,172","5,172",4,12,9,11,14,17,20,24,16,17,22,32,25,31,26,27,27,27,35,31,33,31,39,34,54,22,39,32,27,27,26,40,31,24,37,26,29,29,33,36,43,43,34,47,42,59,48,49,63,73,73,88,76,74,100,86,68,122,99,114,138,156,122,132,127,136,114,113,81,106,84,77,107,96,75,61,62,66,68,93,92,57,65,63,73,61,47,57,42,30,27,22,16,8,6,4,4,3,0,1,3
충청남도 공주시 사곡면(4415039000),"2,844","2,844",6,1,3,5,3,8,2,9,9,10,12,16,16,13,16,19,20,11,23,12,8,18,10,19,15,17,23,16,13,20,8,13,11,13,8,20,12,11,10,23,22,14,17,24,15,23,23,24,35,36,42,40,46,47,50,41,42,66,53,53,72,82,72,68,68,63,75,71,69,67,52,43,57,43,49,41,31,53,37,63,49,45,52,67,35,44,38,31,20,13,18,10,11,8,2,5,1,1,1,0,2
충청남도 공주시 신풍면(4415040000),"3,153","3,153",5,7,4,11,6,7,5,6,9,7,10,9,9,9,10,8,5,9,11,9,7,12,15,13,14,16,13,18,18,15,16,9,16,12,12,14,22,18,20,20,24,26,25,18,29,24,35,35,33,44,29,40,55,56,41,57,69,69,61,80,101,99,101,93,105,84,88,99,78,58,67,74,65,53,50,45,44,47,41,60,57,23,50,38,31,25,29,30,22,24,21,10,13,6,6,2,2,1,0,0,5
충청남도 공주시 중학동(4415051000),"4,575","4,575",15,13,24,11,17,16,19,23,19,24,22,25,28,27,35,32,30,25,35,49,51,97,73,65,48,57,50,45,59,42,44,39,35,30,27,37,37,30,36,56,36,48,46,47,54,47,55,63,70,77,74,75,83,84,81,63,84,86,79,82,82,88,93,81,82,85,72,95,71,65,50,64,65,52,78,63,37,53,44,67,62,40,52,38,24,32,33,26,22,20,12,9,6,13,1,4,8,2,1,2,0
충청남도 공주시 웅진동(4415054000),"8,226","8,226",41,41,40,48,40,43,53,56,44,51,57,50,55,61,67,66,72,74,73,74,103,83,104,85,88,105,95,81,95,92,80,63,80,83,81,67,84,80,92,106,95,117,102,110,126,96,105,119,150,116,121,140,143,139,137,125,138,143,118,157,178,175,166,160,146,139,153,150,89,123,105,91,115,96,85,79,58,70,64,82,86,73,61,49,54,48,44,26,27,21,18,14,8,9,4,2,3,2,1,1,1
충청남도 공주시 금학동(4415055000),"5,326","5,326",16,14,17,17,29,37,30,39,50,48,60,60,54,56,58,53,53,45,69,66,77,118,89,73,66,58,53,53,40,50,57,53,50,45,41,52,46,53,54,68,56,72,71,69,92,61,73,82,84,86,90,102,98,74,88,72,82,80,95,93,97,109,92,87,100,108,96,65,65,65,61,58,48,55,37,53,21,42,30,53,48,34,36,20,23,16,32,16,12,20,11,10,4,4,1,3,3,1,1,2,0
충청남도 공주시 옥룡동(4415056000),"7,836","7,836",25,20,23,24,17,22,35,35,38,51,48,53,52,46,59,51,39,64,59,73,62,80,79,64,70,95,87,93,82,80,71,69,72,60,55,48,52,56,63,75,102,104,90,89,99,85,92,115,100,120,107,137,138,145,157,137,126,192,163,159,203,190,178,158,176,148,169,155,100,113,87,94,105,98,106,110,70,94,71,103,83,85,65,62,50,50,38,44,32,19,32,16,6,9,2,4,1,1,2,1,2
충청남도 공주시 신관동(4415057000),"19,480","19,480",91,103,103,105,102,141,131,130,165,181,152,201,162,185,188,191,199,199,206,299,354,435,413,376,336,314,306,319,273,240,227,216,228,224,223,208,191,228,232,238,288,248,284,289,279,255,318,327,330,316,365,348,346,364,348,304,288,326,246,292,354,304,320,289,226,246,238,218,159,175,151,154,139,148,148,111,100,96,80,117,103,86,76,76,56,60,59,58,37,31,21,18,20,8,6,7,2,3,0,3,1
충청남도 공주시 월송동(4415059000),"14,207","14,207",78,109,122,131,143,152,219,179,184,216,181,183,148,157,190,159,135,166,155,174,163,194,194,176,175,161,165,173,161,160,149,144,148,148,159,166,194,192,226,246,300,249,253,213,225,213,212,265,244,254,239,250,264,264,218,210,189,226,178,208,205,227,192,151,137,155,150,122,94,118,93,86,91,95,80,78,47,59,50,71,72,43,56,61,52,49,25,44,31,28,24,17,12,15,11,8,4,0,1,0,4
충청남도 보령시 (4418000000),"97,967","97,967",361,403,441,459,548,583,626,675,673,741,764,817,739,779,830,808,748,802,826,842,890,966,929,929,929,817,911,895,826,852,803,762,751,739,800,850,876,876,"1,052","1,171","1,191","1,247","1,233","1,182","1,254","1,174","1,351","1,522","1,573","1,578","1,619","1,593","1,613","1,750","1,598","1,567","1,535","1,855","1,498","1,848","2,112","2,265","2,020","1,802","1,820","1,678","1,894","1,749","1,319","1,345","1,348","1,281","1,324","1,308","1,242","1,027",804,953,920,"1,179",991,767,857,852,700,670,606,495,411,304,244,213,179,108,84,73,45,35,28,19,26
충청남도 보령시 웅천읍(4418025000),"6,036","6,036",11,9,4,10,17,10,14,16,13,22,23,20,26,27,20,29,29,33,26,44,52,37,39,34,43,31,33,38,29,34,22,32,27,30,32,38,30,35,36,42,37,45,50,43,55,50,56,53,68,88,70,99,87,127,95,104,91,136,99,131,144,187,178,148,172,165,146,163,118,134,113,109,126,123,108,95,70,81,83,119,106,61,89,72,75,65,57,48,39,35,28,23,30,10,9,11,5,5,5,0,0
충청남도 보령시 주포면(4418031000),"1,616","1,616",0,4,3,5,1,4,3,3,1,10,4,3,6,8,5,9,11,9,9,18,29,25,25,12,17,12,8,12,7,9,9,12,5,8,2,4,8,13,15,8,12,15,8,12,12,14,16,24,14,26,24,28,20,27,21,25,18,41,32,23,46,44,46,45,34,47,40,43,38,29,40,28,27,39,25,27,23,20,16,25,22,13,12,16,12,12,19,14,13,6,6,2,5,4,5,4,1,0,0,0,0
충청남도 보령시 오천면(4418032000),"2,140","2,140",3,4,3,1,1,2,5,1,5,8,8,4,8,6,10,10,13,22,12,18,13,18,21,11,14,6,19,10,11,4,15,8,7,11,5,13,12,15,19,17,11,24,22,19,26,10,27,29,25,30,40,32,43,32,35,40,30,43,32,52,54,67,68,56,53,44,59,47,43,42,38,49,41,45,45,34,22,30,23,27,25,27,36,23,17,27,19,20,16,12,5,7,8,4,3,2,3,0,2,1,1
충청남도 보령시 오천면어항출장소(4418032500),"1,588","1,588",5,6,5,4,5,3,7,7,7,6,6,10,8,11,6,11,9,10,12,11,10,9,19,14,9,10,12,14,8,10,3,2,6,13,9,9,11,8,11,17,20,20,18,16,16,17,25,18,33,27,15,25,25,35,23,42,32,40,28,30,49,45,35,41,32,45,46,35,40,21,30,25,19,28,23,18,13,10,14,17,13,15,23,11,14,17,12,8,5,5,5,2,5,2,2,1,0,3,0,0,1
충청남도 보령시 원산도출장소(4418032800),"1,098","1,098",0,2,1,3,2,4,1,5,1,8,4,1,7,3,7,5,4,5,12,7,13,13,9,4,9,4,6,3,4,5,2,4,6,5,5,6,3,8,8,12,8,8,7,5,7,11,14,7,17,15,14,17,19,21,17,18,20,25,25,25,32,36,28,26,21,24,20,20,23,22,28,23,26,32,26,12,8,11,8,14,22,13,14,22,14,8,12,14,6,3,6,1,4,3,2,2,0,0,1,0,0
충청남도 보령시 천북면(4418033000),"3,415","3,415",5,10,9,8,10,10,9,14,8,14,15,16,15,13,18,10,9,18,25,20,22,25,21,23,21,16,15,20,19,22,17,14,20,14,12,25,22,23,14,29,29,18,23,29,29,33,30,49,40,39,38,53,25,48,58,66,59,68,57,74,92,111,75,91,82,87,82,94,61,71,62,67,78,59,52,68,41,53,39,67,47,45,47,60,43,38,43,32,34,17,21,13,4,4,4,5,3,3,2,2,1
충청남도 보령시 청소면(4418034000),"2,575","2,575",2,6,3,8,5,4,5,11,8,4,7,8,9,5,11,5,14,11,8,16,14,13,9,20,9,23,22,10,9,10,15,13,11,11,9,11,13,17,12,12,18,20,17,11,17,10,15,32,30,28,31,36,31,27,42,46,35,48,38,66,65,74,63,62,59,47,66,69,47,44,57,55,56,54,53,42,26,56,58,65,48,40,54,35,41,40,49,34,23,14,21,10,10,10,6,4,3,2,1,1,0
충청남도 보령시 청라면(4418035000),"3,824","3,824",4,3,6,10,7,11,17,8,12,20,26,15,19,19,14,18,22,20,20,15,29,31,28,27,26,15,24,24,25,20,17,19,18,12,18,21,18,24,19,25,20,32,21,21,35,39,42,49,47,45,36,44,43,79,67,59,56,80,72,80,112,106,107,80,102,86,114,90,60,84,81,72,73,78,73,63,50,54,66,68,59,42,56,61,53,45,47,31,31,19,14,16,10,9,5,3,4,0,3,0,4
충청남도 보령시 남포면(4418036000),"5,068","5,068",6,11,13,11,18,13,12,13,17,18,17,18,20,19,23,19,25,31,35,34,23,41,33,37,49,31,36,32,33,30,22,19,22,13,24,20,31,30,27,33,42,35,27,40,35,43,43,54,69,55,76,69,72,100,90,79,93,118,99,102,148,154,126,144,116,122,131,124,90,95,93,108,109,93,98,60,55,79,71,85,81,59,71,82,57,47,39,49,36,34,15,28,23,6,8,9,4,4,4,5,6
충청남도 보령시 주산면(4418038000),"2,396","2,396",0,2,2,6,1,2,2,5,2,8,7,6,6,14,6,9,11,11,11,6,11,14,14,12,11,10,10,12,9,3,9,2,5,3,13,12,12,10,13,8,9,11,18,12,19,10,26,23,14,24,39,35,31,33,30,29,31,45,40,50,51,67,58,60,67,62,61,60,58,41,46,44,50,55,47,52,42,43,45,77,50,58,43,50,45,34,36,34,23,18,15,20,15,12,7,2,3,2,1,1,2
충청남도 보령시 미산면(4418039000),"1,700","1,700",2,4,2,5,5,7,3,2,3,2,11,8,9,4,7,5,3,5,5,6,6,3,15,6,9,7,8,3,13,10,5,5,4,7,5,6,4,9,9,6,10,9,5,16,13,11,17,19,17,15,16,20,20,23,17,30,28,37,26,31,43,55,60,32,42,46,36,49,44,34,38,29,42,39,32,27,23,31,34,63,33,30,21,27,27,23,32,16,15,15,10,12,6,4,4,4,1,1,0,2,0
충청남도 보령시 성주면(4418040000),"2,149","2,149",2,5,6,1,10,4,5,12,16,6,8,10,9,9,12,8,9,12,9,15,12,12,16,15,15,13,11,17,15,12,12,9,13,12,13,14,14,14,11,12,20,25,20,23,28,22,26,27,36,32,24,25,37,34,33,40,38,36,45,55,63,75,62,38,55,53,65,46,33,36,45,41,33,43,33,42,33,27,33,31,36,20,24,21,23,22,14,10,12,3,4,2,5,3,3,1,0,1,0,0,2
충청남도 보령시 주교면(4418041000),"5,151","5,151",9,6,8,8,9,28,24,23,17,22,23,28,25,29,26,42,21,42,28,49,43,53,44,41,56,42,40,37,40,33,31,26,26,30,31,32,32,27,41,63,51,58,59,61,46,49,63,92,70,86,85,96,92,102,91,80,97,96,76,104,124,148,111,111,123,108,122,123,78,75,98,77,71,73,93,76,43,59,54,84,69,51,57,42,37,54,37,35,34,28,13,13,17,6,4,2,4,3,2,2,1
충청남도 보령시 대천1동(4418051500),"13,914","13,914",63,65,83,58,88,113,114,118,114,130,133,136,118,145,141,148,129,144,145,146,152,158,153,160,165,155,163,175,151,145,140,134,131,97,158,147,148,160,174,199,177,183,195,190,204,182,218,232,272,253,273,233,238,272,231,233,199,265,192,255,261,246,263,208,199,176,230,208,165,172,138,154,139,165,138,114,90,107,94,107,92,71,68,87,58,53,43,41,32,24,18,19,10,7,6,7,3,4,1,2,1
충청남도 보령시 대천2동(4418052500),"6,662","6,662",24,32,27,41,50,46,45,48,54,51,66,80,58,68,74,59,53,59,69,59,70,64,60,74,55,61,76,61,61,68,76,69,52,71,60,72,67,62,86,97,78,92,109,103,84,104,110,118,117,118,126,118,116,118,111,102,104,120,89,125,123,137,99,98,99,86,120,92,79,78,80,59,80,60,77,61,46,59,58,65,67,45,50,48,32,43,37,25,20,14,13,8,3,4,4,1,2,2,0,0,1
충청남도 보령시 대천3동(4418053500),"16,020","16,020",87,90,111,131,151,159,164,189,183,205,193,217,197,198,215,190,175,150,186,170,155,203,192,193,192,160,183,192,187,209,175,165,166,182,170,186,206,183,262,290,321,308,295,290,328,247,276,300,302,305,289,250,291,257,257,239,246,245,202,225,268,278,213,191,204,157,204,156,109,104,127,115,114,123,93,76,66,76,80,79,63,54,66,59,56,39,39,25,32,18,15,10,3,2,4,6,3,3,2,1,2
충청남도 보령시 대천4동(4418054500),"16,413","16,413",116,125,135,126,148,138,183,171,189,176,188,199,167,171,197,197,167,185,178,167,197,206,179,199,180,183,194,188,159,185,185,181,199,186,181,187,190,184,237,233,259,281,277,233,243,263,274,308,302,306,333,316,304,291,279,220,235,292,223,263,269,262,245,221,218,189,205,185,142,151,133,132,125,123,118,89,89,80,91,103,83,68,69,79,54,56,41,30,16,15,24,11,12,9,3,4,5,2,1,1,2
충청남도 보령시 대천5동(4418056500),"6,202","6,202",22,19,20,23,20,25,13,29,23,31,25,38,32,30,38,34,44,35,36,41,39,41,52,47,49,38,51,47,46,43,48,48,33,34,53,47,55,54,58,68,69,63,62,58,57,59,73,88,100,86,90,97,119,124,101,115,123,120,123,157,168,173,183,150,142,134,147,145,91,112,101,94,115,76,108,71,64,77,53,83,75,55,57,57,42,47,30,29,24,24,11,16,9,9,5,5,1,0,3,1,2
충청남도 아산시 (4420000000),"327,717","327,717","1,860","2,190","2,541","2,943","3,142","3,524","3,939","3,633","3,809","4,126","4,136","4,068","3,768","3,748","3,880","3,487","3,205","3,317","3,288","3,082","3,326","3,787","3,489","3,615","3,575","3,672","3,794","3,837","4,125","4,377","4,220","3,993","4,263","4,359","4,565","4,811","4,873","5,089","5,549","6,690","6,719","6,618","6,517","5,591","5,957","5,501","5,488","5,642","5,804","5,488","5,761","5,610","5,345","5,437","4,604","4,611","4,516","4,651","3,808","4,412","4,644","4,795","4,250","3,637","3,532","3,269","3,393","3,103","2,367","2,577","2,104","2,113","2,078","2,130","2,002","1,801","1,374","1,502","1,502","1,874","1,564","1,226","1,395","1,244","1,110","1,037",876,783,605,512,409,291,236,204,123,84,49,48,29,29,41
충청남도 아산시 염치읍(4420025000),"6,403","6,403",16,18,23,23,24,34,34,33,36,62,54,49,48,42,56,39,39,46,54,59,52,54,47,45,56,65,50,53,49,60,46,48,59,42,39,53,51,70,77,83,76,79,92,71,92,63,79,82,88,103,101,116,107,120,107,120,119,127,96,124,147,163,143,129,128,113,127,113,88,78,84,89,72,82,85,64,64,52,59,87,71,57,64,60,50,49,61,45,26,30,17,9,12,8,6,7,3,6,2,0,3
충청남도 아산시 배방읍(4420025300),"82,226","82,226",641,719,765,861,927,"1,052","1,203","1,044","1,045","1,225","1,150","1,116","1,026","1,075","1,082",952,876,949,860,827,852,"1,004",900,954,918,937,"1,045","1,039","1,239","1,461","1,357","1,278","1,371","1,489","1,425","1,545","1,448","1,489","1,685","1,937","1,850","1,783","1,774","1,540","1,572","1,486","1,451","1,481","1,476","1,409","1,431","1,416","1,282","1,293","1,056",968,993,962,747,868,909,884,772,654,606,563,563,542,411,435,341,339,333,343,289,276,192,212,188,254,215,169,184,172,127,124,85,102,71,60,47,51,30,29,16,13,5,5,3,2,4
충청남도 아산시 송악면(4420031000),"4,171","4,171",1,11,1,12,10,16,21,28,22,47,42,42,38,34,38,40,28,25,40,23,28,34,32,22,37,21,21,31,17,30,38,20,18,24,18,16,19,32,40,32,56,32,45,41,49,60,52,66,64,65,74,65,77,76,63,70,84,77,73,68,110,133,105,74,82,88,76,83,65,57,67,60,53,73,61,52,50,46,60,62,39,37,37,37,49,41,33,32,18,26,13,14,8,6,5,1,3,3,3,2,1
충청남도 아산시 탕정면(4420033000),"28,392","28,392",185,255,298,416,435,434,534,467,498,520,525,510,503,448,451,438,300,316,286,250,292,358,333,373,308,273,291,318,398,394,355,403,422,415,525,583,509,552,611,844,803,789,779,623,724,591,539,505,493,465,454,422,379,336,278,287,263,228,224,199,206,181,163,130,139,122,129,102,80,88,88,78,70,74,71,51,55,39,54,63,54,43,40,42,39,34,25,22,26,18,22,6,11,8,4,2,3,0,0,2,1
충청남도 아산시 음봉면(4420035000),"20,338","20,338",123,132,176,220,260,277,305,303,290,284,267,275,199,197,190,166,161,122,139,149,145,171,183,177,206,224,247,261,282,277,247,231,257,282,329,344,368,409,420,489,438,447,399,357,394,317,330,324,321,295,294,326,285,281,262,310,268,282,238,301,290,314,305,249,262,230,215,203,144,164,124,116,132,114,97,98,66,91,99,99,72,67,83,68,47,57,59,45,36,37,30,16,14,13,7,4,1,7,5,4,1
충청남도 아산시 둔포면(4420036000),"22,731","22,731",226,223,258,284,269,296,260,235,235,247,235,220,187,170,171,136,117,121,117,98,141,136,156,184,221,236,241,316,344,388,437,415,432,462,479,457,489,489,504,559,575,512,453,394,356,309,320,328,362,302,352,324,329,347,255,322,289,323,268,318,325,350,327,250,249,256,255,201,176,169,129,121,138,146,137,106,77,102,102,111,99,71,95,86,59,70,55,46,43,35,31,22,23,14,11,6,1,0,4,2,2
충청남도 아산시 영인면(4420037000),"5,514","5,514",3,12,8,6,11,16,20,18,22,18,23,24,19,19,24,20,30,25,34,33,40,37,31,31,50,33,55,35,45,52,52,40,39,28,38,37,37,42,38,53,36,40,47,47,43,62,60,63,63,67,90,77,62,100,79,99,92,124,101,136,156,164,161,142,130,121,141,121,81,100,85,101,90,77,97,91,65,51,75,89,83,68,95,73,63,63,36,44,35,37,26,19,12,16,11,1,4,0,0,3,1
충청남도 아산시 인주면(4420038000),"6,173","6,173",17,17,20,20,23,15,34,33,32,36,40,39,30,38,35,37,35,33,43,31,44,53,42,38,47,47,53,51,53,73,58,52,55,36,63,42,55,55,48,93,65,97,90,66,82,87,83,74,116,108,92,106,106,142,121,119,97,141,110,143,149,150,128,129,117,120,124,111,92,92,65,63,74,79,77,75,41,54,59,74,68,48,56,60,57,52,55,49,36,26,22,13,14,13,5,4,2,3,4,1,1
충청남도 아산시 선장면(4420039000),"3,037","3,037",3,2,4,3,6,4,8,10,9,8,7,6,12,6,14,9,8,19,12,13,19,17,14,17,22,17,12,16,17,12,17,17,11,16,14,27,15,18,9,23,21,21,19,21,29,19,26,28,32,24,44,40,37,51,42,55,63,53,51,69,70,87,76,80,64,74,91,83,60,87,61,67,44,73,56,49,48,50,40,67,62,43,50,53,34,48,39,31,36,24,12,7,8,9,4,3,3,1,0,5,0
충청남도 아산시 도고면(4420040000),"4,407","4,407",7,7,6,11,9,11,11,13,14,16,14,15,12,10,17,13,19,21,21,19,31,31,27,31,23,40,41,37,40,20,28,29,28,24,20,38,25,33,35,29,33,38,28,35,27,33,48,49,41,52,52,67,71,66,81,71,86,108,109,104,111,139,99,113,111,106,115,100,66,79,66,84,77,82,66,58,47,62,76,83,80,61,66,68,64,61,46,35,29,21,15,14,10,11,5,2,1,1,0,0,2
충청남도 아산시 신창면(4420041000),"19,439","19,439",67,69,111,112,120,145,154,167,180,197,209,212,216,193,188,196,176,185,201,212,221,286,276,293,261,231,230,195,187,192,180,145,188,145,176,191,199,216,251,276,325,336,348,307,328,339,314,334,376,357,394,348,352,364,303,301,298,326,287,317,341,355,293,269,248,247,249,222,194,208,170,182,173,185,166,138,96,142,112,171,129,101,127,104,102,85,72,62,45,34,33,21,14,18,11,3,5,5,1,0,3
충청남도 아산시 온양1동(4420057000),"9,280","9,280",64,78,92,89,101,101,82,85,74,79,69,74,81,61,67,72,78,69,57,68,92,90,79,97,97,115,104,146,135,131,144,139,156,164,150,151,152,170,181,225,198,163,169,133,156,156,139,129,149,153,143,135,127,121,119,123,122,150,102,143,128,137,141,124,129,106,112,106,82,105,72,71,87,64,80,53,57,56,47,65,54,43,40,41,35,32,18,21,17,12,11,14,14,3,6,3,0,1,0,1,3
충청남도 아산시 온양2동(4420058000),"10,694","10,694",29,29,33,32,36,42,46,46,44,46,58,72,53,93,74,72,68,81,102,103,133,125,161,153,140,162,209,205,209,158,161,135,125,109,113,91,106,88,127,130,153,149,123,139,139,123,126,152,166,170,190,205,224,236,183,212,169,190,169,218,207,210,195,206,159,165,175,161,135,129,101,113,107,102,91,99,83,102,80,99,75,78,62,58,47,41,36,28,26,20,16,12,13,6,3,5,3,4,1,1,5
충청남도 아산시 온양3동(4420059000),"36,747","36,747",155,211,245,341,357,386,461,410,519,488,559,522,520,478,570,461,442,466,478,413,445,495,452,448,432,520,473,422,400,411,386,379,397,377,441,446,503,484,566,719,737,818,778,656,713,665,640,684,718,655,720,653,669,641,541,492,491,505,427,472,443,506,450,356,367,314,357,325,222,229,198,199,203,216,204,205,155,148,131,159,132,104,132,84,109,91,68,72,45,48,37,25,13,14,9,6,5,6,1,2,4
충청남도 아산시 온양4동(4420060000),"18,402","18,402",62,76,103,105,113,139,171,163,208,202,199,237,211,238,263,228,217,255,242,231,253,272,216,207,201,195,186,203,185,193,151,176,160,184,156,178,200,216,217,277,343,324,313,285,325,304,362,390,384,332,394,383,382,313,308,301,321,325,214,278,317,316,273,234,218,186,220,191,132,170,139,132,140,139,116,128,89,100,109,104,100,64,77,66,68,54,43,48,39,26,31,15,9,11,9,7,5,2,2,2,1
충청남도 아산시 온양5동(4420061000),"21,293","21,293",83,119,134,151,162,223,240,234,246,310,293,301,256,286,289,256,253,248,257,250,283,293,263,241,288,295,316,254,250,251,261,208,222,221,207,232,278,310,310,397,420,420,445,367,377,355,397,404,420,402,399,423,391,426,340,322,317,309,277,279,286,299,262,217,219,193,168,191,137,151,117,120,122,111,113,127,76,73,88,125,97,64,70,72,61,51,53,41,22,28,14,16,13,12,5,5,0,3,3,1,6
충청남도 아산시 온양6동(4420062000),"28,470","28,470",178,212,264,257,279,333,355,344,335,341,392,354,357,360,351,352,358,336,345,303,255,331,277,304,268,261,220,255,275,274,302,278,323,341,372,380,419,416,430,524,590,570,615,509,551,532,522,549,535,529,537,504,465,524,466,439,444,421,315,375,449,407,357,281,304,265,276,248,202,236,197,178,163,170,196,131,113,122,123,162,134,108,117,100,99,84,92,60,55,30,32,17,18,13,6,12,5,1,0,1,3
충청남도 서산시 (4421000000),"176,559","176,559",978,"1,109","1,202","1,314","1,393","1,566","1,687","1,702","1,687","1,870","1,782","1,811","1,679","1,779","1,894","1,669","1,548","1,637","1,641","1,668","1,749","1,939","1,795","1,721","1,773","1,727","1,912","2,021","2,088","2,026","2,021","1,962","2,064","2,054","2,006","1,981","2,040","2,069","2,471","2,707","2,809","2,830","2,757","2,594","2,689","2,490","2,766","2,834","3,094","2,982","3,080","3,120","2,977","3,152","2,792","2,824","2,648","2,909","2,421","2,781","3,171","3,108","2,903","2,520","2,402","2,269","2,176","2,148","1,590","1,868","1,575","1,562","1,722","1,608","1,468","1,347","1,025","1,115","1,119","1,434","1,391",893,"1,038","1,051",890,857,822,707,542,533,359,229,222,192,103,84,64,59,37,24,41
충청남도 서산시 대산읍(4421025000),"13,379","13,379",56,70,58,62,58,65,62,81,64,86,68,76,77,86,109,82,88,108,119,120,127,160,140,138,173,162,217,231,188,197,151,151,159,148,150,125,106,120,141,161,131,132,146,152,163,152,188,201,275,270,273,267,321,352,284,310,302,303,272,286,318,309,255,216,244,186,176,169,138,131,114,107,121,122,105,85,65,84,67,118,85,59,60,70,68,49,78,66,45,40,30,16,19,16,8,7,5,3,0,1,4
충청남도 서산시 인지면(4421031000),"7,262","7,262",26,32,23,34,35,52,57,58,57,68,58,69,64,67,75,72,57,75,68,68,59,77,56,67,67,50,49,61,65,44,43,46,41,66,40,51,49,41,87,78,98,101,101,89,94,95,106,115,145,128,126,142,136,155,126,132,121,155,101,129,154,165,135,124,129,96,105,117,76,104,98,100,89,86,65,64,54,64,59,87,88,56,69,70,56,49,53,29,44,52,22,8,12,9,5,2,7,3,2,2,6
충청남도 서산시 부석면(4421032000),"5,288","5,288",5,9,8,5,8,14,14,13,15,16,20,14,16,16,24,27,16,19,26,22,26,38,26,28,34,17,24,21,25,22,21,28,17,18,31,23,21,27,28,34,42,48,43,35,45,34,47,59,54,61,60,56,78,72,83,91,105,101,85,97,131,139,153,153,129,117,130,148,106,141,121,119,127,108,93,94,83,76,87,96,117,65,76,101,82,62,58,60,49,48,34,21,14,7,8,7,6,4,2,0,4
충청남도 서산시 팔봉면(4421033000),"3,339","3,339",3,2,7,4,8,5,6,2,13,8,7,9,10,12,11,13,14,9,11,7,18,19,15,14,12,15,20,8,6,19,11,17,11,13,12,7,15,12,22,26,15,19,19,20,30,17,28,27,39,44,56,40,41,59,53,55,60,77,60,81,90,99,111,92,93,103,86,81,79,80,64,75,98,73,92,62,51,46,49,50,71,44,40,50,37,41,41,42,20,28,16,8,14,8,6,1,2,1,0,1,1
충청남도 서산시 지곡면(4421034000),"8,206","8,206",25,36,37,46,53,50,76,81,75,80,78,105,90,84,89,66,67,61,63,65,78,59,67,36,46,59,63,63,99,75,89,73,85,79,93,69,95,88,108,122,116,135,130,120,114,134,122,104,105,140,154,162,123,146,141,131,110,138,134,152,163,153,167,139,131,153,117,123,77,111,96,72,96,98,97,77,63,56,63,87,72,40,73,63,51,45,46,44,31,28,21,14,10,18,4,8,3,4,4,3,1
충청남도 서산시 성연면(4421036000),"15,489","15,489",271,286,330,332,281,308,271,251,238,252,208,186,165,149,137,98,90,91,81,92,95,110,94,110,112,119,133,207,214,284,337,341,426,388,380,354,398,347,367,432,382,375,280,253,232,206,210,213,195,193,163,199,146,170,135,147,169,169,150,165,171,171,144,122,110,89,87,90,53,67,49,51,62,57,45,54,46,45,28,56,50,16,31,38,25,42,35,34,26,21,17,12,8,6,7,1,0,2,2,2,0
충청남도 서산시 음암면(4421037000),"9,277","9,277",18,23,30,37,31,43,57,65,57,63,79,78,82,73,74,75,73,67,74,75,70,89,78,95,84,81,76,78,67,77,72,68,56,75,70,72,82,76,96,105,111,112,136,107,122,116,129,142,183,125,164,156,176,179,162,163,159,192,146,209,204,195,188,176,182,170,142,162,108,119,124,90,131,111,100,96,64,113,89,122,113,92,77,83,77,77,76,61,45,50,31,19,12,9,6,10,5,4,8,3,3
충청남도 서산시 운산면(4421038000),"5,004","5,004",5,6,6,7,14,13,13,17,12,20,20,14,19,23,32,33,17,29,29,32,36,40,25,24,24,21,21,24,25,18,28,24,24,26,19,19,18,17,21,36,36,41,39,43,51,37,61,66,69,72,71,67,57,72,79,80,76,98,80,110,134,152,117,133,104,108,118,121,87,125,98,96,115,90,97,82,65,83,87,105,105,68,75,75,79,64,56,43,39,32,23,20,21,10,2,9,5,0,1,2,2
충청남도 서산시 해미면(4421039000),"7,245","7,245",11,9,14,20,21,18,20,30,30,42,34,45,35,44,44,38,52,33,54,56,60,81,63,72,68,60,82,62,54,44,50,51,33,50,40,47,36,44,54,51,64,68,69,55,55,68,89,112,108,106,119,111,123,137,136,139,122,154,117,155,168,189,177,192,128,148,142,124,122,118,122,118,144,131,109,98,85,76,103,125,110,71,102,76,55,59,58,50,38,39,29,22,18,11,7,4,3,9,2,3,1
충청남도 서산시 고북면(4421040000),"6,077","6,077",35,22,24,33,29,24,41,37,44,45,40,40,31,43,37,48,44,40,41,58,71,64,75,53,58,48,55,51,55,54,44,57,53,52,55,44,29,48,67,54,71,69,72,69,66,68,84,100,104,92,86,90,67,96,69,74,74,73,77,85,106,107,117,103,118,95,127,113,99,113,100,88,83,89,90,86,63,60,74,95,94,82,79,80,56,71,54,45,43,26,19,9,15,19,9,5,4,2,1,1,8
충청남도 서산시 부춘동(4421051000),"19,106","19,106",106,109,122,152,152,177,170,176,177,198,197,197,183,190,231,194,176,197,186,191,220,236,240,226,254,265,268,284,326,281,277,261,252,233,221,219,231,265,285,336,341,310,307,323,327,285,329,308,322,341,383,332,361,346,322,322,294,323,257,256,316,310,301,227,216,210,208,173,126,150,122,154,125,138,109,115,77,92,83,91,82,77,72,74,73,54,56,56,30,37,23,10,21,14,9,5,7,4,4,2,3
충청남도 서산시 동문1동(4421052500),"18,523","18,523",90,105,137,118,168,166,166,182,203,202,195,212,204,224,252,242,208,224,230,233,243,254,236,205,200,169,172,169,199,171,201,167,179,190,164,189,183,189,255,277,280,326,326,294,319,317,325,356,406,362,373,380,359,349,344,304,281,312,270,305,286,298,285,244,200,200,202,199,148,170,120,128,139,128,122,131,92,93,99,121,118,67,67,77,64,63,48,55,34,45,30,26,14,13,11,9,3,9,0,2,2
충청남도 서산시 동문2동(4421053500),"8,739","8,739",13,27,19,38,49,57,78,71,74,85,86,97,83,84,97,99,70,89,93,64,84,92,85,113,108,113,114,132,126,89,76,84,83,76,64,66,92,78,83,107,125,133,122,131,137,140,146,158,151,152,164,194,165,202,132,147,132,150,118,147,145,185,160,160,136,135,120,115,106,101,84,85,93,81,93,69,66,59,59,66,68,39,55,39,35,26,39,31,27,12,15,10,10,15,3,2,3,2,4,0,2
충청남도 서산시 수석동(4421054000),"15,881","15,881",62,82,87,90,110,144,148,151,168,201,194,197,173,193,210,186,197,212,167,193,195,202,185,174,203,193,210,212,207,209,174,170,176,166,178,194,188,192,206,215,252,278,269,267,311,267,283,285,300,280,288,301,267,269,256,264,227,237,184,225,304,244,250,168,173,173,185,171,108,158,118,119,122,125,104,108,74,70,72,86,90,53,61,65,50,65,53,37,32,29,26,13,11,13,8,7,3,5,3,0,1
충청남도 서산시 석남동(4421055000),"33,744","33,744",252,291,300,336,376,430,508,487,460,504,498,472,447,491,472,396,379,383,399,392,367,418,410,366,330,355,408,418,432,442,447,424,469,474,489,502,497,525,651,673,745,683,698,636,623,554,619,588,638,616,600,623,557,548,470,465,416,427,370,379,481,392,343,271,309,286,231,242,157,180,145,160,177,171,147,126,77,98,100,129,128,64,101,90,82,90,71,54,39,46,23,21,23,24,10,7,8,7,4,2,3
충청남도 논산시 (4423000000),"114,340","114,340",416,463,541,599,661,681,791,816,783,885,878,886,862,957,991,960,890,952,"1,013",963,"1,115","1,112","1,153","1,095","1,066","1,050","1,066","1,029","1,028","1,035","1,053",988,934,920,895,926,996,934,"1,162","1,300","1,340","1,322","1,299","1,272","1,344","1,384","1,514","1,686","1,748","1,682","1,939","1,859","1,843","1,998","1,875","1,849","1,901","2,014","1,798","2,089","2,350","2,621","2,442","2,180","2,139","2,012","2,116","2,016","1,670","1,558","1,385","1,474","1,481","1,413","1,414","1,137",962,"1,083","1,076","1,360","1,300",987,"1,096",948,936,823,790,669,497,463,345,245,209,147,142,82,60,34,22,23,32
충청남도 논산시 강경읍(4423025000),"7,903","7,903",12,14,19,14,30,25,37,32,34,48,56,58,33,70,56,74,49,69,74,47,86,87,64,79,64,58,51,61,49,50,40,50,40,31,39,53,52,48,52,59,75,88,84,61,95,88,96,117,113,101,108,129,131,142,129,127,143,160,152,150,149,223,185,186,197,156,187,171,157,118,124,121,142,137,137,102,86,92,102,115,102,66,85,101,69,64,58,39,42,33,24,18,26,6,10,7,4,4,2,2,1
충청남도 논산시 연무읍(4423025300),"13,315","13,315",79,65,68,82,81,80,97,95,89,120,81,102,105,119,100,119,99,98,110,103,113,117,126,115,114,118,124,112,131,140,146,136,109,117,100,109,113,128,119,152,144,153,157,153,175,137,158,158,201,181,202,175,183,211,193,208,207,231,190,227,276,310,289,232,245,229,262,245,203,203,154,188,188,174,172,146,118,139,120,188,147,123,144,112,133,107,106,89,53,66,50,32,27,19,23,7,7,3,3,5,3
충청남도 논산시 성동면(4423031000),"4,001","4,001",1,10,7,5,13,11,13,20,14,8,18,12,13,15,14,15,11,21,27,19,24,21,31,21,34,26,21,22,38,19,23,18,26,24,22,17,21,15,21,26,26,23,27,22,30,31,31,37,50,34,54,52,48,41,57,68,65,88,79,91,99,110,107,94,93,100,107,99,96,64,79,79,57,76,86,63,51,65,71,77,73,65,80,62,66,59,51,52,36,26,16,9,10,7,11,4,7,0,1,0,2
충청남도 논산시 광석면(4423032000),"4,123","4,123",8,4,7,14,7,9,6,11,14,15,22,25,23,20,29,19,22,20,25,30,27,27,34,23,29,24,30,23,21,21,23,22,22,28,17,22,14,24,24,41,29,26,36,20,37,37,41,52,41,54,53,57,58,71,54,65,62,88,81,93,116,136,115,101,93,86,93,91,82,88,75,87,74,66,71,49,42,68,79,79,79,48,82,36,60,58,40,37,39,20,20,9,7,4,2,2,4,1,0,1,2
충청남도 논산시 노성면(4423033000),"2,930","2,930",7,4,8,12,7,13,8,11,11,9,15,15,16,11,16,14,16,15,14,11,14,11,22,19,33,17,25,29,18,20,18,21,17,23,22,16,12,20,22,27,29,26,19,22,25,22,33,25,45,32,39,43,48,41,44,39,50,49,48,54,70,61,88,58,73,58,71,56,60,53,59,55,57,51,50,40,36,52,40,50,53,30,36,37,35,40,43,37,26,21,14,13,9,6,8,0,4,2,0,3,3
충청남도 논산시 상월면(4423034000),"3,481","3,481",0,5,5,2,8,6,10,3,8,7,14,14,16,14,20,23,13,17,16,11,18,11,18,15,23,24,23,18,27,22,16,18,17,17,12,16,17,19,22,29,28,23,27,35,33,31,37,41,47,52,54,62,50,61,56,81,65,70,76,87,87,86,119,89,92,98,80,83,66,70,61,59,68,58,44,38,37,54,45,56,76,52,42,42,37,34,40,44,22,24,18,15,6,6,9,5,2,3,0,1,3
충청남도 논산시 부적면(4423035000),"3,487","3,487",5,6,4,3,6,12,9,10,13,10,15,12,16,13,17,7,17,27,15,17,19,21,31,22,22,25,24,20,18,14,29,17,19,13,22,16,29,24,21,23,21,17,29,21,24,31,38,52,36,38,61,37,57,68,53,57,67,66,65,79,107,108,94,100,85,85,90,92,66,64,57,59,70,69,56,49,39,41,49,58,64,53,41,41,43,29,46,31,26,25,22,10,8,8,9,3,4,1,1,1,3
충청남도 논산시 연산면(4423036000),"6,028","6,028",5,7,7,19,15,20,19,23,29,25,32,31,27,38,38,29,27,28,33,31,41,28,39,20,44,31,29,37,27,38,36,35,33,27,29,31,23,38,38,31,37,41,40,35,39,45,61,69,65,68,82,92,92,131,99,121,120,140,116,153,171,208,204,163,153,138,172,156,109,113,92,96,103,90,115,87,73,77,86,94,87,75,81,75,83,55,67,48,29,29,33,20,18,12,10,10,3,2,3,0,4
충청남도 논산시 벌곡면(4423038000),"2,424","2,424",6,3,5,3,6,9,6,6,9,6,10,7,12,6,10,5,12,8,16,11,12,12,12,9,13,12,13,9,12,10,14,4,17,12,10,7,11,11,16,11,8,16,21,14,16,21,20,34,27,30,41,30,34,43,44,51,40,45,36,59,69,75,64,49,75,71,68,63,44,51,48,48,49,47,40,38,28,44,38,57,41,35,38,31,34,29,28,20,15,16,15,9,6,9,10,3,3,0,1,1,1
충청남도 논산시 양촌면(4423039000),"6,192","6,192",33,40,37,33,43,36,49,43,39,38,30,44,35,47,39,45,35,32,38,31,46,45,48,41,37,33,36,37,54,65,79,73,51,46,55,44,45,41,66,63,63,46,47,39,53,56,54,63,60,86,104,104,118,105,97,112,84,83,112,120,136,143,142,124,110,101,128,142,121,100,75,86,93,102,79,79,72,59,90,96,92,82,89,82,60,64,41,52,38,30,26,25,14,14,11,11,0,2,2,1,0
충청남도 논산시 가야곡면(4423040000),"3,378","3,378",2,3,2,3,4,10,5,9,12,9,5,6,10,18,10,9,11,12,19,14,16,23,17,22,24,26,24,27,20,14,16,18,15,17,13,14,20,14,12,18,16,23,28,27,21,21,26,31,34,43,55,49,52,43,64,67,54,85,53,74,72,84,115,99,98,97,87,79,80,70,64,62,61,46,66,41,52,55,48,86,73,52,56,40,53,56,40,24,19,26,15,13,10,10,7,5,0,3,2,2,1
충청남도 논산시 은진면(4423041000),"3,957","3,957",7,4,15,12,12,9,13,13,11,14,18,12,18,9,26,17,21,22,28,36,29,51,41,54,51,37,40,30,20,28,30,28,24,31,26,23,23,22,25,33,28,38,25,31,29,49,61,50,52,54,66,59,63,69,91,54,70,84,59,83,88,112,99,78,80,82,115,93,53,70,47,66,69,68,51,40,45,55,35,50,65,43,52,48,43,41,35,29,27,24,16,17,13,10,4,3,6,1,2,2,2
충청남도 논산시 채운면(4423042000),"2,169","2,169",2,4,3,3,9,5,9,5,11,8,9,13,15,20,19,13,5,8,16,12,15,16,8,17,11,20,9,14,11,13,8,10,12,3,9,9,8,15,16,15,15,9,20,15,17,23,18,27,17,29,29,28,24,38,37,30,35,34,37,46,48,55,57,59,66,63,52,67,46,31,43,35,39,39,32,33,27,28,32,42,48,31,33,24,31,24,25,18,13,20,12,13,8,4,7,2,1,4,0,1,0
충청남도 논산시 취암동(4423051000),"35,082","35,082",173,219,250,314,312,324,377,405,351,402,393,371,354,365,407,401,375,417,403,409,456,442,466,427,399,464,465,452,460,443,430,416,416,404,382,426,440,394,529,566,590,592,512,560,526,564,569,651,677,599,667,642,576,615,575,530,548,493,439,521,571,579,493,451,436,428,388,336,325,290,268,284,258,226,235,206,167,157,150,191,181,142,140,129,117,87,107,96,65,63,40,32,28,19,15,14,9,4,1,2,7
충청남도 논산시 부창동(4423052000),"15,870","15,870",76,75,104,80,108,112,133,130,138,166,160,164,169,192,190,170,177,158,179,181,199,200,196,211,168,135,152,138,122,138,145,122,116,127,137,123,168,121,179,206,231,201,227,217,224,228,271,279,283,281,324,300,309,319,282,239,291,298,255,252,291,331,271,297,243,220,216,243,162,173,139,149,153,164,180,126,89,97,91,121,119,90,97,88,72,76,63,53,47,40,24,10,19,13,6,6,6,4,4,1,0
충청남도 계룡시 (4425000000),"43,473","43,473",167,241,234,324,353,449,460,468,502,554,544,558,590,585,705,708,607,661,669,595,566,650,550,491,425,443,431,403,424,437,372,401,395,361,383,431,464,551,601,714,689,727,788,789,815,812,862,965,933,887,942,854,829,852,709,636,661,605,539,590,611,666,599,528,519,451,468,444,360,342,259,269,284,240,235,179,160,178,173,195,158,128,150,150,104,118,108,104,84,61,42,40,29,25,22,14,9,2,4,7,3
충청남도 계룡시 두마면(4425031000),"8,123","8,123",38,37,50,64,60,76,85,76,88,99,98,85,89,81,106,108,85,99,102,104,94,116,88,89,92,74,81,63,88,109,77,100,87,74,78,81,90,92,106,137,124,130,127,115,104,121,136,143,163,155,168,152,162,167,131,128,143,120,139,140,151,171,138,138,117,117,97,100,89,70,55,71,58,52,52,36,35,41,38,28,37,22,27,24,15,24,17,17,16,12,4,14,7,4,3,4,5,0,1,1,1
충청남도 계룡시 엄사면(4425031500),"18,276","18,276",49,81,68,95,115,142,140,142,157,160,170,195,195,196,247,256,234,238,265,257,238,287,251,231,179,223,224,202,200,187,155,148,152,141,141,157,138,187,187,218,252,236,268,261,280,291,330,387,358,369,397,410,380,405,367,335,333,309,288,285,331,335,286,250,271,214,251,207,167,183,129,131,140,132,127,89,85,90,104,121,97,88,88,88,68,68,72,68,52,35,30,23,18,16,13,9,2,1,3,4,1
충청남도 계룡시 신도안면(4425033000),"8,533","8,533",57,81,87,101,116,158,150,166,162,173,166,182,194,200,238,232,189,221,188,129,127,139,92,73,60,57,46,46,48,61,61,73,90,82,96,136,154,184,208,223,169,214,254,260,280,250,258,272,251,204,180,125,128,92,61,42,23,32,12,16,15,10,13,15,6,7,3,10,8,4,6,6,13,1,7,7,2,4,1,5,1,1,6,4,0,2,3,0,1,1,0,0,1,0,0,0,0,1,0,0,0
충청남도 계룡시 금암동(4425051000),"8,541","8,541",23,42,29,64,62,73,85,84,95,122,110,96,112,108,114,112,99,103,114,105,107,108,119,98,94,89,80,92,88,80,79,80,66,64,68,57,82,88,100,136,144,147,139,153,151,150,138,163,161,159,197,167,159,188,150,131,162,144,100,149,114,150,162,125,125,113,117,127,96,85,69,61,73,55,49,47,38,43,30,41,23,17,29,34,21,24,16,19,15,13,8,3,3,5,6,1,2,0,0,2,1
충청남도 당진시 (4427000000),"166,894","166,894",934,"1,039","1,158","1,285","1,443","1,544","1,729","1,686","1,699","1,811","1,834","1,814","1,646","1,674","1,697","1,581","1,369","1,475","1,405","1,352","1,478","1,647","1,458","1,395","1,518","1,522","1,526","1,576","1,655","1,757","1,743","1,842","1,897","1,910","2,014","2,040","2,124","2,244","2,633","2,926","3,016","2,853","2,832","2,549","2,568","2,531","2,520","2,688","2,939","2,694","2,868","2,686","2,826","2,805","2,614","2,505","2,646","2,728","2,224","2,684","2,869","2,945","2,785","2,350","2,294","2,206","2,251","1,988","1,510","1,707","1,559","1,574","1,553","1,468","1,462","1,293",953,"1,044",988,"1,526","1,223",941,"1,072",995,948,888,822,621,487,429,321,237,197,171,108,77,47,44,22,22,41
충청남도 당진시 합덕읍(4427025000),"8,617","8,617",9,19,24,13,26,25,40,27,38,50,38,49,46,53,69,52,45,65,46,58,69,64,58,50,67,55,45,66,62,58,71,55,66,65,52,51,34,74,66,71,101,85,95,86,87,107,92,134,148,115,132,118,148,144,140,144,124,175,171,176,199,207,227,181,178,180,192,180,148,145,140,161,128,140,142,110,95,108,108,163,111,112,112,102,77,96,86,46,41,49,34,27,17,20,12,8,7,4,1,2,8
충청남도 당진시 송악읍(4427025300),"30,458","30,458",250,300,333,356,388,378,404,432,399,393,426,348,312,300,289,281,223,203,201,203,201,219,197,177,222,213,207,228,264,290,323,370,405,456,477,485,512,544,670,743,673,623,653,576,580,518,518,477,524,502,543,486,493,483,450,470,429,468,386,450,488,458,455,385,367,346,321,294,229,239,234,215,197,163,191,175,122,146,112,200,150,120,145,118,115,114,91,74,58,65,44,27,28,16,4,11,5,5,1,5,1
충청남도 당진시 고대면(4427031000),"5,279","5,279",7,6,9,13,8,18,15,20,19,24,29,21,15,30,23,27,28,33,34,33,32,34,32,38,35,40,27,36,34,34,33,30,28,17,27,24,30,31,27,30,38,40,45,41,47,45,51,56,88,49,78,67,94,97,88,90,97,115,81,107,124,158,139,127,137,138,140,123,74,100,90,95,84,78,87,92,78,76,52,131,62,63,82,74,83,63,69,41,38,32,27,17,16,13,12,2,3,5,3,2,4
충청남도 당진시 석문면(4427032000),"9,503","9,503",42,29,37,43,34,37,33,33,40,35,48,42,39,41,51,55,39,50,48,48,68,96,81,88,68,80,89,92,92,90,89,115,104,96,97,80,113,92,108,122,113,141,110,100,115,114,123,156,163,160,179,158,175,209,168,201,225,224,171,229,220,261,232,195,195,150,185,167,110,127,120,104,96,111,114,95,69,69,95,127,88,83,85,65,93,59,68,41,34,30,20,21,16,13,9,6,3,1,3,2,3
충청남도 당진시 대호지면(4427033000),"2,381","2,381",3,3,6,4,6,6,8,9,9,5,7,5,11,6,9,8,10,11,10,8,12,11,9,21,13,11,11,9,12,9,10,14,21,11,10,9,6,17,10,13,10,19,18,14,9,17,25,17,31,22,23,32,28,35,23,32,45,42,35,48,49,76,68,64,55,64,74,76,25,70,58,63,59,53,49,43,41,31,33,56,58,26,37,32,35,35,29,30,19,16,11,15,6,2,3,8,0,1,0,1,2
충청남도 당진시 정미면(4427034000),"3,560","3,560",7,2,6,8,13,5,10,14,14,13,12,14,14,14,17,21,23,24,15,13,29,31,29,28,27,18,25,22,21,24,23,20,12,14,23,19,15,24,23,39,17,22,21,30,26,28,22,38,40,35,49,49,57,51,45,48,66,68,60,79,85,115,104,88,88,93,89,77,69,73,72,76,64,56,66,67,42,53,37,67,65,55,52,53,42,43,41,33,23,26,15,15,15,9,6,3,2,1,1,2,1
충청남도 당진시 면천면(4427035000),"3,514","3,514",4,2,6,6,9,12,9,14,10,9,10,20,20,15,24,19,18,20,21,10,20,15,23,23,27,21,18,28,21,13,26,23,18,26,19,17,16,21,30,22,29,26,23,38,33,30,35,40,54,37,53,46,63,55,64,65,65,77,49,84,103,120,94,94,81,78,95,78,56,69,64,60,72,61,65,46,40,36,54,69,52,24,39,39,45,40,55,29,17,19,18,12,12,11,6,2,2,1,4,1,0
충청남도 당진시 순성면(4427036000),"5,016","5,016",11,7,17,10,17,13,22,14,21,21,23,29,25,31,29,27,19,37,38,39,35,43,36,37,45,26,24,37,23,20,25,27,26,22,25,19,20,25,26,37,33,45,45,36,37,53,50,69,77,46,57,71,84,97,93,96,96,114,85,104,134,140,133,126,95,110,113,77,91,107,107,95,98,80,87,68,45,57,65,92,86,65,65,72,64,67,52,50,37,30,17,18,21,11,11,2,3,3,0,2,4
충청남도 당진시 우강면(4427037000),"5,388","5,388",9,8,13,18,23,22,31,21,22,34,27,33,30,29,31,28,37,37,38,39,48,59,42,50,40,41,45,34,27,28,31,30,30,29,26,32,43,38,40,40,56,55,54,62,73,42,62,70,80,69,78,63,98,80,81,80,96,117,79,104,125,137,130,100,120,118,122,113,96,87,83,106,91,81,105,77,54,62,80,78,85,72,93,49,71,53,56,32,27,31,13,12,11,13,6,4,4,7,0,2,0
충청남도 당진시 신평면(4427038000),"15,408","15,408",48,60,90,91,121,147,171,168,185,201,228,197,187,202,188,197,155,157,154,158,152,171,171,144,136,138,117,100,109,104,106,96,99,116,126,146,128,163,229,226,275,268,241,243,249,277,265,251,247,239,287,264,263,242,234,223,253,235,214,296,284,294,257,233,237,207,209,184,138,160,170,144,153,180,132,127,108,114,86,123,113,89,85,106,87,94,69,69,55,32,34,21,18,13,9,9,3,6,1,1,6
충청남도 당진시 송산면(4427039000),"11,795","11,795",50,70,75,104,103,133,105,120,111,128,122,115,115,114,105,94,85,83,87,95,79,96,82,69,81,95,110,115,103,139,132,177,166,151,144,180,180,178,224,246,235,227,222,206,198,164,200,206,213,207,198,207,222,231,205,159,214,159,136,188,199,211,211,139,134,154,162,133,89,106,76,90,94,99,93,92,65,69,55,112,91,49,71,72,52,64,53,52,37,22,24,17,15,15,5,6,2,2,0,0,5
충청남도 당진시 당진1동(4427051000),"24,837","24,837",184,191,194,210,236,258,255,260,275,292,293,314,269,271,301,242,234,229,251,208,237,284,269,240,323,356,364,392,424,464,442,442,430,386,456,410,415,408,451,535,534,465,500,424,439,406,401,415,432,422,409,400,406,383,401,314,337,319,296,316,334,294,285,250,224,206,215,179,138,164,152,146,149,128,123,122,82,88,76,108,116,63,74,68,65,46,48,40,35,20,24,16,4,13,11,5,4,3,2,1,2
충청남도 당진시 당진2동(4427052000),"23,249","23,249",195,214,240,282,303,311,374,350,297,332,329,315,286,278,284,238,221,245,239,221,249,265,209,218,229,222,236,221,280,275,263,266,305,326,331,366,385,388,450,472,551,478,426,366,369,383,352,418,437,410,405,391,348,355,311,313,321,356,259,314,307,295,278,224,240,221,211,188,159,151,135,139,164,149,129,108,66,76,79,114,96,74,85,85,71,68,55,45,42,38,26,8,9,15,7,8,3,2,3,1,2
충청남도 당진시 당진3동(4427053000),"17,889","17,889",115,128,108,127,156,179,252,204,259,274,242,312,277,290,277,292,232,281,223,219,247,259,220,212,205,206,208,196,183,209,169,177,187,195,201,202,227,241,279,330,351,359,379,327,306,347,324,341,405,381,377,334,347,343,311,270,278,259,202,189,218,179,172,144,143,141,123,119,88,109,58,80,104,89,79,71,46,59,56,86,50,46,47,60,48,46,50,39,24,19,14,11,9,7,7,3,6,3,3,0,3
충청남도 금산군 (4471000000),"50,351","50,351",132,169,174,169,185,255,251,266,308,340,343,419,406,425,495,442,395,430,389,399,400,450,426,351,375,338,330,372,296,304,302,266,275,301,317,323,339,310,406,454,555,497,563,486,514,597,587,669,697,733,835,819,844,869,834,881,890,949,828,"1,070","1,097","1,342","1,098","1,041","1,097","1,063",998,"1,054",817,850,741,722,739,703,774,675,497,538,531,803,726,520,604,545,456,443,380,334,254,230,169,121,93,69,50,39,23,23,18,19,11
충청남도 금산군 금산읍(4471025000),"22,311","22,311",75,110,103,109,117,169,161,176,202,220,239,274,239,234,273,228,217,238,236,249,238,285,250,203,219,189,164,203,169,166,146,147,148,167,158,190,200,193,246,269,333,306,331,300,327,347,338,373,389,394,421,409,403,363,382,368,325,370,312,388,383,476,364,348,373,351,335,379,258,305,253,247,258,269,285,276,159,182,174,280,199,160,172,153,111,113,104,80,59,56,45,21,25,17,10,7,9,6,5,3,3
충청남도 금산군 금성면(4471031000),"3,253","3,253",9,7,8,6,8,8,5,11,9,10,13,13,11,13,20,14,14,17,18,17,16,16,15,21,26,19,16,23,10,18,18,15,17,21,16,11,24,18,16,24,23,21,22,25,20,25,25,42,35,44,41,42,55,79,53,71,61,69,46,71,76,100,72,74,83,96,63,82,68,76,51,66,56,51,62,48,47,38,44,59,58,45,51,54,49,29,29,40,24,22,14,18,13,7,8,4,2,3,3,5,2
충청남도 금산군 제원면(4471032000),"2,766","2,766",4,6,7,5,4,8,2,8,9,8,10,11,12,5,7,14,8,6,11,9,18,21,11,17,12,17,23,13,12,18,16,9,12,15,18,15,8,9,16,14,17,14,20,14,11,27,19,27,36,39,37,35,41,47,35,54,44,54,49,83,71,72,78,73,81,83,79,72,76,63,61,60,48,48,55,35,30,37,28,42,69,40,43,42,32,45,28,31,24,20,9,13,6,7,4,2,1,4,1,2,0
충청남도 금산군 부리면(4471033000),"2,463","2,463",8,2,3,4,6,6,8,9,7,9,9,9,3,9,9,7,8,4,7,12,10,13,13,9,8,7,10,6,10,6,10,7,5,12,10,8,15,11,10,16,20,10,10,10,13,22,20,28,20,21,31,35,36,43,31,31,51,43,44,46,62,88,76,61,74,52,59,72,56,60,52,58,51,44,39,37,35,32,37,59,68,35,50,43,41,49,36,30,35,14,15,9,7,6,3,9,6,1,0,0,2
충청남도 금산군 군북면(4471034000),"2,469","2,469",6,6,6,8,11,13,14,14,16,14,14,11,12,15,11,18,13,7,14,10,14,10,17,7,15,6,16,17,12,12,9,8,8,10,20,7,10,14,14,22,17,23,16,20,21,25,29,18,19,30,44,23,34,42,44,51,37,49,44,44,56,75,59,73,72,67,50,59,41,46,50,46,39,47,51,35,33,31,31,56,40,34,33,26,35,43,30,26,13,18,13,11,5,7,3,1,2,0,0,1,0
충청남도 금산군 남일면(4471035000),"2,815","2,815",2,7,6,5,11,8,12,8,5,12,9,18,41,46,69,60,50,55,16,16,11,14,19,13,17,19,15,11,11,9,13,11,16,12,11,8,8,7,10,19,15,25,25,12,16,19,20,33,28,27,46,42,32,26,41,48,45,44,34,54,68,92,63,56,61,72,49,65,57,47,38,41,49,55,43,41,31,38,33,60,56,35,53,48,32,31,29,30,32,18,21,7,8,3,2,3,0,3,1,1,1
충청남도 금산군 남이면(4471036000),"2,114","2,114",2,1,5,3,3,5,6,4,9,6,9,10,18,28,24,15,19,14,13,12,17,8,9,10,11,7,11,6,7,8,9,4,8,8,6,6,9,8,9,6,13,6,9,13,15,18,14,13,16,27,27,37,37,30,34,37,49,46,51,59,60,68,55,54,64,62,54,31,43,39,31,27,22,21,46,36,29,42,50,41,47,34,39,37,29,25,16,27,17,14,7,4,8,1,1,3,0,0,3,2,1
충청남도 금산군 진산면(4471037000),"3,226","3,226",6,3,10,10,4,6,11,7,8,13,10,17,17,20,22,22,22,26,18,15,20,10,16,14,17,18,23,22,18,15,14,11,10,12,13,15,11,11,17,16,37,17,28,13,24,28,27,39,41,30,64,59,60,60,54,50,76,66,65,87,78,82,79,91,64,66,82,86,69,52,55,54,64,51,62,46,45,54,45,77,70,49,49,44,37,30,31,30,17,22,18,12,5,4,5,3,1,1,1,0,0
충청남도 금산군 복수면(4471038000),"2,981","2,981",8,8,4,8,6,8,6,5,9,13,8,10,19,7,18,16,12,21,19,14,18,5,20,21,16,15,17,20,15,20,19,16,15,10,12,20,17,14,22,23,27,15,22,21,21,24,33,17,45,37,35,38,51,56,48,56,71,63,62,67,89,94,82,71,78,83,72,83,58,63,58,61,64,50,44,46,40,30,38,54,45,33,57,38,39,28,26,14,8,18,11,11,7,6,3,6,2,3,2,3,0
충청남도 금산군 추부면(4471039000),"5,953","5,953",12,19,22,11,15,24,26,24,34,35,22,46,34,48,42,48,32,42,37,45,38,68,56,36,34,41,35,51,32,32,48,38,36,34,53,43,37,25,46,45,53,60,80,58,46,62,62,79,68,84,89,99,95,123,112,115,131,145,121,171,154,195,170,140,147,131,155,125,91,99,92,62,88,67,87,75,48,54,51,75,74,55,57,60,51,50,51,26,25,28,16,15,9,11,11,1,0,2,2,2,2
충청남도 부여군 (4476000000),"63,488","63,488",123,164,175,215,230,275,346,353,336,382,399,381,397,420,440,440,451,458,500,497,542,585,564,531,492,497,463,461,389,383,417,352,327,350,377,391,396,428,460,552,566,589,594,560,603,627,695,761,861,858,901,919,952,"1,076",955,972,"1,012","1,160",978,"1,238","1,478","1,605","1,484","1,331","1,460","1,384","1,444","1,327","1,072","1,076","1,055",996,"1,073","1,048",953,839,681,806,769,"1,087",933,776,811,756,681,669,605,554,450,352,289,205,161,140,94,74,49,32,23,16,34
충청남도 부여군 부여읍(4476025000),"19,458","19,458",37,54,43,68,72,109,134,130,132,149,163,155,151,181,185,174,177,157,208,194,207,225,213,210,202,210,203,189,173,168,172,144,124,128,153,147,143,139,168,171,196,212,208,209,223,240,247,272,334,298,336,380,338,376,327,351,357,365,299,347,426,476,407,368,402,377,378,352,269,271,240,244,284,259,235,211,156,181,165,238,200,145,157,124,140,115,107,103,74,64,50,30,38,32,20,13,13,3,5,4,5
충청남도 부여군 규암면(4476031000),"11,890","11,890",55,60,73,74,89,83,109,111,100,117,105,106,118,104,100,122,113,146,120,132,152,160,151,143,132,114,111,108,95,84,103,90,91,117,92,102,97,124,126,186,151,159,168,139,155,163,173,186,200,187,200,177,208,204,172,187,178,205,176,216,228,250,213,179,197,205,177,173,132,152,127,133,117,135,101,92,90,89,78,128,96,94,99,109,75,79,75,50,36,42,30,30,13,15,9,7,6,3,1,0,6
충청남도 부여군 은산면(4476032000),"3,663","3,663",6,9,6,7,5,9,10,16,11,14,12,17,20,14,23,21,19,17,18,27,25,16,25,22,22,20,27,23,13,14,16,12,10,11,23,13,16,18,25,24,24,21,31,28,27,25,30,31,51,46,45,56,59,69,47,69,46,57,54,79,105,110,107,95,116,102,108,90,76,82,71,66,77,61,66,54,48,42,50,70,52,50,57,57,57,47,38,42,30,26,19,4,11,6,5,3,2,2,2,0,6
충청남도 부여군 외산면(4476033000),"2,316","2,316",1,3,1,5,1,3,6,4,9,8,6,9,12,13,12,10,10,7,14,13,7,17,13,13,6,11,14,14,7,5,7,12,6,6,11,12,6,9,9,9,13,12,13,13,13,12,20,29,13,31,34,24,29,45,26,26,41,54,41,51,58,64,66,61,67,58,62,60,40,57,75,44,52,42,54,33,39,42,35,52,58,39,38,42,28,26,25,25,21,19,15,8,9,4,3,3,4,2,1,1,3
충청남도 부여군 내산면(4476034000),"1,527","1,527",2,1,4,1,5,4,6,8,4,6,9,7,5,7,2,7,2,2,6,5,6,7,3,1,6,10,7,7,2,4,6,9,9,3,6,9,9,5,5,9,12,7,12,12,11,7,7,9,11,13,17,17,15,22,21,15,21,30,33,41,38,46,52,38,44,36,42,35,34,43,30,31,43,29,35,30,29,25,22,35,27,22,34,30,33,25,14,13,17,10,9,6,5,3,5,4,3,1,0,0,0
충청남도 부여군 구룡면(4476035000),"2,331","2,331",3,3,5,4,5,5,12,6,5,4,11,5,8,11,17,15,21,12,17,19,8,11,13,23,8,11,9,10,9,10,8,5,10,8,8,8,18,16,9,18,15,15,19,12,20,12,32,30,23,24,23,34,26,41,31,36,37,38,36,45,75,71,47,44,43,29,58,53,45,66,33,52,39,64,38,43,29,41,42,51,45,41,42,35,31,37,35,36,30,15,16,17,8,11,3,0,4,0,2,1,2
충청남도 부여군 홍산면(4476036000),"2,803","2,803",1,4,10,7,8,9,8,9,13,10,13,6,14,13,13,13,20,17,18,15,20,19,15,19,14,13,19,9,12,23,14,10,6,7,11,8,12,10,22,14,31,23,16,23,25,28,24,22,26,42,24,25,39,38,37,38,38,65,38,50,76,65,66,69,73,74,66,73,52,39,60,68,72,49,59,59,32,48,56,68,49,47,45,45,32,42,33,33,29,13,18,9,9,8,4,7,0,1,2,1,2
충청남도 부여군 옥산면(4476037000),"1,410","1,410",1,0,0,1,0,1,5,2,4,5,5,4,4,10,4,5,6,3,3,6,7,5,11,4,7,5,5,10,5,6,4,7,1,1,6,2,4,5,6,11,8,4,8,6,11,10,11,8,12,15,14,16,15,13,22,18,22,21,24,27,28,43,36,27,46,44,40,51,33,36,39,34,39,39,24,25,19,25,28,26,31,25,30,24,20,20,22,17,17,15,11,5,9,2,3,6,3,0,0,2,0
충청남도 부여군 남면(4476038000),"1,801","1,801",0,3,3,5,0,7,6,4,5,4,8,3,6,9,10,6,6,5,11,9,12,10,8,11,11,8,6,5,10,9,14,7,4,6,2,6,6,1,8,11,14,14,11,16,11,15,12,11,10,23,16,11,17,22,27,18,19,29,25,28,50,41,51,43,45,51,53,39,38,29,36,40,33,51,32,33,31,44,30,35,44,51,34,43,25,40,23,23,19,14,20,11,10,7,2,8,3,2,1,0,2
충청남도 부여군 충화면(4476039000),"1,137","1,137",2,2,1,3,1,3,2,2,3,4,1,3,1,2,5,1,2,2,7,2,4,9,7,5,5,6,3,0,5,2,7,6,3,4,5,4,3,11,3,8,10,2,4,7,4,6,7,6,11,5,12,12,16,17,17,7,14,32,24,21,27,28,34,31,33,27,43,34,27,29,29,17,33,22,22,19,14,25,19,25,22,16,28,19,17,17,21,15,16,11,13,4,2,4,3,3,2,3,0,0,0
충청남도 부여군 양화면(4476040000),"1,656","1,656",0,4,1,4,5,3,3,4,3,5,2,6,6,4,4,3,6,7,5,4,7,6,8,3,4,10,3,8,6,5,3,7,3,6,7,4,6,5,6,9,12,9,9,7,11,10,9,20,13,10,15,13,17,22,24,15,20,24,23,29,36,48,45,52,42,56,40,39,48,24,48,24,27,42,37,33,18,37,30,50,40,47,23,37,34,35,31,32,20,16,12,14,8,8,5,3,2,4,0,1,1
충청남도 부여군 임천면(4476041000),"2,844","2,844",6,5,7,12,13,11,14,14,9,10,13,8,12,9,13,10,11,15,18,20,19,22,15,15,13,22,8,15,16,9,13,6,17,13,7,16,12,16,12,20,14,20,18,22,19,19,23,21,34,37,37,24,38,51,43,25,36,46,44,65,43,58,60,68,69,69,73,74,68,52,63,62,75,50,55,60,38,46,52,85,68,37,58,41,35,40,37,38,32,19,12,13,8,13,6,4,3,2,2,3,1
충청남도 부여군 장암면(4476042000),"2,688","2,688",2,2,7,6,4,9,6,12,10,9,7,13,6,11,11,11,5,12,9,9,14,19,22,12,16,11,11,12,10,17,15,12,11,10,20,12,16,15,10,14,20,23,11,17,10,19,25,31,22,36,29,28,22,34,43,36,43,40,34,66,68,77,75,60,71,62,70,62,47,44,46,58,60,60,49,34,37,43,52,63,56,47,55,45,46,43,49,33,39,30,21,16,14,8,5,3,1,4,3,1,2
충청남도 부여군 세도면(4476043000),"3,075","3,075",1,5,4,8,11,4,6,7,13,14,18,15,9,7,9,17,15,18,15,13,15,20,20,23,16,14,14,18,7,11,17,9,17,13,10,22,18,22,18,16,18,24,23,18,20,24,28,28,35,35,31,38,42,46,45,53,49,53,50,73,84,91,70,81,83,66,98,72,70,63,67,53,47,55,67,47,50,54,50,76,58,44,48,39,46,42,42,36,25,22,19,16,7,7,7,4,2,1,3,0,1
충청남도 부여군 석성면(4476044000),"2,803","2,803",3,4,5,7,6,9,13,16,11,13,17,14,16,13,20,16,28,32,20,21,35,24,32,16,18,18,14,22,10,13,11,10,8,11,7,9,12,14,22,23,9,30,27,20,20,23,26,42,43,42,45,40,42,54,44,43,63,57,54,54,74,87,78,62,65,70,64,61,42,53,54,38,46,49,42,35,28,40,33,37,39,38,36,41,30,28,24,37,17,18,11,8,8,5,6,2,0,2,0,2,2
충청남도 부여군 초촌면(4476045000),"2,086","2,086",3,5,5,3,5,6,6,8,4,10,9,10,9,12,12,9,10,6,11,8,4,15,8,11,12,14,9,11,9,3,7,6,7,6,9,17,18,18,11,9,19,14,16,11,23,14,21,15,23,14,23,24,29,22,29,35,28,44,23,46,62,50,77,53,64,58,72,59,51,36,37,32,29,41,37,31,23,24,27,48,48,33,27,25,32,33,29,21,28,18,13,14,2,7,8,4,1,2,1,0,1
충청남도 서천군 (4477000000),"50,644","50,644",142,165,157,183,181,204,252,260,275,279,317,321,276,300,325,296,355,356,372,373,405,443,379,372,355,321,358,335,317,282,316,276,263,266,271,282,288,319,381,446,449,486,494,454,491,503,558,622,668,689,775,772,778,813,749,781,756,919,791,"1,027","1,124","1,190","1,183","1,057","1,036","1,012","1,165","1,083",853,860,928,871,864,845,949,742,532,683,672,936,768,581,713,625,615,559,493,399,371,334,246,188,176,99,82,63,27,27,18,17,19
충청남도 서천군 장항읍(4477025000),"11,082","11,082",36,47,41,38,46,55,62,59,75,62,88,83,76,80,77,71,85,81,98,94,112,115,101,98,112,87,113,113,88,92,89,84,78,84,64,74,71,85,114,114,106,125,140,110,134,141,149,160,188,193,214,210,194,210,188,162,165,202,173,208,229,232,238,203,211,201,228,194,150,162,170,138,157,166,186,164,105,129,124,152,133,99,110,96,85,93,67,49,44,32,27,22,20,10,13,12,7,2,3,1,4
충청남도 서천군 서천읍(4477025300),"13,305","13,305",54,67,54,82,68,85,114,120,115,133,135,130,138,133,141,134,150,158,157,152,158,164,131,136,130,120,120,101,102,103,96,85,83,76,87,93,87,101,124,159,160,163,187,163,169,173,199,205,213,212,248,259,258,231,208,222,196,226,216,223,245,239,268,211,212,211,212,221,182,163,176,164,168,142,168,138,102,131,112,147,107,90,109,92,88,84,85,68,56,45,37,30,35,18,13,10,4,3,5,5,2
충청남도 서천군 마서면(4477031000),"4,795","4,795",11,11,11,8,10,15,14,18,15,24,32,21,18,24,26,15,25,19,24,25,27,30,25,36,23,19,25,22,27,13,28,19,20,20,29,21,23,25,30,35,42,43,33,40,44,44,43,52,60,66,52,61,63,79,73,67,97,91,77,100,108,122,118,121,104,98,118,104,101,97,93,90,98,107,85,71,75,93,85,100,94,67,66,72,73,60,48,46,41,43,32,13,18,17,8,11,0,2,2,2,2
충청남도 서천군 화양면(4477032000),"2,236","2,236",5,5,7,6,7,3,2,7,2,4,3,4,4,4,5,5,8,3,13,5,9,7,10,6,11,6,12,12,8,4,12,12,9,7,13,11,11,10,10,16,13,14,16,10,14,13,16,16,14,19,26,21,20,28,38,23,21,36,29,49,45,54,60,44,45,72,64,46,46,49,48,57,45,50,38,51,30,34,42,66,55,37,65,52,49,51,36,37,31,26,25,15,17,7,4,3,2,1,1,1,1
충청남도 서천군 기산면(4477033000),"1,601","1,601",0,1,2,1,1,6,0,2,4,6,2,8,6,4,4,9,8,2,9,5,6,10,7,6,3,8,12,5,9,6,7,6,2,5,6,6,7,6,3,5,6,15,8,14,10,14,12,15,13,16,16,11,14,18,19,20,19,38,25,34,42,51,37,36,42,38,42,42,35,34,30,32,33,36,49,30,18,26,26,49,35,30,32,27,28,27,22,21,21,31,11,14,10,8,7,2,0,1,1,1,2
충청남도 서천군 한산면(4477034000),"2,465","2,465",4,6,3,6,6,6,8,8,14,6,7,12,2,5,12,8,15,17,8,14,13,9,12,16,11,7,4,8,15,4,17,11,9,13,7,4,8,13,15,14,18,21,14,16,21,23,27,22,27,21,29,35,27,36,39,39,26,47,28,46,41,68,66,52,58,49,59,54,48,44,48,69,36,41,64,43,37,34,47,69,55,43,47,66,48,35,53,35,24,24,12,19,14,6,8,3,1,5,0,0,1
충청남도 서천군 마산면(4477035000),"1,457","1,457",2,4,3,6,2,2,5,10,4,3,4,9,6,5,5,6,4,7,6,8,5,14,9,3,4,7,11,5,11,6,6,5,7,7,11,8,7,6,5,9,4,7,7,7,4,10,6,15,13,14,16,14,16,15,15,20,22,30,18,34,41,37,36,38,36,26,41,35,26,40,33,26,28,27,29,25,11,30,28,44,34,20,36,24,27,18,25,22,18,17,13,11,5,4,4,4,2,2,0,0,0
충청남도 서천군 시초면(4477036000),"1,223","1,223",3,2,4,7,4,1,2,0,3,2,2,3,3,3,6,3,3,6,3,5,12,9,7,3,5,1,2,6,2,6,3,2,3,3,4,3,8,7,11,6,5,8,6,5,1,6,12,11,7,11,12,8,16,8,12,16,22,22,11,28,27,43,30,33,20,27,35,42,24,16,37,28,25,19,28,22,11,25,20,29,38,20,35,30,33,19,29,14,19,14,11,12,4,1,2,2,0,0,1,2,1
충청남도 서천군 문산면(4477037000),"1,235","1,235",2,3,1,2,4,2,5,2,5,4,2,5,1,1,3,3,1,1,0,4,6,7,2,5,2,3,3,4,3,1,2,3,9,6,4,4,2,5,3,4,9,6,6,10,8,9,13,15,8,12,11,8,15,11,13,16,17,18,23,34,30,27,31,36,30,28,34,48,23,31,30,40,26,33,39,18,20,22,27,29,27,20,40,23,24,20,18,14,12,9,12,5,8,3,3,1,1,1,1,0,0
충청남도 서천군 판교면(4477038000),"2,063","2,063",2,3,4,4,5,2,6,2,3,5,7,8,2,5,6,8,10,3,12,7,7,12,10,6,10,3,9,7,6,7,13,3,4,8,5,10,12,5,8,12,11,13,11,12,8,8,18,17,15,16,21,30,21,23,25,33,28,29,34,53,60,61,59,48,45,58,66,58,52,54,53,35,63,47,62,29,23,31,22,56,36,36,37,40,46,40,31,18,28,24,15,7,8,10,7,3,3,2,1,1,1
충청남도 서천군 종천면(4477039000),"2,033","2,033",2,4,2,3,8,6,3,2,8,4,9,9,5,6,6,9,11,9,5,16,7,8,18,8,7,11,6,4,8,15,7,8,6,8,8,6,11,12,9,16,12,11,9,9,13,15,19,9,19,17,28,21,19,36,29,30,19,37,33,40,47,57,49,57,48,48,56,51,52,35,61,44,42,47,56,32,21,37,37,52,32,37,40,24,41,35,27,21,26,21,16,15,13,6,4,4,2,0,3,1,1
충청남도 서천군 비인면(4477040000),"2,856","2,856",4,6,4,2,2,5,6,2,5,6,9,6,6,7,11,2,11,13,11,12,11,18,11,20,16,21,20,23,15,13,12,15,8,11,14,16,11,13,14,15,12,18,15,19,14,10,17,34,29,43,32,25,43,50,42,62,52,51,47,76,95,82,86,80,72,72,87,84,49,62,59,69,64,59,67,46,38,41,52,61,53,41,42,30,37,39,21,26,31,20,21,15,12,5,6,2,3,6,0,2,1
충청남도 서천군 서면(4477041000),"4,293","4,293",17,6,21,18,18,16,25,28,22,20,17,23,9,23,23,23,24,37,26,26,32,40,36,29,21,28,21,25,23,12,24,23,25,18,19,26,30,31,35,41,51,42,42,39,51,37,27,51,62,49,70,69,72,68,48,71,72,92,77,102,114,117,105,98,113,84,123,104,65,73,90,79,79,71,78,73,41,50,50,82,69,41,54,49,36,38,31,28,20,28,14,10,12,4,3,6,2,2,0,1,3
충청남도 청양군 (4479000000),"30,390","30,390",78,87,90,94,115,114,124,124,165,164,168,200,158,184,178,182,165,209,237,285,287,301,266,249,217,269,250,204,211,193,162,193,176,177,190,191,184,197,219,249,245,245,258,217,263,270,340,327,367,394,404,426,477,474,480,506,496,641,485,600,778,773,742,688,631,628,685,662,502,486,497,496,538,493,440,420,302,399,371,509,476,377,394,389,363,367,333,293,223,194,147,102,81,65,40,33,18,10,8,6,10
충청남도 청양군 청양읍(4479025000),"9,902","9,902",43,47,46,45,61,61,67,56,85,89,81,102,74,92,79,84,70,92,119,166,156,144,132,124,99,139,108,91,108,80,83,84,72,81,83,92,82,81,95,117,121,119,117,88,111,124,138,138,126,138,146,165,172,163,155,175,152,202,143,173,202,209,197,152,174,158,154,161,127,123,125,130,114,113,114,88,68,83,78,104,81,66,57,88,76,76,61,44,37,47,28,22,18,17,11,10,5,2,3,0,3
충청남도 청양군 운곡면(4479031000),"2,121","2,121",6,2,3,7,3,3,4,3,10,7,9,9,6,5,9,7,7,11,15,13,9,16,15,6,20,21,15,15,7,9,11,22,7,10,7,5,7,6,7,15,8,13,12,10,15,9,16,22,29,26,27,21,31,27,26,34,41,44,28,51,71,56,67,57,43,52,41,51,36,42,38,42,51,41,31,36,26,22,26,49,52,41,41,38,32,36,25,31,24,16,14,12,4,7,1,5,2,2,0,1,0
충청남도 청양군 대치면(4479032000),"2,213","2,213",1,3,8,1,4,9,7,9,10,13,7,12,8,7,5,8,5,12,9,11,9,23,14,18,19,14,12,13,11,17,1,12,9,7,14,6,10,11,13,14,17,13,18,14,20,15,20,19,29,35,26,28,33,46,45,34,36,62,37,60,61,60,62,64,56,44,61,55,37,51,42,35,57,29,36,32,24,35,25,31,37,28,37,33,29,29,33,17,16,15,16,8,5,3,4,1,1,0,0,0,1
충청남도 청양군 정산면(4479033000),"3,554","3,554",10,10,8,14,7,13,16,16,21,13,31,26,27,23,26,24,22,33,27,28,29,36,24,30,22,39,36,32,28,33,20,22,28,32,16,35,25,17,33,27,19,28,30,30,28,30,52,41,65,52,57,55,53,52,48,58,63,76,66,69,89,92,74,59,70,72,88,84,60,42,53,52,62,52,52,59,23,50,34,53,53,39,32,35,44,38,34,30,29,15,19,7,8,9,3,3,0,1,1,3,0
충청남도 청양군 목면(4479034000),"1,496","1,496",2,3,4,1,1,4,6,5,4,5,5,5,7,5,9,8,9,14,10,9,7,10,11,9,9,9,11,4,12,2,5,6,7,5,9,8,10,7,5,6,9,10,9,10,18,13,6,14,13,16,21,24,31,23,22,23,21,42,32,37,49,40,38,41,23,38,25,44,24,31,32,22,17,27,19,24,22,19,23,36,29,25,28,23,18,19,16,22,17,14,5,9,3,5,4,1,1,0,1,0,0
충청남도 청양군 청남면(4479035000),"1,895","1,895",4,6,4,3,10,2,1,6,7,6,5,10,10,6,16,13,10,8,9,11,15,13,6,9,11,8,12,8,4,11,8,7,11,6,11,9,13,17,13,9,7,9,13,11,11,15,19,18,29,24,22,28,18,32,35,29,24,35,29,38,52,42,56,49,51,45,38,47,41,40,34,38,39,33,32,34,27,38,26,39,40,29,27,33,22,19,26,28,18,20,8,7,8,7,3,1,1,2,0,0,1
충청남도 청양군 장평면(4479036000),"2,268","2,268",5,5,2,6,12,7,7,13,7,11,12,8,9,5,6,10,15,9,16,12,17,17,11,9,7,8,12,12,10,4,12,2,9,4,6,7,9,18,15,12,19,17,25,15,16,16,21,19,13,28,25,29,34,36,37,32,35,38,31,42,54,53,62,54,54,57,74,62,50,36,44,48,47,57,35,43,29,46,45,55,44,37,43,33,31,41,32,27,15,16,9,7,11,2,5,1,1,0,1,1,0
충청남도 청양군 남양면(4479037000),"2,699","2,699",2,6,8,10,4,7,8,9,9,6,7,10,5,12,5,9,7,12,14,17,15,17,20,25,15,13,24,12,10,15,9,16,9,10,18,14,15,8,12,20,13,10,17,14,14,17,26,18,23,27,31,33,43,31,48,49,51,57,47,49,84,75,67,88,57,62,65,63,44,50,50,41,58,53,49,37,25,40,54,60,65,50,61,35,49,43,44,30,33,20,26,11,9,4,3,6,1,1,2,0,2
충청남도 청양군 화성면(4479038000),"2,173","2,173",1,1,3,1,9,2,2,3,9,11,8,9,8,16,16,6,11,12,7,9,15,16,19,11,5,8,11,8,13,14,5,12,14,11,10,4,3,17,14,13,20,13,9,13,13,19,18,17,26,23,27,19,38,34,30,42,34,29,28,34,65,79,56,63,51,51,71,46,32,41,41,50,56,39,38,36,32,32,36,38,40,32,37,41,28,29,35,31,25,16,10,14,8,4,6,3,5,1,0,1,1
충청남도 청양군 비봉면(4479039000),"2,069","2,069",4,4,4,6,4,6,6,4,3,3,3,9,4,13,7,13,9,6,11,9,15,9,14,8,10,10,9,9,8,8,8,10,10,11,16,11,10,15,12,16,12,13,8,12,17,12,24,21,14,25,22,24,24,30,34,30,39,56,44,47,51,67,63,61,52,49,68,49,51,30,38,38,37,49,34,31,26,34,24,44,35,30,31,30,34,37,27,33,9,15,12,5,7,7,0,2,1,1,0,0,2
충청남도 홍성군 (4480000000),"99,264","99,264",467,550,594,640,732,796,800,839,844,"1,005",934,996,934,967,"1,024",921,863,978,969,900,981,"1,087",979,923,880,851,907,816,800,950,899,913,877,871,893,947,"1,000","1,050","1,151","1,347","1,387","1,368","1,378","1,268","1,389","1,256","1,436","1,586","1,561","1,605","1,640","1,629","1,526","1,702","1,501","1,439","1,446","1,640","1,475","1,664","1,879","1,935","1,814","1,544","1,522","1,482","1,659","1,529","1,163","1,177","1,178","1,111","1,217","1,120","1,028",968,655,855,829,"1,173",907,729,822,821,674,732,642,547,400,368,261,188,155,121,77,57,46,28,27,23,30
충청남도 홍성군 홍성읍(4480025000),"37,560","37,560",128,155,170,176,214,249,215,267,302,354,361,391,361,405,433,401,385,451,475,459,504,586,511,479,461,411,468,415,365,421,371,359,303,307,292,321,330,359,366,450,467,497,532,482,563,514,613,694,709,714,719,739,677,774,659,642,630,685,574,653,701,709,635,565,546,510,576,489,387,383,383,387,397,358,328,309,211,266,226,312,258,178,203,209,176,182,149,121,95,94,59,49,38,34,17,12,14,7,4,5,10
충청남도 홍성군 광천읍(4480025300),"8,305","8,305",12,18,14,20,23,26,27,31,41,55,33,45,50,52,49,52,68,78,54,42,38,54,59,60,43,49,61,43,40,39,57,45,36,42,45,35,42,51,55,61,63,57,54,73,95,62,81,100,74,89,124,124,111,128,132,126,141,160,146,179,189,237,217,174,176,181,213,212,155,134,140,149,179,171,163,138,108,132,142,175,150,113,114,112,82,110,92,62,44,41,40,23,16,16,12,10,3,4,3,0,9
충청남도 홍성군 홍북읍(4480025600),"29,172","29,172",299,342,374,411,456,471,494,470,424,500,446,471,428,395,438,364,317,348,324,301,314,280,258,256,216,256,243,248,282,349,346,406,417,412,430,487,529,527,600,689,700,658,619,540,548,505,508,571,511,508,527,473,432,404,363,308,288,310,258,297,347,289,295,245,216,217,224,216,169,165,149,128,135,112,112,112,63,88,85,118,79,87,82,69,65,66,55,58,39,43,26,16,13,12,7,8,2,4,6,0,4
충청남도 홍성군 금마면(4480032000),"3,494","3,494",8,10,5,5,6,8,10,8,14,15,9,12,8,19,11,17,11,9,17,11,11,25,22,22,25,18,24,16,25,28,12,22,16,15,21,23,11,18,26,22,18,29,19,24,23,24,43,39,44,50,48,53,64,61,52,56,69,62,69,84,83,115,91,62,98,71,105,80,70,66,67,59,65,60,58,70,38,47,54,65,58,45,47,55,56,49,41,48,39,15,13,20,12,10,6,2,1,1,3,3,0
충청남도 홍성군 홍동면(4480033000),"3,390","3,390",4,6,11,5,11,4,18,13,15,25,22,19,23,19,27,14,18,23,25,18,26,29,22,22,29,23,22,15,17,19,21,14,18,18,18,15,15,16,14,23,21,27,45,29,35,32,41,28,43,46,31,54,50,58,48,48,45,58,77,81,69,110,77,70,76,83,78,66,57,60,55,61,64,63,43,43,28,47,55,74,50,50,48,56,33,46,55,47,25,20,26,12,9,6,4,4,3,0,2,0,2
충청남도 홍성군 장곡면(4480034000),"2,831","2,831",4,5,3,5,6,6,4,6,17,11,14,9,15,12,11,11,14,8,9,6,15,19,12,10,21,16,12,6,9,13,12,9,15,13,12,12,17,10,16,13,19,10,15,12,19,28,21,21,33,35,28,28,35,47,38,39,39,50,55,60,65,63,89,67,64,64,74,76,45,50,54,55,55,74,58,60,29,45,46,75,58,52,69,75,58,49,48,42,25,24,15,10,10,9,2,2,0,1,0,3,1
충청남도 홍성군 은하면(4480035000),"2,233","2,233",2,4,0,2,1,4,8,3,3,3,11,4,7,8,3,7,1,10,8,6,11,11,10,13,13,13,10,11,10,14,10,2,8,11,10,10,4,8,5,10,11,16,11,20,23,13,18,17,20,19,23,18,22,38,37,33,34,45,36,45,70,56,56,52,49,47,73,52,43,57,54,53,49,47,42,36,39,37,39,64,45,36,44,43,33,34,40,34,22,24,15,11,16,5,7,5,9,3,0,4,0
충청남도 홍성군 결성면(4480036000),"2,057","2,057",2,1,2,1,1,3,4,6,1,1,3,1,6,8,7,6,5,7,5,10,8,11,11,13,8,10,11,8,8,11,10,7,12,10,9,5,9,12,11,12,11,9,11,12,9,9,14,20,8,13,13,21,21,34,34,33,30,45,45,45,65,57,64,58,49,56,45,53,45,53,39,32,36,43,49,54,18,37,30,69,45,33,44,33,36,49,27,31,19,25,10,10,10,6,4,2,1,2,2,2,1
충청남도 홍성군 서부면(4480037000),"3,204","3,204",3,2,6,3,1,8,9,11,10,10,11,13,10,16,13,14,12,14,15,13,13,19,26,15,26,21,18,15,8,16,22,13,11,8,14,9,12,16,12,27,16,25,22,28,28,21,25,24,33,46,35,33,32,53,55,45,43,73,65,63,95,93,108,92,74,80,77,91,61,65,72,60,90,54,56,51,39,50,57,82,51,38,55,48,48,38,40,31,32,27,15,15,9,7,7,6,4,2,2,0,2
충청남도 홍성군 갈산면(4480038000),"3,517","3,517",1,3,5,7,8,9,7,12,5,16,7,15,10,16,15,19,12,10,20,11,18,30,17,14,18,23,22,19,19,21,24,17,24,18,17,19,15,12,24,21,31,15,23,21,23,25,39,31,35,34,33,40,32,50,33,48,54,66,80,87,97,101,95,81,75,84,99,95,70,77,89,74,71,66,59,51,43,55,44,83,68,54,68,73,45,62,53,47,27,29,25,13,11,12,6,3,4,3,1,4,0
충청남도 홍성군 구항면(4480039000),"3,501","3,501",4,4,4,5,5,8,4,12,12,15,17,16,16,17,17,16,20,20,17,23,23,23,31,19,20,11,16,20,17,19,14,19,17,17,25,11,16,21,22,19,30,25,27,27,23,23,33,41,51,51,59,46,50,55,50,61,73,86,70,70,98,105,87,78,99,89,95,99,61,67,76,53,76,72,60,44,39,51,51,56,45,43,48,48,42,47,42,26,33,26,17,9,11,4,5,3,5,1,4,2,1
충청남도 예산군 (4481000000),"76,540","76,540",178,233,267,240,313,319,381,402,421,481,518,482,491,484,590,561,567,578,524,570,642,737,665,676,626,612,621,599,599,592,560,581,497,532,524,546,535,565,641,713,782,766,797,714,771,845,951,"1,047","1,149","1,130","1,186","1,193","1,293","1,365","1,222","1,185","1,268","1,461","1,215","1,500","1,901","1,853","1,737","1,550","1,569","1,452","1,672","1,549","1,198","1,259","1,193","1,148","1,147","1,142","1,133",974,672,892,829,"1,176","1,069",769,861,859,755,736,613,520,469,360,249,183,158,116,88,63,37,24,13,14,35
충청남도 예산군 예산읍(4481025000),"32,526","32,526",80,134,147,114,193,168,237,228,260,280,310,286,297,280,352,327,360,342,300,325,355,409,394,381,342,321,326,292,288,259,240,244,200,245,244,255,258,295,318,351,433,404,455,384,414,418,468,546,587,600,589,577,597,638,518,508,541,574,494,600,772,704,633,594,571,516,582,556,402,455,414,365,375,377,372,328,230,258,237,331,313,198,225,222,215,172,136,131,114,97,61,42,45,32,22,10,13,5,6,4,9
충청남도 예산군 삽교읍(4481025300),"10,171","10,171",54,58,64,60,49,53,57,54,50,69,64,62,68,63,60,61,60,66,63,76,82,97,73,84,87,106,104,117,144,162,152,167,131,117,126,124,111,100,104,110,112,110,99,93,96,146,116,123,142,134,138,135,169,152,138,143,153,200,141,165,212,213,202,169,181,163,192,172,138,124,159,131,139,109,134,107,77,116,95,132,128,98,127,108,85,77,80,76,62,38,36,20,20,6,15,9,3,0,1,1,2
충청남도 예산군 대술면(4481031000),"2,370","2,370",1,2,2,5,4,5,5,8,3,5,8,3,5,7,7,7,10,9,9,8,10,17,10,9,13,7,12,10,12,6,7,9,13,8,10,12,9,12,15,20,9,23,13,14,14,16,30,25,31,21,37,24,41,37,39,30,28,49,58,59,68,63,71,59,64,68,61,54,52,55,48,53,42,48,59,52,33,43,32,40,47,44,42,45,31,40,19,17,26,17,7,10,9,3,4,3,1,1,1,1,5
충청남도 예산군 신양면(4481032000),"2,992","2,992",4,4,4,1,5,3,6,6,5,10,14,9,6,14,18,14,18,12,15,17,20,14,19,11,9,11,12,14,14,12,10,7,4,15,13,14,16,11,21,23,31,22,24,13,19,19,42,37,29,21,43,39,40,45,36,46,47,58,39,59,89,73,68,87,74,71,93,97,55,70,73,50,64,75,49,39,49,55,49,70,48,42,55,56,44,49,40,27,35,19,13,13,17,7,1,2,1,2,0,1,6
충청남도 예산군 광시면(4481033000),"3,085","3,085",3,2,4,6,6,7,6,7,9,15,12,12,6,8,16,10,8,14,13,16,19,21,14,15,17,14,14,14,12,17,16,10,6,13,10,18,9,12,9,18,14,20,12,17,26,19,29,35,40,36,33,37,48,48,51,57,53,57,54,73,88,78,76,65,81,82,71,75,55,57,47,73,56,50,73,60,39,42,46,82,64,45,76,65,46,65,52,37,30,24,18,14,10,12,4,2,2,2,2,0,2
충청남도 예산군 대흥면(4481034000),"1,758","1,758",0,2,1,5,3,3,3,7,5,7,5,6,2,4,7,9,7,10,5,6,9,8,4,8,6,11,11,10,6,1,4,5,4,4,9,7,10,9,5,13,9,5,10,12,12,13,17,17,13,20,32,25,22,31,28,24,34,27,24,27,44,59,66,42,45,48,60,49,45,48,39,43,32,42,42,31,21,23,23,32,38,30,24,32,21,16,28,22,14,13,13,7,6,5,3,3,3,3,0,0,0
충청남도 예산군 응봉면(4481035000),"2,512","2,512",2,2,3,2,5,10,5,9,7,7,12,10,9,16,13,12,9,13,11,17,17,30,12,14,15,21,18,19,17,23,16,24,14,14,12,7,13,15,14,16,13,14,14,23,19,27,22,37,26,27,39,31,41,49,35,41,33,69,43,63,63,73,76,54,62,61,74,65,48,46,42,37,44,37,31,51,26,31,29,57,39,34,34,25,36,24,35,25,17,21,10,8,7,8,2,2,3,1,0,0,3
충청남도 예산군 덕산면(4481036000),"6,656","6,656",13,13,20,17,22,22,30,30,39,26,35,36,49,32,49,35,36,40,37,38,39,43,53,48,54,44,50,48,30,39,47,41,49,52,32,37,39,37,60,54,63,65,62,62,68,70,74,67,101,114,88,121,124,118,125,129,142,156,114,138,176,187,159,142,158,128,167,148,111,117,106,123,113,101,93,86,59,76,74,90,106,70,72,60,60,71,61,56,37,34,29,17,15,9,8,8,3,4,0,1,5
충청남도 예산군 봉산면(4481037000),"2,473","2,473",1,1,5,8,7,14,3,12,8,11,10,13,13,12,15,22,15,17,16,12,10,20,15,16,7,9,12,12,7,14,9,16,15,10,18,12,7,7,22,15,14,21,13,15,22,28,35,33,32,22,23,30,28,42,56,33,34,48,34,54,76,61,61,57,54,63,67,62,47,44,43,36,41,50,38,27,26,49,32,65,55,40,38,42,37,29,24,20,22,20,12,13,1,8,10,10,2,3,1,2,0
충청남도 예산군 고덕면(4481038000),"4,392","4,392",7,7,6,12,5,13,13,18,11,21,18,16,23,19,28,29,17,28,18,21,32,34,25,21,23,29,22,22,24,18,19,21,22,14,15,16,20,17,25,37,34,37,29,30,28,38,48,44,47,53,58,69,54,75,73,61,63,82,75,99,117,118,128,84,102,92,84,103,82,85,77,95,93,106,95,69,46,89,72,114,85,58,58,82,62,70,57,48,40,31,15,15,8,12,4,2,2,2,1,4,2
충청남도 예산군 신암면(4481039000),"3,412","3,412",5,3,6,5,6,11,5,12,12,16,14,12,4,8,9,13,8,8,19,16,20,19,23,32,28,12,16,18,16,20,19,13,19,15,14,18,21,28,21,28,26,19,32,16,19,20,32,39,45,35,45,41,44,64,60,58,49,52,58,71,86,97,89,88,75,79,108,80,71,74,55,56,72,82,70,51,25,52,70,76,74,44,57,55,55,52,40,33,46,23,16,14,9,6,6,7,1,0,1,0,0
충청남도 예산군 오가면(4481040000),"4,193","4,193",8,5,5,5,8,10,11,11,12,14,16,17,9,21,16,22,19,19,18,18,29,25,23,37,25,27,24,23,29,21,21,24,20,25,21,26,22,22,27,28,24,26,34,35,34,31,38,44,56,47,61,64,85,66,63,55,91,89,81,92,110,127,108,109,102,81,113,88,92,84,90,86,76,65,77,73,41,58,70,87,72,66,53,67,63,71,41,28,26,23,19,10,11,8,9,5,3,1,0,0,1
충청남도 태안군 (4482500000),"61,400","61,400",165,201,216,245,243,314,314,325,352,414,400,364,380,439,440,438,421,440,430,451,483,502,436,504,438,428,492,453,412,479,389,412,373,410,400,433,460,451,560,671,675,660,669,696,675,689,755,815,921,840,929,"1,000","1,017","1,038","1,028","1,022","1,066","1,186",987,"1,179","1,463","1,486","1,459","1,356","1,310","1,274","1,279","1,204",964,"1,165",949,960,"1,058",974,966,865,670,761,742,856,850,497,611,563,488,466,448,359,290,294,197,126,102,96,78,37,43,22,19,10,18
충청남도 태안군 태안읍(4482525000),"29,323","29,323",126,144,165,179,184,223,228,239,243,274,292,242,273,297,297,305,278,288,277,277,299,295,264,325,252,277,308,287,260,314,254,269,238,280,267,291,291,287,345,444,421,400,451,426,388,410,430,454,511,450,501,531,509,513,476,472,469,520,403,512,611,559,570,518,478,445,417,407,324,411,337,342,364,320,320,288,235,253,256,261,243,145,180,188,150,159,127,103,91,90,62,29,21,22,18,10,13,9,14,5,3
충청남도 태안군 안면읍(4482525300),"8,366","8,366",12,23,23,23,21,37,34,32,40,44,38,46,32,52,51,56,58,52,49,60,50,64,52,52,46,34,45,51,37,40,31,37,38,36,39,40,51,46,71,81,85,87,70,89,88,90,110,105,132,107,126,155,139,140,134,144,156,162,152,150,212,223,194,227,193,201,218,177,165,204,149,156,163,160,152,136,120,129,115,139,136,81,94,66,56,50,57,50,39,38,26,21,13,15,12,8,9,4,2,2,9
충청남도 태안군 고남면(4482531000),"2,325","2,325",6,9,4,2,6,6,7,5,9,11,8,9,2,22,13,9,10,16,15,13,22,11,9,8,9,7,5,7,11,4,8,10,8,7,5,10,15,14,13,14,16,24,16,14,19,20,17,37,32,34,30,28,44,40,39,43,43,44,51,37,58,75,71,54,64,55,56,52,43,37,53,38,54,47,44,42,33,48,41,37,51,34,35,29,34,25,26,24,10,18,10,2,7,5,1,1,0,1,0,2,1
충청남도 태안군 남면(4482532000),"4,163","4,163",6,3,5,11,8,10,14,10,18,19,16,14,14,15,15,15,8,11,18,26,29,43,34,37,40,28,36,26,20,26,26,20,17,18,18,32,23,34,21,21,30,36,32,20,50,33,37,49,50,46,49,55,73,68,62,54,66,90,86,97,116,117,125,98,98,102,93,101,78,112,88,86,67,96,78,61,42,61,66,71,86,39,55,66,44,40,39,32,19,21,24,13,13,11,6,4,1,3,2,1,0
충청남도 태안군 근흥면(4482533000),"5,353","5,353",8,6,8,12,6,10,9,13,12,23,11,14,14,19,11,18,24,26,18,28,26,19,18,18,30,22,29,25,25,28,23,24,28,23,24,20,30,19,37,44,44,38,29,51,41,42,60,51,46,48,66,78,86,81,100,95,103,125,89,132,150,172,159,132,157,162,162,163,110,138,106,114,130,126,117,98,70,75,72,96,103,51,69,58,50,58,48,43,32,42,15,20,12,14,9,5,3,1,1,0,3
충청남도 태안군 소원면(4482534000),"5,324","5,324",2,8,6,3,8,14,7,9,16,14,11,20,19,18,20,13,17,22,21,19,27,32,24,22,24,20,23,20,20,24,16,24,17,13,15,17,24,23,33,27,36,33,27,50,46,47,56,60,78,72,61,64,69,93,99,81,112,107,102,122,166,163,137,169,154,144,158,131,112,127,106,95,130,108,113,115,74,90,94,115,94,70,70,63,66,62,56,50,45,34,24,16,12,11,13,2,8,0,0,0,0
충청남도 태안군 원북면(4482535000),"4,355","4,355",4,8,2,13,8,11,11,12,8,16,19,16,19,8,24,14,16,17,17,21,15,26,20,30,30,24,39,31,28,37,25,22,22,26,27,15,16,19,28,20,27,28,28,30,28,36,31,39,52,56,57,58,67,74,81,98,81,97,67,91,97,111,141,102,101,110,121,110,87,91,70,79,99,77,82,79,67,76,64,87,80,59,67,51,60,48,59,30,37,26,25,21,15,9,14,3,6,2,0,0,2
충청남도 태안군 이원면(4482536000),"2,191","2,191",1,0,3,2,2,3,4,5,6,13,5,3,7,8,9,8,10,8,15,7,15,12,15,12,7,16,7,6,11,6,6,6,5,7,5,8,10,9,12,20,16,14,16,16,15,11,14,20,20,27,39,31,30,29,37,35,36,41,37,38,53,66,62,56,65,55,54,63,45,45,40,50,51,40,60,46,29,29,34,50,57,18,41,42,28,24,36,27,17,25,11,4,9,9,5,4,3,2,0,0,0
