대구광역시  (2700000000),"2,381,095","2,381,095","10,289","11,227","13,106","14,409","16,239","18,586","20,153","20,142","19,856","22,086","21,480","21,747","19,981","21,024","22,847","20,797","20,764","21,809","24,036","23,169","26,279","30,585","30,316","29,820","31,701","31,547","32,098","31,117","30,860","31,398","30,220","27,359","27,747","25,957","25,782","26,002","26,963","27,012","31,007","34,901","36,586","36,540","36,863","32,743","34,507","34,869","36,259","39,239","41,467","42,295","43,578","43,653","43,855","44,996","42,628","40,215","40,600","40,439","36,913","41,880","42,955","43,182","41,279","34,887","34,859","33,315","32,180","28,991","25,019","27,426","22,672","20,422","21,213","21,371","19,853","16,056","11,861","14,404","14,440","17,243","13,998","11,752","11,573","9,815","8,686","7,713","6,781","5,705","4,439","3,726","2,838","2,070","1,620","1,271",943,636,439,274,231,145,269
대구광역시 중구 (2711000000),"74,710","74,710",391,337,392,503,525,566,570,562,522,570,531,521,445,437,506,488,453,503,573,579,676,870,"1,007",994,"1,222","1,287","1,364","1,313","1,345","1,348","1,224","1,071","1,066","1,032",870,958,"1,006","1,030","1,098","1,183","1,175","1,084","1,117",915,915,986,"1,005","1,042","1,144","1,158","1,234","1,178","1,157","1,140","1,118",991,"1,020","1,069","1,005","1,109","1,117","1,162","1,146","1,022","1,051","1,055","1,016",896,782,919,753,730,756,844,810,678,499,649,590,693,554,516,479,431,378,321,266,246,178,147,135,93,75,54,51,28,23,13,18,11,25
대구광역시 중구 동인동(2711051700),"7,947","7,947",20,20,18,26,21,28,29,33,36,34,48,49,43,33,50,43,45,40,49,41,66,80,106,111,120,164,168,159,197,210,140,161,119,106,86,89,84,91,88,110,110,98,104,86,87,90,97,93,129,115,122,126,108,127,123,107,140,116,109,148,132,133,148,123,118,120,96,114,100,114,79,82,89,98,106,87,60,74,76,89,68,71,66,48,45,28,34,33,26,16,16,13,12,7,8,6,2,2,4,1,7
대구광역시 중구 삼덕동(2711054500),"6,551","6,551",28,29,28,34,35,47,45,34,57,44,41,54,44,38,37,25,27,28,29,50,62,93,125,147,210,218,238,236,233,227,186,130,145,143,104,121,107,97,106,102,98,98,91,82,81,73,84,82,86,100,82,87,67,90,73,65,53,58,53,66,74,70,79,62,51,62,68,58,49,54,41,34,32,49,44,29,26,31,25,43,24,30,30,23,15,20,11,13,14,12,6,5,3,4,3,1,0,0,0,2,1
대구광역시 중구 성내1동(2711056500),"4,981","4,981",14,11,13,14,8,18,9,20,15,24,16,23,20,12,26,20,19,19,31,28,52,90,112,116,190,193,207,188,168,181,135,113,89,89,71,75,62,60,58,51,65,41,48,44,39,62,52,41,73,54,69,64,59,49,65,44,67,57,56,53,56,74,70,63,68,56,56,49,40,44,45,36,38,50,45,30,31,47,35,39,36,29,27,27,19,16,16,15,9,10,5,7,9,8,2,3,4,0,3,0,2
대구광역시 중구 성내2동(2711057500),"4,480","4,480",5,4,16,12,16,12,9,15,9,10,19,15,18,22,10,16,18,17,29,27,39,45,62,82,101,114,107,101,101,105,101,72,77,59,56,53,53,35,47,48,30,57,44,49,38,50,48,41,49,53,70,67,72,62,58,58,62,83,68,82,81,67,83,71,73,89,74,69,59,85,64,54,66,62,62,56,33,40,48,53,40,32,37,29,25,24,20,20,13,8,9,7,7,2,8,2,1,2,3,3,1
대구광역시 중구 성내3동(2711058500),"4,728","4,728",52,32,45,54,62,66,67,61,53,55,35,23,18,18,16,14,16,20,24,32,20,47,38,47,52,60,49,57,75,65,89,54,73,83,74,96,114,93,110,111,128,82,90,63,58,54,51,63,53,72,57,62,67,54,61,58,70,72,70,56,76,77,77,61,75,54,72,57,39,51,45,49,47,48,39,40,28,28,33,33,22,32,20,18,25,18,10,9,7,7,4,1,5,1,2,0,2,2,0,1,2
대구광역시 중구 대신동(2711059500),"7,827","7,827",80,56,83,94,83,90,92,83,62,84,64,46,49,43,57,52,45,51,58,70,77,65,77,75,78,80,78,79,79,83,85,91,102,117,97,122,121,131,167,182,176,142,126,108,90,99,99,105,138,118,119,118,148,142,122,106,106,125,91,121,117,146,126,120,123,112,114,90,61,93,67,65,71,96,69,60,43,64,59,63,48,41,42,38,25,36,18,20,17,13,9,16,6,3,1,2,2,3,0,0,1
대구광역시 중구 남산1동(2711064000),"4,753","4,753",19,21,10,25,18,29,28,24,26,31,29,27,18,20,27,18,29,34,34,39,49,58,80,64,98,84,99,100,113,108,85,76,59,65,44,55,49,58,67,52,62,82,65,46,57,61,66,58,61,59,82,66,87,89,69,62,64,67,71,71,83,86,74,76,74,67,74,64,42,62,45,46,42,61,55,47,38,56,42,45,39,37,32,31,26,23,15,13,10,10,8,5,3,0,3,2,1,1,1,0,0
대구광역시 중구 남산2동(2711065000),"6,688","6,688",53,42,46,94,84,92,87,81,58,66,57,51,44,33,40,51,43,52,58,51,73,83,87,76,85,75,77,79,90,88,108,101,111,109,82,113,112,123,111,149,146,111,112,80,106,89,94,82,107,111,130,106,116,110,81,81,75,81,98,95,80,87,81,67,68,76,62,73,71,66,57,54,59,77,68,58,35,47,27,54,40,44,30,26,28,23,14,21,13,12,14,6,2,3,9,3,1,0,2,0,4
대구광역시 중구 남산3동(2711066000),"6,647","6,647",38,33,29,43,64,54,62,58,50,60,61,75,57,44,70,53,46,50,40,54,50,66,77,66,50,73,76,73,60,70,74,71,76,66,71,56,104,90,112,110,100,115,113,116,104,113,104,116,109,116,104,101,94,90,116,108,91,116,88,89,93,113,111,84,98,104,94,89,79,87,73,84,69,86,77,53,38,70,62,69,58,35,53,49,26,28,30,21,20,15,19,11,2,7,3,0,1,0,0,0,1
대구광역시 중구 남산4동(2711067000),"11,426","11,426",46,44,66,61,84,78,82,107,97,100,97,105,85,101,102,112,92,109,122,113,110,143,133,122,120,112,140,118,98,109,129,120,119,100,101,107,115,155,126,152,152,141,175,141,164,178,180,201,196,218,211,217,198,170,188,179,160,172,155,182,184,184,184,174,165,185,185,146,152,163,153,134,133,132,140,118,90,106,89,107,91,94,77,67,84,58,53,43,24,20,20,10,12,8,7,6,5,2,3,4,4
대구광역시 중구 대봉1동(2711068000),"6,853","6,853",35,39,33,43,41,45,57,40,53,55,58,46,39,63,59,63,60,67,83,56,65,78,92,70,96,94,102,99,111,87,71,67,74,84,69,58,66,85,85,102,86,97,130,83,71,98,96,113,105,111,150,127,110,134,134,99,99,92,119,114,109,98,87,88,102,97,89,56,66,74,63,57,80,55,72,72,51,66,64,68,68,53,52,53,49,37,37,30,20,16,23,8,11,10,4,3,3,1,2,0,1
대구광역시 중구 대봉2동(2711069000),"1,829","1,829",1,6,5,3,9,7,3,6,6,7,6,7,10,10,12,21,13,16,16,18,13,22,18,18,22,20,23,24,20,15,21,15,22,11,15,13,19,12,21,14,22,20,19,17,20,19,34,47,38,31,38,37,31,23,28,24,33,30,27,32,32,27,26,33,36,33,32,31,24,26,21,35,30,30,33,28,26,20,30,30,20,18,13,22,11,10,8,8,5,8,2,4,3,1,1,0,1,0,0,0,1
대구광역시 동구 (2714000000),"341,730","341,730","1,617","1,752","2,007","2,175","2,370","2,626","2,776","2,792","2,644","2,947","2,765","2,720","2,511","2,530","2,671","2,402","2,384","2,589","2,785","2,813","3,121","3,643","3,757","3,720","4,037","4,160","4,414","4,415","4,441","4,579","4,593","4,244","4,254","4,023","4,031","4,007","4,090","4,037","4,560","5,224","5,424","5,382","5,213","4,536","4,791","4,652","4,864","5,149","5,440","5,560","5,597","5,668","5,714","5,944","5,759","5,371","5,602","5,727","5,220","5,884","6,252","6,474","6,210","5,383","5,492","5,336","5,294","4,767","4,125","4,544","3,890","3,425","3,669","3,652","3,473","2,779","2,123","2,527","2,602","2,946","2,410","2,054","1,995","1,633","1,484","1,302","1,140","1,010",736,589,440,314,252,186,166,99,85,54,33,17,45
대구광역시 동구 신암1동(2714051000),"8,896","8,896",51,56,56,55,55,44,55,54,45,44,32,43,33,34,49,49,31,57,73,55,75,104,80,116,107,97,103,130,98,92,122,102,101,112,93,108,114,82,88,126,136,114,115,80,100,111,106,129,113,140,143,132,135,153,134,160,153,164,144,149,173,170,173,159,138,177,165,128,117,145,102,115,118,128,115,77,83,94,118,100,104,101,91,65,56,65,32,33,28,25,15,17,11,4,10,4,2,0,4,2,0
대구광역시 동구 신암2동(2714052000),"10,321","10,321",68,70,68,65,103,93,127,108,99,109,106,101,95,81,92,93,74,65,70,68,68,89,106,76,97,95,102,99,109,98,98,98,136,105,137,117,127,135,160,173,173,175,199,154,191,172,186,168,178,176,166,172,171,166,159,127,153,157,122,145,154,150,169,141,146,162,136,126,122,137,111,113,126,119,100,94,68,84,91,108,93,69,64,53,51,49,43,40,28,23,19,12,9,8,6,1,0,0,4,0,2
대구광역시 동구 신암3동(2714053000),"11,762","11,762",128,110,130,142,146,138,146,132,113,109,79,81,54,63,75,60,60,84,110,76,111,108,115,120,127,125,106,117,135,134,161,158,207,196,192,223,233,238,215,233,252,208,168,173,137,153,149,157,140,180,177,225,175,196,185,165,139,188,164,140,162,197,181,152,174,140,184,145,131,100,113,106,121,115,116,92,64,62,76,89,64,60,74,57,35,41,29,31,22,19,12,7,6,9,2,3,4,2,0,0,4
대구광역시 동구 신암4동(2714054000),"11,402","11,402",20,19,25,23,32,24,45,50,46,41,40,62,49,56,55,45,55,61,73,74,94,116,142,157,156,189,201,199,213,194,189,176,140,113,124,101,97,118,120,132,137,133,122,119,135,129,150,165,171,215,193,201,204,236,233,217,219,208,218,235,271,223,247,217,213,210,208,207,145,165,152,139,136,151,138,110,93,93,101,115,82,83,78,54,52,42,39,33,19,18,11,17,5,12,5,3,3,2,1,1,2
대구광역시 동구 신암5동(2714054100),"6,278","6,278",8,9,12,20,13,28,20,22,30,29,24,29,28,39,25,42,37,43,42,56,51,62,67,63,86,92,88,79,68,71,53,72,55,44,56,52,44,38,42,72,54,65,69,65,68,78,69,86,91,108,118,110,119,129,108,110,99,142,119,142,128,154,147,127,126,152,133,123,99,103,104,83,86,104,88,71,48,71,63,81,68,53,54,40,47,40,30,29,19,16,8,5,7,5,2,2,2,0,0,0,0
대구광역시 동구 신천1.2동(2714055500),"12,872","12,872",53,50,66,53,63,65,63,82,83,101,99,79,78,73,82,88,69,88,97,112,109,128,117,145,154,140,169,172,142,169,159,145,150,127,147,124,124,147,137,159,201,157,201,161,188,181,164,164,198,201,223,232,202,238,231,191,217,237,198,207,241,236,226,207,221,243,215,205,172,209,174,140,169,161,151,139,97,150,149,139,129,120,98,80,66,53,68,54,39,32,33,16,5,10,12,3,5,4,0,0,1
대구광역시 동구 신천3동(2714057000),"11,637","11,637",65,53,62,78,71,82,96,89,102,109,86,111,88,109,103,78,97,114,101,92,112,151,153,172,158,163,150,128,136,126,152,142,116,129,113,149,110,140,153,207,170,210,182,128,188,153,186,188,182,191,218,201,279,213,213,193,198,196,178,206,187,209,202,173,189,155,145,113,132,137,122,94,108,105,95,102,66,79,70,84,74,81,78,44,54,36,38,40,25,30,16,4,12,5,6,4,0,1,0,1,2
대구광역시 동구 신천4동(2714058000),"8,278","8,278",26,25,32,30,33,35,36,27,35,33,38,24,42,26,46,38,37,43,48,51,69,86,87,109,122,158,179,212,162,185,191,155,141,119,121,133,112,111,107,112,105,131,104,91,94,85,110,128,119,111,124,110,126,144,145,122,150,130,128,151,139,154,129,133,157,124,122,123,110,117,113,85,95,90,84,74,49,72,66,71,46,40,58,47,38,26,27,29,22,16,13,8,4,8,1,1,1,0,0,0,2
대구광역시 동구 효목1동(2714059000),"13,655","13,655",20,39,40,33,50,44,49,50,53,68,51,68,56,68,69,72,63,89,93,118,121,167,146,151,168,166,189,212,200,167,178,144,155,111,123,115,108,113,121,154,168,148,164,132,142,155,147,166,184,191,226,233,236,265,239,244,232,268,240,275,298,315,319,268,296,259,261,275,226,243,194,181,222,183,212,172,114,163,153,144,144,134,104,96,90,93,73,39,29,24,18,16,8,6,11,5,5,1,2,0,2
대구광역시 동구 효목2동(2714060000),"13,185","13,185",50,40,52,53,59,73,77,62,74,77,74,76,78,105,97,100,86,95,100,93,121,140,132,158,192,184,171,189,193,181,185,147,156,139,124,138,124,118,146,178,152,173,174,144,174,180,195,176,234,222,202,212,222,234,216,195,248,244,198,256,225,305,254,244,254,245,207,211,194,213,169,153,177,172,174,119,89,101,128,126,113,74,86,74,74,63,72,38,22,26,23,21,15,9,11,5,4,3,1,0,3
대구광역시 동구 도평동(2714061500),"4,003","4,003",11,16,11,15,17,22,24,12,20,16,19,19,28,16,26,14,20,18,22,30,32,49,53,44,66,62,56,66,73,63,56,56,48,45,45,40,37,34,30,44,50,39,35,32,46,33,44,42,70,47,64,74,59,60,59,75,76,73,65,86,92,84,86,82,76,64,90,70,67,54,63,44,47,51,58,46,27,39,50,49,37,31,27,25,28,23,20,23,12,7,7,7,4,1,3,2,1,1,0,0,1
대구광역시 동구 불로.봉무동(2714062000),"21,249","21,249",86,119,148,156,189,223,279,275,245,304,260,266,261,259,219,220,203,228,192,206,197,239,210,199,203,206,243,217,206,231,222,205,209,220,232,235,242,275,322,364,432,438,428,335,400,393,353,405,363,406,380,319,374,348,323,300,328,307,281,321,331,365,331,291,295,251,289,232,213,242,196,170,177,180,176,124,85,120,115,135,94,78,74,65,79,54,47,40,30,27,23,21,11,10,12,7,4,1,2,0,3
대구광역시 동구 지저동(2714064000),"14,491","14,491",33,48,41,67,69,76,72,61,55,77,61,79,72,63,87,80,72,115,106,113,121,166,166,178,172,196,202,193,220,210,205,157,164,124,141,141,126,122,150,139,171,145,167,148,156,169,162,170,230,191,238,232,279,275,277,288,280,319,273,317,352,360,346,303,314,300,323,252,190,210,212,192,188,202,146,140,106,135,108,147,132,99,92,73,72,65,34,40,35,28,22,13,10,5,5,2,5,3,0,0,3
대구광역시 동구 동촌동(2714065500),"15,610","15,610",52,56,67,79,74,92,81,90,88,72,89,79,70,69,85,82,90,88,118,118,138,157,164,191,204,242,251,238,242,240,216,208,211,165,168,138,194,136,180,199,215,209,203,169,171,188,169,193,229,249,233,237,269,268,289,275,300,302,284,320,339,313,333,324,277,304,267,282,206,234,213,180,176,175,180,140,117,137,137,149,141,108,105,87,88,51,64,46,37,22,20,14,17,12,4,4,7,4,0,3,0
대구광역시 동구 방촌동(2714067000),"18,763","18,763",38,61,64,66,82,82,98,114,107,111,117,121,108,110,120,108,140,127,149,167,186,250,227,234,232,259,226,250,245,251,221,199,183,199,153,148,176,161,160,195,223,223,232,222,195,189,210,251,270,274,287,319,321,376,391,375,369,363,380,390,436,446,437,361,330,351,337,303,269,283,254,244,216,233,212,178,136,172,164,206,161,131,129,119,98,82,76,87,64,42,29,17,19,8,7,7,3,5,0,1,5
대구광역시 동구 해안동(2714068500),"15,164","15,164",63,47,54,45,74,73,82,85,75,93,73,86,75,81,90,85,74,94,121,111,138,151,184,142,196,201,211,207,213,215,187,188,181,159,134,135,134,126,139,162,186,198,170,160,172,170,200,206,208,219,228,267,269,288,279,260,282,297,262,303,322,347,326,284,286,263,289,265,233,253,227,188,224,214,209,139,131,146,138,183,136,108,109,86,74,88,67,50,48,30,24,10,16,7,12,9,5,3,3,1,3
대구광역시 동구 안심1동(2714072000),"42,078","42,078",181,210,232,286,319,376,412,442,393,443,441,404,362,367,383,320,309,321,373,350,411,388,487,494,514,514,588,492,521,524,535,477,477,442,515,443,521,498,620,698,702,700,754,650,636,577,650,656,657,658,688,690,682,651,707,633,689,663,626,727,771,813,760,662,672,648,615,563,499,552,453,353,394,393,364,293,216,247,276,307,263,221,227,186,140,135,129,94,83,60,63,34,29,22,21,10,14,6,4,3,4
대구광역시 동구 안심2동(2714073000),"10,979","10,979",51,46,71,56,68,62,56,64,54,58,65,57,45,68,61,43,54,67,72,81,98,118,107,116,125,153,149,141,137,153,139,131,117,125,118,131,141,106,137,157,144,142,132,107,105,106,142,140,156,179,184,190,182,242,212,213,231,224,202,219,255,252,235,195,202,177,201,187,160,188,138,123,143,143,133,83,80,85,108,104,87,58,64,58,47,45,33,41,27,21,8,13,12,7,5,2,4,2,2,0,1
대구광역시 동구 안심3동(2714074200),"21,891","21,891",148,172,205,179,229,256,272,272,262,293,321,272,283,261,299,250,279,267,256,255,267,258,260,229,235,210,218,207,212,236,233,267,274,319,287,298,307,312,335,420,446,431,450,420,387,399,451,418,445,457,388,371,351,342,310,281,276,279,233,220,250,256,249,188,209,215,201,190,152,193,167,184,162,155,156,130,78,105,108,122,96,94,80,65,61,53,42,42,35,21,15,8,12,10,5,1,3,4,2,0,2
대구광역시 동구 안심4동(2714074700),"28,938","28,938",172,183,192,234,220,269,230,242,261,269,285,291,274,282,295,268,302,280,303,320,323,386,422,324,350,346,377,378,359,399,463,381,373,353,340,370,357,368,416,469,476,512,426,401,435,459,447,526,562,550,553,549,520,507,485,433,439,417,357,484,443,507,467,383,376,375,366,303,273,301,247,208,226,240,217,175,142,152,166,205,127,129,104,91,94,71,62,61,37,36,26,21,10,12,8,5,2,0,4,1,1
대구광역시 동구 혁신동(2714075500),"18,557","18,557",176,202,244,281,260,338,323,325,298,338,280,233,203,175,173,131,99,102,95,93,88,96,114,96,154,156,211,240,300,348,369,387,412,421,430,413,434,410,483,519,512,542,459,426,388,304,304,270,263,223,224,210,176,181,167,140,161,157,163,193,203,163,182,154,164,178,173,145,109,130,93,95,105,74,85,68,56,56,49,65,43,37,36,34,31,17,24,14,12,13,6,3,5,4,3,4,3,2,2,1,3
대구광역시 동구 공산동(2714076000),"21,721","21,721",117,121,135,159,144,131,133,134,106,153,125,139,129,125,140,136,133,143,171,174,191,234,218,206,219,206,224,249,257,292,259,249,248,256,238,255,228,249,299,312,319,289,259,219,283,268,270,345,377,372,340,382,363,432,397,374,363,392,385,398,480,455,411,335,377,343,367,319,306,335,273,235,253,264,264,213,178,164,168,217,176,145,163,134,109,110,91,106,63,53,29,30,25,12,15,15,8,10,2,3,1
대구광역시 서구 (2717000000),"163,588","163,588",329,396,476,585,651,818,790,799,880,928,928,936,810,895,"1,018",932,946,"1,051","1,219","1,262","1,429","1,688","1,718","1,796","2,060","2,035","2,211","2,160","2,183","2,226","2,105","1,784","1,690","1,543","1,404","1,513","1,482","1,507","1,687","1,862","1,940","2,026","2,006","1,778","1,871","1,969","2,059","2,341","2,489","2,695","2,743","2,824","3,018","3,216","3,212","3,257","3,329","3,493","3,120","3,730","3,786","3,860","3,843","3,146","3,244","3,119","3,028","2,804","2,444","2,670","2,345","1,895","2,133","2,086","1,906","1,512","1,114","1,414","1,368","1,687","1,358","1,029","1,058",934,770,652,589,466,356,313,212,158,116,97,77,59,26,18,23,6,19
대구광역시 서구 내당1동(2717051000),"8,391","8,391",14,14,23,20,33,40,28,36,38,34,39,32,40,41,44,39,39,47,60,67,76,93,119,105,151,137,141,140,146,151,111,104,102,75,70,100,80,79,83,110,101,96,94,76,97,96,101,116,112,132,124,128,151,137,186,166,148,196,167,196,171,172,185,176,180,162,143,127,120,126,117,109,105,112,108,73,52,60,54,95,64,50,49,49,38,32,33,31,18,21,14,5,5,5,4,2,0,1,1,0,1
대구광역시 서구 내당2.3동(2717052500),"9,736","9,736",17,15,27,22,42,38,31,35,31,37,34,34,25,43,48,35,59,56,60,70,82,84,102,106,119,131,138,151,122,132,123,113,105,99,76,67,79,68,109,98,79,115,107,92,104,105,126,142,125,163,170,157,179,207,186,202,179,217,180,192,232,242,254,167,201,200,194,166,154,188,151,134,149,154,141,95,68,98,106,114,109,102,72,88,54,52,40,32,21,23,12,9,5,7,5,5,0,0,2,0,0
대구광역시 서구 내당4동(2717054000),"16,546","16,546",39,39,45,64,54,85,85,67,74,94,91,95,88,82,130,106,103,133,149,144,142,174,187,216,258,231,267,227,240,254,289,215,230,192,176,167,179,149,184,204,217,225,205,158,174,200,215,208,261,289,258,284,269,293,294,309,280,328,293,341,335,383,366,302,315,303,303,283,246,240,208,179,228,196,194,142,125,127,111,134,105,89,96,71,73,69,59,56,29,45,21,20,16,7,8,2,5,1,2,2,1
대구광역시 서구 비산1동(2717055000),"9,649","9,649",11,17,18,27,18,24,29,24,42,39,57,53,38,56,64,68,72,67,75,85,65,98,96,100,107,110,128,124,114,128,114,87,80,80,80,81,69,74,86,101,104,102,95,114,111,110,106,151,146,184,171,192,207,216,185,195,233,218,185,240,235,214,233,195,189,180,163,186,155,158,155,113,130,134,129,115,64,100,86,125,78,69,81,53,60,41,28,28,18,20,7,14,5,7,4,3,1,2,0,0,0
대구광역시 서구 비산2.3동(2717056500),"9,227","9,227",10,15,19,21,27,32,30,37,44,31,41,35,41,43,49,43,39,48,60,53,83,86,91,81,104,80,93,117,99,121,98,75,66,71,57,69,76,77,92,89,85,90,95,77,87,98,105,122,123,164,139,144,167,178,190,173,191,178,162,224,224,241,230,182,201,207,189,165,135,189,167,138,153,159,122,113,84,115,124,150,125,86,86,82,69,48,54,36,34,22,15,10,9,4,7,7,1,4,1,1,3
대구광역시 서구 비산4동(2717058000),"9,750","9,750",14,14,23,28,31,46,44,46,44,52,37,52,32,56,55,48,52,53,68,90,89,123,108,98,125,111,140,104,134,131,123,84,89,81,91,81,85,86,102,114,103,93,124,114,99,126,138,138,143,145,156,168,184,198,206,197,206,220,210,217,220,230,243,203,202,196,203,197,157,155,147,119,118,132,98,97,89,100,93,93,69,74,64,53,49,35,35,28,22,14,14,9,4,5,4,4,2,2,1,1,0
대구광역시 서구 비산5동(2717059000),"6,054","6,054",7,7,11,17,22,18,16,19,19,28,28,24,20,24,29,27,26,38,32,39,49,54,50,55,74,55,60,76,73,67,60,54,70,61,52,50,38,55,46,59,56,73,70,52,61,62,57,82,77,96,103,119,98,111,132,118,117,145,117,146,174,144,129,134,127,132,114,100,115,140,110,98,97,77,83,81,65,75,61,99,62,45,51,44,37,38,26,32,18,14,9,9,3,5,2,2,1,0,0,0,0
대구광역시 서구 비산6동(2717060000),"7,596","7,596",8,20,10,25,18,23,23,23,23,34,25,32,33,32,44,44,37,41,71,68,97,79,89,73,84,101,104,100,96,97,104,80,65,69,38,70,58,65,64,63,73,77,74,70,80,77,98,127,110,143,142,155,155,149,156,172,154,174,149,180,187,206,192,156,186,133,154,124,106,113,124,80,87,106,97,74,50,77,70,85,83,41,45,59,36,41,34,30,20,13,17,8,4,5,1,2,1,1,1,0,2
대구광역시 서구 비산7동(2717061000),"9,927","9,927",27,37,36,33,36,43,34,29,33,50,39,34,35,49,41,47,47,65,66,69,73,80,88,105,111,131,113,133,131,127,123,128,109,98,73,80,99,78,99,107,106,107,112,101,100,106,104,133,162,177,168,177,194,225,193,204,248,235,191,257,241,269,249,188,193,170,193,195,171,152,157,117,133,142,126,96,80,104,85,112,94,59,77,59,56,39,40,17,19,14,12,9,9,2,6,3,1,0,0,0,2
대구광역시 서구 평리1동(2717062000),"7,808","7,808",11,21,20,16,21,27,24,40,42,42,45,35,36,43,52,39,47,54,46,61,57,91,100,87,110,106,100,99,105,112,80,92,83,71,57,66,57,76,65,74,68,87,84,73,95,94,85,134,125,127,141,131,151,144,160,178,173,172,139,162,187,187,194,154,146,162,143,140,122,139,112,79,87,101,93,72,57,69,78,90,80,82,55,48,37,32,23,25,20,21,10,8,6,3,3,3,1,2,2,0,2
대구광역시 서구 평리2동(2717063000),"7,984","7,984",23,26,44,45,47,75,74,73,75,66,73,62,66,63,55,45,54,52,60,63,67,89,59,75,75,93,105,89,104,88,93,79,76,75,72,98,87,92,111,115,115,117,128,100,115,111,101,134,131,130,122,137,123,153,145,133,154,146,141,163,183,163,172,134,155,151,148,118,99,137,95,72,97,98,80,64,39,63,54,63,55,37,49,35,28,25,24,14,16,10,5,3,9,1,1,3,1,0,1,0,0
대구광역시 서구 평리3동(2717064000),"9,912","9,912",16,28,22,28,39,38,34,37,44,41,43,42,44,47,56,54,53,59,74,68,93,111,109,121,100,112,146,117,120,134,129,105,106,91,87,92,88,81,88,93,123,99,107,107,114,101,133,148,165,145,173,168,200,194,189,201,238,222,211,266,260,256,235,197,221,200,204,184,142,149,132,122,149,135,114,83,70,81,100,79,86,52,72,58,54,37,38,24,19,18,14,6,10,9,1,3,2,1,1,0,0
대구광역시 서구 평리4동(2717065000),"17,975","17,975",64,73,78,124,107,137,141,133,156,152,155,152,114,106,119,109,123,100,135,126,154,185,173,214,227,225,225,240,254,235,250,230,186,197,185,192,170,213,244,267,285,315,250,250,227,251,230,224,300,289,287,291,301,329,348,338,345,388,331,433,374,366,403,322,285,298,295,253,231,263,232,164,194,171,176,136,94,107,111,140,111,65,82,74,61,49,49,39,33,28,16,15,10,13,16,6,3,2,4,0,2
대구광역시 서구 평리5동(2717066000),"1,717","1,717",0,0,3,7,8,6,5,6,11,11,9,16,6,4,9,10,5,12,17,11,11,18,20,17,25,14,21,22,19,21,19,22,12,15,13,17,15,23,25,8,23,21,31,22,22,17,14,27,32,29,18,27,43,27,26,36,52,29,42,36,37,45,45,32,38,34,42,26,25,35,29,24,19,24,24,12,10,15,14,18,20,13,16,11,2,6,5,3,2,0,1,1,0,0,0,1,0,0,0,0,1
대구광역시 서구 평리6동(2717066100),"3,694","3,694",3,10,6,8,4,10,16,6,11,13,17,15,13,13,18,19,14,32,32,28,31,25,37,43,32,49,57,52,51,52,43,26,41,29,24,37,31,37,22,42,37,36,28,38,28,32,43,45,58,68,67,73,74,96,70,98,86,81,74,75,109,122,106,85,87,80,70,84,51,83,54,39,43,43,34,31,25,32,33,42,29,10,27,20,14,18,14,7,13,9,6,6,4,3,1,1,2,0,1,0,0
대구광역시 서구 상중이동(2717067500),"20,030","20,030",52,49,77,83,117,145,137,160,161,169,161,181,151,160,164,162,138,157,173,171,201,228,209,224,261,262,272,279,261,280,245,197,204,185,187,185,208,198,202,250,280,283,306,255,257,283,303,296,303,302,367,345,376,407,388,383,361,403,375,421,453,445,427,378,387,381,325,315,293,257,234,207,226,208,183,144,79,115,108,139,115,77,69,83,68,56,57,37,31,29,28,13,13,16,9,8,5,1,5,2,4
대구광역시 서구 원대동(2717069500),"7,592","7,592",13,11,14,17,27,31,39,28,32,35,34,42,28,33,41,37,38,37,41,49,59,70,81,76,97,87,101,90,114,96,101,93,66,54,66,61,63,56,65,68,85,90,96,79,100,100,100,114,116,112,137,128,146,152,158,154,164,141,153,181,164,175,180,141,131,130,145,141,122,146,121,101,118,94,104,84,63,76,80,109,73,78,67,47,34,34,30,27,23,12,11,13,4,5,5,4,0,1,1,0,1
대구광역시 남구 (2720000000),"142,558","142,558",416,464,539,554,593,684,709,713,761,826,769,771,711,814,878,871,889,956,"1,081","1,113","1,317","1,635","1,713","1,812","2,019","2,203","2,256","2,226","2,095","2,190","2,011","1,791","1,661","1,562","1,503","1,503","1,564","1,465","1,732","1,842","1,908","1,901","1,808","1,694","1,765","1,764","1,831","2,063","2,153","2,391","2,431","2,460","2,402","2,506","2,512","2,223","2,338","2,336","2,185","2,648","2,660","2,777","2,795","2,440","2,485","2,360","2,443","2,283","1,956","2,085","1,808","1,591","1,708","1,812","1,640","1,392","1,036","1,187","1,278","1,540","1,280","1,055","1,072",877,780,702,626,549,418,359,281,188,152,130,95,56,42,27,27,15,20
대구광역시 남구 이천동(2720051500),"11,979","11,979",34,58,53,55,63,80,83,87,94,92,96,100,87,93,107,92,93,107,101,111,124,132,119,109,110,123,119,125,112,117,97,113,108,118,101,100,132,108,120,152,188,155,165,147,185,195,180,210,222,230,240,222,221,188,214,162,177,177,172,216,200,185,194,166,198,172,162,176,169,155,147,144,129,140,156,146,108,117,136,158,113,109,106,96,85,80,61,56,55,36,33,26,21,18,13,5,7,4,3,3,0
대구광역시 남구 봉덕1동(2720053000),"9,139","9,139",20,27,36,26,42,36,28,30,27,41,47,43,38,34,53,63,42,49,60,62,90,81,81,98,95,125,145,141,107,136,133,105,100,104,100,117,110,106,112,95,131,129,123,112,118,120,138,129,131,171,152,152,161,183,186,150,174,158,127,164,188,194,181,162,170,163,156,125,132,130,123,110,116,124,111,88,65,64,71,122,72,78,77,84,52,56,47,45,40,27,29,10,11,7,5,6,1,1,0,1,1
대구광역시 남구 봉덕2동(2720054000),"12,448","12,448",71,76,90,94,97,94,90,91,112,109,101,89,90,106,104,100,105,116,104,91,94,117,117,109,135,110,144,111,131,135,134,144,134,115,148,171,128,144,186,200,202,180,170,170,172,179,159,160,176,219,190,217,199,208,195,186,222,184,185,207,216,212,247,207,194,202,212,192,181,175,146,111,156,139,143,110,79,96,94,126,99,81,95,67,76,72,58,58,45,44,26,18,16,13,9,3,2,3,2,3,3
대구광역시 남구 봉덕3동(2720055000),"16,641","16,641",56,44,67,75,86,74,102,105,85,117,99,100,108,112,129,130,132,140,154,146,165,171,187,193,224,205,231,196,198,222,188,188,170,162,148,143,173,175,201,218,232,215,219,214,239,212,246,253,257,292,306,311,310,295,289,272,255,263,262,311,297,346,295,289,311,291,281,257,223,263,196,168,188,194,174,148,118,116,169,184,149,126,136,90,107,73,82,64,49,55,34,27,25,10,13,6,5,3,3,1,3
대구광역시 남구 대명1동(2720056000),"11,313","11,313",25,27,29,32,41,47,62,65,60,65,64,59,63,63,71,79,68,75,82,94,88,146,143,169,165,200,174,204,190,199,172,151,152,130,105,124,114,94,163,141,144,149,152,137,133,139,117,165,173,190,206,195,200,208,219,212,199,187,164,220,214,216,238,188,207,192,193,166,136,173,158,112,121,153,128,107,72,82,81,106,94,74,70,55,50,46,40,23,24,23,13,5,8,15,6,6,3,2,6,1,2
대구광역시 남구 대명2동(2720057100),"10,202","10,202",20,22,34,30,32,45,35,40,43,42,35,41,34,45,50,58,71,60,64,106,144,188,194,194,196,206,227,202,192,190,167,150,136,133,109,116,107,118,121,111,114,113,93,111,125,118,111,139,143,167,182,162,170,163,178,119,142,158,153,165,181,180,190,152,172,142,146,156,121,140,113,123,112,137,125,92,80,90,90,104,89,85,76,67,48,46,58,36,28,31,19,14,7,5,5,2,2,1,3,0,0
대구광역시 남구 대명3동(2720058600),"10,816","10,816",19,16,27,31,21,50,38,32,41,45,38,42,45,52,59,39,51,64,80,96,114,122,138,133,176,186,155,186,158,168,148,144,121,106,88,107,119,108,100,111,118,149,135,114,125,114,140,160,152,181,185,172,163,186,199,174,175,214,190,216,232,240,240,188,193,171,215,192,163,180,162,149,152,164,152,102,84,96,108,117,126,85,78,60,67,50,48,40,33,19,16,17,14,8,10,5,2,1,0,0,1
대구광역시 남구 대명4동(2720059000),"10,971","10,971",30,33,29,47,32,43,54,54,44,60,45,54,40,57,55,56,61,66,88,81,88,134,145,151,158,182,181,174,162,157,183,120,124,97,115,108,104,100,118,140,117,109,132,111,102,109,122,145,152,167,200,201,168,199,195,188,190,200,200,246,227,212,246,233,221,215,230,198,182,155,148,125,158,149,122,99,78,110,97,126,100,78,81,73,46,56,43,30,25,19,16,16,9,5,9,2,5,1,0,0,3
대구광역시 남구 대명5동(2720060000),"6,171","6,171",13,11,17,24,18,30,23,21,13,30,25,25,22,37,35,29,31,35,54,52,60,99,137,149,146,144,142,137,129,103,116,88,87,67,65,51,71,63,62,66,66,78,61,59,54,63,70,94,95,97,101,101,103,97,92,85,104,83,104,107,103,122,135,95,86,89,89,79,88,84,78,60,66,82,72,61,39,56,48,64,44,45,41,43,26,24,21,19,14,14,13,5,4,7,7,3,3,1,0,0,0
대구광역시 남구 대명6동(2720061000),"9,558","9,558",27,32,36,40,51,50,52,63,62,69,69,62,49,57,62,58,58,54,75,58,86,97,110,105,158,181,191,174,179,165,141,113,121,122,117,98,136,108,123,149,161,156,146,132,106,118,143,153,133,156,149,170,170,158,169,118,138,168,134,155,181,160,184,142,145,140,164,141,118,113,108,108,95,99,91,85,56,69,80,80,78,43,66,46,44,37,37,54,25,20,10,8,9,13,1,6,1,3,4,1,2
대구광역시 남구 대명9동(2720064000),"15,618","15,618",48,52,67,58,46,84,79,70,109,78,76,91,74,78,85,77,86,93,108,88,120,192,175,203,231,302,264,299,254,292,241,242,207,218,192,170,187,186,208,235,234,223,199,192,226,213,198,227,248,269,249,278,247,325,274,276,240,226,209,276,274,329,271,271,252,241,245,230,174,226,158,169,172,178,145,163,113,130,135,135,141,93,86,85,67,69,45,58,31,26,35,24,17,11,9,5,3,3,1,2,2
대구광역시 남구 대명10동(2720065000),"9,074","9,074",23,28,26,18,36,21,38,27,36,44,36,35,30,45,40,49,43,46,55,64,72,92,94,116,127,127,158,152,146,175,153,137,103,93,112,111,99,72,115,116,105,122,122,100,96,94,119,137,129,125,116,135,152,150,168,145,169,168,124,170,169,184,185,163,159,177,160,188,144,144,131,108,109,117,114,106,76,82,89,103,83,85,87,58,53,46,40,39,27,25,21,8,8,9,5,3,5,3,2,1,2
대구광역시 남구 대명11동(2720066000),"8,628","8,628",30,38,28,24,28,30,25,28,35,34,38,30,31,35,28,41,48,51,56,64,72,64,73,83,98,112,125,125,137,131,138,96,98,97,103,87,84,83,103,108,96,123,91,95,84,90,88,91,142,127,155,144,138,146,134,136,153,150,161,195,178,197,189,184,177,165,190,183,125,147,140,104,134,136,107,85,68,79,80,115,92,73,73,53,59,47,46,27,22,20,16,10,3,9,3,4,3,1,3,2,1
대구광역시 북구 (2723000000),"436,613","436,613","1,983","2,221","2,532","2,821","3,083","3,530","3,808","3,726","3,712","4,110","3,958","3,992","3,638","3,882","4,318","4,034","4,032","4,259","4,791","4,660","5,389","6,393","6,288","6,243","6,466","6,274","6,178","5,888","5,770","5,662","5,621","5,003","5,228","4,803","4,883","4,890","4,972","4,984","5,591","6,345","6,706","6,621","6,708","5,947","6,506","6,489","6,901","7,719","8,078","8,278","8,450","8,490","8,411","8,650","7,931","7,697","7,454","7,205","6,570","7,525","7,746","7,630","7,039","6,037","5,827","5,461","5,211","4,777","4,056","4,275","3,706","3,280","3,427","3,496","3,217","2,563","1,881","2,431","2,355","2,912","2,284","1,925","1,907","1,531","1,372","1,202","1,049",861,677,575,423,327,232,198,136,90,66,36,32,30,36
대구광역시 북구 고성동(2723051000),"4,879","4,879",37,47,38,40,34,40,31,26,25,35,27,28,31,30,40,33,32,30,39,43,58,54,46,46,53,59,39,58,57,75,72,64,63,62,80,57,80,75,63,72,63,58,72,61,71,65,61,63,78,80,85,73,68,85,88,76,71,68,68,86,91,86,96,75,73,71,66,71,57,88,61,60,63,54,46,43,35,42,38,61,33,33,33,17,22,21,15,15,10,10,8,7,4,3,5,2,2,0,1,0,2
대구광역시 북구 칠성동(2723052600),"23,432","23,432",148,162,186,171,237,236,252,288,266,278,253,235,215,207,210,177,163,189,208,190,220,253,259,227,265,261,314,318,315,384,333,333,370,341,349,324,343,330,386,423,474,463,476,408,401,383,360,404,397,342,385,361,368,354,286,334,326,298,283,326,312,341,344,270,269,266,277,241,208,221,206,178,198,192,178,142,119,124,131,169,147,120,115,91,107,80,68,59,51,36,30,25,15,18,10,8,4,6,3,5,0
대구광역시 북구 침산1동(2723055000),"4,095","4,095",11,12,12,10,23,16,18,20,17,23,23,7,17,19,20,15,18,21,27,32,37,41,41,33,56,43,48,54,46,46,55,54,53,39,37,51,31,42,48,45,37,44,45,32,36,49,37,54,56,68,62,67,74,79,80,87,82,93,92,105,112,115,112,82,95,80,89,91,67,64,62,65,51,57,48,37,25,26,33,35,25,35,18,27,15,15,17,11,12,5,6,3,6,4,3,2,1,2,0,0,2
대구광역시 북구 침산2동(2723056000),"18,610","18,610",115,117,152,148,181,235,238,262,252,261,264,280,228,228,254,209,201,205,222,190,178,219,224,184,186,204,212,174,168,207,225,192,203,201,230,247,267,246,315,343,391,397,394,314,361,322,343,376,377,351,336,310,348,313,285,259,250,233,242,218,260,252,216,202,196,176,193,150,158,154,141,129,102,113,97,97,68,80,94,104,85,69,63,70,57,42,32,24,19,24,16,13,7,4,3,2,2,2,3,1,3
대구광역시 북구 침산3동(2723057000),"19,768","19,768",89,77,132,135,162,184,207,207,195,215,199,220,182,215,252,233,217,207,224,227,249,288,259,230,243,214,215,188,179,199,193,159,206,182,193,199,222,238,238,287,285,331,306,330,318,349,337,357,352,365,397,359,371,402,366,326,334,294,316,302,354,307,291,252,267,236,231,226,173,191,178,165,167,188,166,137,102,138,126,146,105,100,108,79,78,52,53,52,36,35,21,12,11,8,6,4,3,0,1,3,3
대구광역시 북구 산격1동(2723061000),"9,181","9,181",16,11,14,26,24,30,21,27,26,42,27,40,31,32,38,47,43,40,53,44,67,71,85,83,92,104,114,97,113,107,103,87,87,55,74,61,58,49,78,74,87,93,96,97,88,95,107,112,119,145,133,160,193,177,150,184,194,192,171,204,243,234,243,201,204,192,212,167,186,172,166,177,180,147,128,103,86,120,111,141,100,83,98,73,74,64,43,36,29,31,13,13,4,7,4,1,3,0,1,1,2
대구광역시 북구 산격2동(2723062000),"10,747","10,747",26,41,41,45,57,52,66,64,65,72,83,76,60,76,68,98,75,96,92,101,112,153,153,149,161,171,168,166,174,147,141,138,105,119,104,102,86,108,102,148,110,133,113,115,118,121,125,157,179,164,203,225,187,224,204,224,231,233,185,235,256,253,206,186,175,183,164,137,136,128,129,111,114,101,108,65,53,81,79,102,57,63,68,40,39,34,27,23,21,11,15,9,9,6,1,5,2,1,1,0,1
대구광역시 북구 산격3동(2723063000),"8,935","8,935",9,11,19,28,18,30,33,29,24,32,30,42,31,28,51,31,40,43,62,82,115,191,235,305,313,347,280,254,221,225,190,159,144,122,88,87,85,75,82,93,116,83,110,93,79,95,86,137,104,109,106,119,127,115,122,133,123,123,103,140,137,163,142,129,138,109,125,119,91,111,85,88,101,93,93,64,48,65,52,81,47,54,50,41,41,32,37,19,12,14,9,12,8,9,3,2,2,1,0,0,1
대구광역시 북구 산격4동(2723063100),"8,385","8,385",16,20,20,22,26,19,36,32,33,39,37,51,37,39,48,33,47,56,61,49,67,92,92,118,144,138,124,150,146,158,148,105,119,92,77,97,85,86,85,110,124,80,114,84,76,86,101,112,112,113,118,117,149,158,162,162,134,149,125,169,193,180,177,170,173,184,143,145,121,128,116,96,111,127,102,90,55,72,74,84,65,51,55,51,46,41,31,19,19,17,15,9,7,6,6,2,3,0,0,1,1
대구광역시 북구 대현동(2723064500),"17,582","17,582",58,71,90,98,94,131,109,107,127,125,126,132,94,109,104,101,94,112,118,132,183,249,299,358,332,280,306,286,221,222,250,168,195,186,159,173,201,188,211,251,246,249,281,232,253,225,247,269,251,282,288,262,303,288,281,284,274,267,264,310,307,309,287,270,253,264,253,259,240,215,216,188,187,210,180,150,133,153,145,174,152,142,107,101,69,99,66,53,49,34,29,18,21,14,14,3,5,3,1,3,0
대구광역시 북구 복현1동(2723067100),"7,536","7,536",15,22,12,16,20,18,10,18,13,19,24,22,16,21,23,21,32,32,50,86,118,189,207,280,331,292,280,246,222,164,189,149,118,104,82,84,74,82,87,85,93,72,74,76,74,62,79,88,92,94,108,111,115,129,111,129,108,119,99,125,137,139,120,103,104,93,93,88,66,57,78,50,56,66,47,35,21,33,40,38,42,27,34,21,24,18,17,14,11,10,7,6,2,2,2,2,2,0,0,0,0
대구광역시 북구 복현2동(2723067200),"30,956","30,956",153,175,192,213,231,255,318,281,268,313,278,282,321,272,321,280,319,328,374,348,435,477,433,459,422,435,455,419,416,430,396,405,453,386,395,372,394,379,400,509,491,508,512,429,474,441,485,468,558,548,561,588,561,590,555,529,512,511,444,544,505,564,493,462,416,390,369,329,270,300,210,206,216,206,194,146,110,124,139,152,129,93,110,73,75,81,62,51,41,32,23,29,16,12,9,6,5,2,2,1,2
대구광역시 북구 검단동(2723068000),"6,424","6,424",7,11,17,28,18,41,32,32,29,34,39,33,30,35,45,38,43,32,41,42,53,56,53,60,72,62,86,76,91,75,76,66,71,76,71,73,60,69,76,86,95,75,96,65,88,69,88,69,94,97,93,99,96,112,115,115,115,122,112,134,163,161,158,160,129,115,114,116,112,113,91,81,91,69,90,72,38,68,54,71,57,39,60,42,34,26,23,23,22,12,11,6,7,5,4,0,1,1,0,1,0
대구광역시 북구 무태조야동(2723069500),"36,358","36,358",222,264,254,317,378,370,376,381,343,381,386,364,305,372,399,348,380,397,412,396,453,528,463,428,403,368,383,358,405,394,395,370,420,397,424,430,445,456,529,653,658,634,613,561,652,592,657,802,783,819,782,800,782,753,693,602,567,498,501,518,549,509,494,474,433,437,395,348,333,348,323,237,247,268,236,191,152,160,153,190,133,124,113,75,79,74,59,55,34,23,23,25,11,14,7,8,4,2,3,0,1
대구광역시 북구 관문동(2723071500),"36,514","36,514",293,318,343,425,415,515,513,469,486,459,396,410,324,319,318,291,276,262,332,265,297,390,338,376,390,374,347,364,397,377,429,448,477,506,525,612,597,641,726,802,831,755,695,615,581,588,571,586,605,636,658,605,605,623,599,579,560,552,502,615,563,583,560,500,464,424,414,393,305,320,239,228,244,263,211,161,128,156,145,171,131,104,109,80,62,58,58,49,45,39,26,26,11,8,11,9,2,3,2,4,2
대구광역시 북구 태전1동(2723072500),"21,991","21,991",95,87,108,107,122,132,146,119,134,143,164,159,137,135,147,153,150,162,206,245,330,404,437,416,386,377,374,393,357,333,291,291,267,250,241,226,244,225,232,274,280,260,244,268,267,271,333,312,345,414,380,398,414,421,406,441,419,407,377,450,435,440,396,354,333,305,300,265,217,249,176,185,182,173,168,131,107,133,127,160,116,106,110,90,70,58,68,60,31,37,30,19,14,17,7,5,4,3,2,1,1
대구광역시 북구 태전2동(2723073500),"24,361","24,361",84,106,127,126,133,162,174,174,160,205,179,194,216,210,240,211,231,249,283,269,347,393,361,352,397,386,361,330,339,321,318,272,269,233,247,255,229,263,260,277,315,379,336,316,330,344,328,440,443,457,488,517,476,480,451,432,485,440,392,445,505,471,472,361,353,316,317,285,257,260,202,187,200,220,194,169,88,147,139,155,153,121,96,93,74,55,51,47,30,26,18,18,11,9,5,3,5,4,2,3,2
대구광역시 북구 구암동(2723074500),"34,890","34,890",104,133,154,206,207,258,289,290,291,367,396,384,372,432,500,465,461,494,552,527,560,640,613,551,515,491,495,450,423,417,375,293,326,286,278,285,295,292,403,402,463,445,540,474,565,586,657,775,816,801,840,854,815,835,742,693,697,616,541,584,576,582,510,377,354,329,295,256,199,220,182,173,157,202,193,157,106,145,148,201,160,92,128,90,93,75,58,55,41,36,20,10,14,20,11,4,3,2,2,1,2
대구광역시 북구 관음동(2723075000),"16,366","16,366",45,45,65,54,69,72,103,111,93,105,124,131,95,121,151,134,146,179,169,168,200,222,252,229,232,250,221,218,200,220,213,153,153,156,152,142,137,147,137,155,179,197,195,185,180,207,216,269,294,333,358,333,374,373,341,332,329,330,313,365,359,369,363,283,299,275,242,235,175,208,162,129,113,134,136,125,54,114,94,122,108,93,86,87,60,60,62,42,29,21,16,13,6,7,4,2,2,0,1,0,4
대구광역시 북구 읍내동(2723077000),"26,787","26,787",117,112,152,139,155,170,163,166,174,226,196,216,177,194,227,244,220,246,293,307,319,396,410,401,470,431,471,464,416,406,403,357,346,294,319,276,282,273,301,335,327,327,342,236,310,316,346,397,450,497,514,559,526,598,528,539,529,532,465,549,558,576,497,416,399,386,339,297,229,256,230,162,196,210,192,137,110,136,146,191,139,124,116,105,79,80,68,57,52,50,37,18,16,8,4,9,3,2,1,1,4
대구광역시 북구 동천동(2723078000),"27,749","27,749",110,129,134,161,153,222,251,250,284,317,304,303,334,390,405,439,417,440,461,476,483,513,478,436,448,426,347,284,313,274,299,255,250,241,256,248,268,235,294,333,371,389,418,393,482,535,610,646,714,744,726,725,668,674,606,532,444,431,393,405,413,328,306,236,222,214,179,172,110,134,134,121,152,113,128,104,92,112,103,117,107,97,94,75,69,61,47,33,29,27,17,14,6,5,3,5,2,1,0,0,0
대구광역시 북구 노원동(2723079000),"11,525","11,525",51,45,53,68,46,62,62,59,56,55,50,53,44,65,46,53,59,62,72,59,90,106,101,102,124,135,134,131,145,171,157,161,148,150,139,146,118,131,130,147,143,168,127,105,162,135,151,172,166,180,179,205,162,239,233,200,214,238,217,291,318,304,244,241,229,209,206,188,194,181,172,152,163,157,151,110,76,102,85,110,82,73,52,42,42,29,35,22,16,15,16,9,7,5,3,5,2,1,2,1,1
대구광역시 북구 국우동(2723080000),"29,542","29,542",162,205,217,238,280,280,360,314,351,364,353,330,341,333,411,380,368,377,440,382,418,468,449,420,431,426,404,410,406,310,370,324,385,325,363,343,371,354,408,441,527,481,509,458,540,553,576,654,693,639,650,643,629,628,527,505,456,459,365,405,400,364,312,233,249,207,195,199,152,157,147,112,136,133,131,97,75,100,99,137,111,82,84,68,63,47,52,42,38,30,17,13,19,7,11,1,4,0,4,3,2
대구광역시 수성구 (2726000000),"416,496","416,496","1,398","1,481","1,804","2,161","2,630","3,154","3,663","3,767","3,955","4,448","4,510","4,714","4,627","4,936","5,368","4,797","4,796","4,959","5,413","4,883","5,386","5,978","5,682","5,249","5,381","5,209","5,132","4,791","4,720","4,626","4,378","3,904","3,905","3,593","3,637","3,627","3,800","4,108","4,905","5,657","6,094","6,382","6,781","6,170","6,471","6,821","7,170","7,577","8,097","8,188","8,467","8,475","8,285","8,159","7,701","6,895","6,882","6,890","6,200","6,768","6,603","6,759","6,440","5,571","5,565","5,383","5,144","4,521","4,157","4,386","3,503","3,385","3,428","3,424","3,286","2,686","1,979","2,372","2,458","2,841","2,324","2,005","1,986","1,698","1,538","1,416","1,256","1,046",858,742,564,381,353,246,176,139,92,44,46,26,64
대구광역시 수성구 범어1동(2726051000),"16,647","16,647",76,67,93,138,148,186,235,225,224,221,246,224,217,210,247,218,198,190,230,193,187,218,200,195,212,175,182,159,166,157,149,143,143,148,163,157,178,182,239,313,309,301,356,275,253,298,320,319,363,308,324,315,321,313,301,239,259,233,231,234,209,224,194,177,165,155,147,135,130,136,118,92,121,117,135,99,86,96,78,115,84,68,76,55,58,58,47,28,26,27,21,5,10,10,6,7,1,1,1,3,2
대구광역시 수성구 범어2동(2726052000),"15,440","15,440",64,50,66,72,91,94,139,140,122,161,173,165,166,176,195,166,217,164,186,170,174,219,204,213,206,247,230,227,233,226,200,194,191,186,183,176,171,175,192,215,235,255,264,244,244,232,249,302,288,266,314,319,310,272,290,248,250,253,187,239,208,234,218,185,202,168,174,141,145,160,116,116,102,113,111,77,66,82,95,114,68,69,69,46,44,45,38,33,24,18,22,6,5,5,7,6,4,1,2,0,1
대구광역시 수성구 범어3동(2726053000),"16,603","16,603",102,103,115,144,180,256,268,261,264,277,254,220,179,226,220,171,186,216,208,205,223,226,180,199,195,224,182,180,192,179,178,156,169,146,153,187,200,243,298,309,366,380,330,323,300,352,328,312,310,364,332,336,329,288,301,263,223,231,185,194,173,194,177,134,145,131,122,108,71,96,79,88,89,73,84,83,48,68,67,55,63,43,47,41,31,31,40,24,22,11,6,17,9,5,1,1,2,0,2,0,1
대구광역시 수성구 범어4동(2726054000),"19,887","19,887",46,24,52,72,123,150,230,253,287,367,399,496,554,570,527,467,405,356,381,338,300,314,262,209,209,151,138,117,120,88,111,81,82,70,81,102,106,148,199,276,335,407,496,457,536,521,559,536,530,489,533,427,398,369,303,232,244,213,186,180,173,164,161,142,139,129,131,118,126,130,101,83,103,96,99,71,63,62,61,83,69,44,43,61,37,31,29,30,30,12,15,15,6,5,3,6,0,2,1,0,1
대구광역시 수성구 만촌1동(2726055000),"22,716","22,716",79,83,113,133,174,217,207,217,222,243,247,226,238,209,242,209,244,239,267,232,299,301,325,290,308,269,280,257,242,259,241,207,201,197,193,173,200,262,272,324,341,324,361,307,343,353,313,377,405,391,446,445,451,445,427,371,376,371,343,381,373,359,383,322,315,280,299,307,260,258,214,206,206,210,211,186,117,125,139,174,148,129,121,113,105,85,70,58,52,51,38,17,22,12,10,11,4,2,5,4,3
대구광역시 수성구 만촌2동(2726056000),"10,944","10,944",28,24,38,49,39,52,48,67,60,74,73,75,81,95,107,91,120,121,146,133,151,174,174,156,172,185,200,184,156,206,147,124,119,102,95,112,113,104,128,105,127,130,142,128,132,126,175,174,205,217,220,210,225,235,208,193,207,204,165,181,166,193,189,173,172,146,131,139,141,113,102,107,102,95,92,77,51,62,78,76,66,61,57,40,46,63,41,32,25,27,10,8,4,13,4,2,1,3,0,1,3
대구광역시 수성구 만촌3동(2726056100),"19,529","19,529",39,44,55,69,92,121,149,168,231,264,284,345,384,414,431,411,343,395,384,298,341,361,288,268,254,232,201,159,161,141,120,99,91,98,76,86,119,149,157,236,302,333,396,362,434,440,465,485,492,500,522,468,435,416,367,330,278,273,226,218,220,187,201,178,185,165,148,143,142,141,119,101,108,120,106,110,63,92,76,99,89,54,66,54,54,40,26,41,15,20,21,14,11,6,5,3,3,1,0,1,1
대구광역시 수성구 수성1가동(2726057000),"17,912","17,912",47,57,79,77,107,133,136,138,163,175,201,215,178,227,216,203,215,209,252,207,232,253,252,226,211,194,189,193,144,164,156,138,133,124,139,139,141,164,173,222,209,263,267,276,275,268,302,339,378,353,345,399,350,360,341,288,319,279,245,262,269,271,259,212,226,220,226,219,184,231,162,173,194,180,177,176,113,146,150,160,136,108,131,102,88,94,69,55,58,52,31,28,11,15,11,11,6,3,6,4,5
대구광역시 수성구 수성2.3가동(2726058000),"11,842","11,842",27,33,37,58,73,109,130,154,158,151,177,201,145,165,197,172,173,177,162,128,167,165,133,133,123,108,120,106,100,92,83,85,94,71,70,94,92,97,122,166,232,237,214,201,224,230,233,221,254,265,253,259,196,209,176,155,161,199,135,167,161,186,156,137,136,137,150,126,127,131,102,96,103,111,88,69,59,81,66,97,79,55,51,47,36,35,33,32,24,14,14,8,6,3,9,4,0,0,2,0,2
대구광역시 수성구 수성4가동(2726059000),"14,426","14,426",43,55,53,52,88,72,90,87,114,112,116,110,90,133,134,119,143,139,178,158,177,233,207,191,193,169,208,165,192,178,173,127,151,104,112,130,110,132,175,166,172,180,187,180,154,184,198,231,246,296,250,299,311,298,293,323,248,278,282,237,267,275,250,231,226,221,188,185,165,196,131,135,130,142,142,133,83,86,101,119,125,103,82,71,65,67,67,54,43,22,31,16,17,14,3,3,3,1,4,0,3
대구광역시 수성구 황금1동(2726060100),"23,647","23,647",62,74,112,117,167,210,266,296,295,372,354,385,374,400,463,403,381,384,439,367,384,377,346,296,225,253,212,197,156,145,145,119,125,141,159,158,172,202,245,344,359,387,403,417,454,462,505,540,549,531,540,528,489,477,473,371,379,334,311,330,324,289,296,261,274,271,263,200,184,191,151,145,157,139,146,109,84,90,103,110,67,84,69,71,57,65,64,51,41,27,22,20,25,7,6,10,5,0,0,2,6
대구광역시 수성구 황금2동(2726060200),"10,655","10,655",26,18,33,46,48,50,59,57,73,85,84,78,70,71,82,66,83,78,88,97,104,144,152,134,169,178,183,183,191,180,187,138,158,126,106,102,108,125,139,137,145,179,145,146,146,155,167,156,193,210,207,196,192,198,195,161,184,151,146,187,182,188,145,152,139,179,166,116,125,138,120,98,117,115,112,86,65,85,85,100,60,57,54,54,38,48,22,23,19,18,19,8,9,5,3,4,4,0,1,1,0
대구광역시 수성구 중동(2726061000),"11,966","11,966",65,71,70,78,119,104,106,87,97,106,85,100,82,86,92,66,71,69,80,78,115,135,126,131,144,164,157,137,179,170,152,150,165,139,147,124,176,149,204,201,222,212,202,186,192,177,191,164,204,231,209,216,215,222,208,195,181,192,180,199,179,206,230,160,172,186,161,138,116,151,128,129,87,135,90,109,63,62,77,82,82,60,73,52,51,34,35,39,17,21,19,16,12,7,7,1,1,2,0,1,0
대구광역시 수성구 상동(2726062000),"16,232","16,232",38,45,59,89,85,101,120,114,134,123,118,107,132,126,148,113,107,129,148,130,148,166,189,192,189,221,208,204,239,212,184,200,203,175,152,157,156,172,210,239,259,214,229,211,220,247,232,275,233,285,247,306,297,276,283,242,238,304,276,288,302,320,290,283,278,285,300,246,201,237,176,168,176,169,172,125,96,134,131,156,113,101,98,85,71,61,63,58,39,33,26,29,20,16,10,7,7,2,3,1,0
대구광역시 수성구 파동(2726063000),"12,525","12,525",54,73,83,83,95,105,97,105,107,121,105,107,113,80,99,91,91,89,99,97,97,114,112,114,116,112,120,119,97,121,126,131,127,120,131,142,135,145,149,206,204,185,231,165,156,179,183,166,198,176,220,221,203,196,196,209,191,193,179,245,208,241,264,217,229,211,217,195,172,229,157,164,177,162,147,113,76,128,93,128,84,86,85,75,56,46,51,40,27,34,18,21,13,9,5,8,5,3,1,1,5
대구광역시 수성구 두산동(2726064000),"14,166","14,166",42,79,51,81,82,100,106,92,78,110,115,84,79,108,112,101,106,114,133,140,144,166,206,196,233,219,263,229,262,250,257,223,200,191,205,175,158,150,193,210,191,212,231,224,200,197,210,242,254,253,251,287,276,299,282,294,257,271,262,234,230,235,237,203,180,206,186,139,130,149,116,114,94,100,104,66,56,66,67,75,62,53,50,48,41,35,23,28,20,24,11,9,13,11,3,2,1,4,3,0,2
대구광역시 수성구 지산1동(2726065100),"21,788","21,788",49,55,66,71,88,99,113,110,119,115,123,144,126,146,169,183,158,201,216,237,261,286,313,280,351,324,317,307,323,309,290,228,241,214,180,178,191,190,227,228,258,260,262,249,246,267,304,302,365,390,454,438,437,448,403,352,404,394,371,449,418,465,408,363,370,363,328,320,287,292,250,236,237,223,234,197,153,170,184,203,180,150,119,116,125,86,82,67,67,59,36,30,39,12,11,10,8,2,4,1,4
대구광역시 수성구 지산2동(2726065200),"18,636","18,636",40,61,57,68,99,101,128,124,145,151,143,161,150,155,171,181,178,171,230,201,211,238,255,240,246,253,241,232,244,221,190,183,169,168,156,180,167,162,219,200,239,254,215,230,222,252,257,316,327,342,370,372,390,362,365,311,332,338,330,380,365,368,359,303,290,300,310,278,241,241,181,179,202,172,172,146,86,116,134,137,102,124,118,95,93,67,72,71,56,51,39,19,18,12,7,7,6,2,1,1,1
대구광역시 수성구 범물1동(2726066100),"11,272","11,272",25,22,28,35,27,39,25,41,40,50,45,46,51,54,50,59,59,64,80,79,108,125,117,110,153,112,105,133,115,115,111,94,94,86,93,74,76,83,92,90,116,84,113,101,109,107,123,131,160,169,153,180,175,190,204,198,218,201,225,278,279,253,277,251,262,257,236,224,216,211,182,183,177,180,185,133,107,134,137,162,133,106,116,86,94,73,86,69,57,49,25,18,21,22,10,9,4,1,1,0,6
대구광역시 수성구 범물2동(2726066200),"17,108","17,108",59,63,86,84,120,138,171,169,164,181,160,163,166,206,198,169,176,214,194,198,221,238,237,224,187,187,193,189,160,184,177,152,160,165,153,168,160,182,201,237,237,263,262,263,270,289,280,297,307,316,338,322,327,345,319,278,279,308,279,318,308,308,301,311,301,286,261,201,197,202,154,177,137,129,123,75,82,90,86,78,84,60,70,54,44,49,37,24,26,29,18,13,12,7,6,6,4,2,0,1,4
대구광역시 수성구 고산1동(2726067000),"30,680","30,680",91,80,122,150,174,214,282,307,326,368,375,438,385,422,506,447,438,492,491,441,482,513,511,439,407,392,378,353,309,311,297,278,257,228,239,227,232,265,342,410,374,437,512,458,479,524,582,644,627,639,672,645,619,640,590,524,546,536,483,512,514,528,468,363,364,379,300,266,241,238,186,191,173,193,168,128,120,130,125,155,137,107,99,115,95,92,79,51,51,43,36,9,22,13,16,6,7,2,4,0,4
대구광역시 수성구 고산2동(2726068000),"28,766","28,766",171,162,174,209,202,245,277,276,262,269,309,295,290,298,351,303,306,324,375,320,373,473,404,362,371,381,391,344,343,365,335,324,332,294,311,293,330,321,384,393,421,410,478,321,385,467,480,488,593,539,563,575,586,548,522,480,455,528,385,446,484,492,462,406,372,348,353,270,283,255,206,212,204,239,185,157,132,108,137,164,142,126,139,89,88,107,76,59,53,42,46,23,24,20,14,11,9,4,4,2,7
대구광역시 수성구 고산3동(2726069000),"33,109","33,109",125,138,162,186,209,258,281,279,270,352,324,329,377,359,411,388,398,424,446,436,487,539,489,451,507,459,434,417,396,353,369,330,300,300,340,293,309,306,345,430,441,475,485,446,497,494,514,560,616,658,704,712,753,753,654,638,653,606,588,609,591,579,515,407,423,360,347,307,273,260,252,192,232,211,203,161,110,159,188,199,151,157,153,128,121,104,106,79,66,58,40,32,24,17,19,4,7,6,1,2,3
대구광역시 달서구 (2729000000),"543,469","543,469","2,132","2,303","2,768","2,951","3,489","4,053","4,626","4,646","4,460","5,051","4,965","5,164","4,779","5,007","5,485","5,048","5,079","5,317","5,867","5,769","6,546","7,718","7,577","7,454","7,753","7,580","7,671","7,447","7,138","7,320","6,816","6,198","6,211","5,768","5,731","5,667","5,865","5,755","6,788","7,573","8,004","8,075","8,262","7,431","7,858","8,109","8,346","9,104","9,882","9,767","10,382","10,336","10,704","10,997","10,309","9,776","9,911","9,757","8,988","9,991","10,449","10,215","9,802","7,876","7,821","7,437","7,037","6,366","5,332","6,048","4,698","4,303","4,262","4,257","3,899","3,202","2,235","2,722","2,705","3,280","2,685","2,211","2,187","1,908","1,640","1,482","1,327","1,018",843,680,540,422,312,262,148,98,72,61,33,28,42
대구광역시 달서구 성당동(2729051500),"23,127","23,127",65,84,106,102,127,184,179,188,187,222,202,226,181,196,189,179,163,209,205,208,224,233,267,253,260,284,292,286,292,289,264,250,246,208,236,230,223,242,280,325,383,323,360,318,309,374,315,391,369,350,382,422,370,411,407,396,405,386,395,436,466,458,456,371,407,361,400,354,320,343,279,264,254,260,236,202,141,161,147,185,145,127,116,101,98,79,79,58,44,24,27,15,14,13,9,6,5,4,1,1,8
대구광역시 달서구 두류1.2동(2729053500),"14,450","14,450",43,39,51,37,55,52,68,62,63,62,58,65,62,70,65,67,66,64,89,77,125,144,173,198,249,272,256,297,292,314,268,217,199,186,169,155,155,127,183,184,204,181,179,127,168,141,161,183,208,202,226,232,251,236,247,290,273,251,202,274,288,302,324,263,275,251,219,221,202,211,182,160,165,164,174,145,94,151,113,169,133,101,107,71,71,59,50,39,33,26,25,11,13,9,3,6,1,1,1,1,2
대구광역시 달서구 두류3동(2729055000),"8,220","8,220",9,20,26,33,29,35,46,58,37,56,45,55,60,56,63,39,56,54,46,59,76,90,103,97,131,115,173,130,148,136,120,118,103,90,75,74,76,67,77,96,110,109,103,99,106,92,95,125,110,120,141,131,154,141,136,144,129,139,133,180,167,141,151,147,155,145,133,122,108,133,108,85,90,106,108,97,55,62,89,89,63,61,65,44,44,42,30,24,22,14,16,9,7,6,3,0,0,2,2,1,0
대구광역시 달서구 감삼동(2729055500),"26,330","26,330",121,135,157,167,169,225,268,231,210,233,211,238,182,230,196,198,202,216,276,219,306,371,366,381,427,377,404,409,366,426,397,367,350,335,338,345,314,270,398,385,444,386,375,328,370,370,349,421,409,428,506,499,519,528,498,494,510,476,444,514,477,510,464,403,369,340,356,304,259,278,220,189,200,218,171,143,100,120,114,137,107,97,80,72,73,50,43,43,20,17,19,11,10,14,5,4,0,4,0,2,3
대구광역시 달서구 죽전동(2729056300),"13,537","13,537",27,35,49,46,45,71,61,69,63,79,80,65,82,71,93,88,89,101,103,120,143,176,179,206,254,255,240,258,274,253,245,197,183,183,140,137,151,154,156,170,147,171,182,137,161,167,177,214,227,208,240,237,259,291,274,266,249,281,282,271,299,299,325,199,222,224,217,169,153,169,134,134,111,109,100,90,62,82,73,84,61,56,62,47,35,35,37,26,25,22,17,9,8,2,2,3,3,0,0,0,0
대구광역시 달서구 장기동(2729056800),"17,105","17,105",83,98,80,97,111,135,146,139,156,153,158,163,131,160,153,166,159,137,182,178,206,227,272,227,248,225,249,243,217,219,236,190,209,176,190,163,188,202,248,277,272,250,291,254,250,225,247,273,282,280,348,360,353,388,339,306,316,314,301,331,320,332,272,236,205,222,232,202,170,183,153,160,125,104,117,99,73,75,81,97,80,62,60,50,36,28,28,29,24,21,14,14,9,4,4,2,2,0,1,1,1
대구광역시 달서구 용산1동(2729057100),"30,843","30,843",104,123,131,145,157,211,223,223,243,262,247,294,282,314,369,325,315,389,374,378,429,498,506,450,485,512,490,490,449,418,329,352,352,298,317,286,305,262,317,350,351,433,428,396,432,465,495,585,621,600,673,677,704,745,776,647,679,626,554,619,628,591,532,376,381,353,346,252,236,268,215,184,193,174,181,142,111,137,131,155,117,92,83,96,69,63,54,36,31,29,20,17,12,11,4,3,0,3,3,2,2
대구광역시 달서구 용산2동(2729057200),"28,677","28,677",122,109,123,121,168,187,216,185,182,224,217,249,234,234,265,262,290,309,300,333,396,453,473,449,502,437,433,463,408,408,416,343,310,317,313,257,294,272,321,360,360,367,379,348,379,415,390,473,571,587,596,619,672,723,697,666,621,642,567,588,661,590,558,391,357,313,299,241,230,237,189,178,169,173,155,120,81,104,112,147,117,101,118,86,62,54,53,45,31,22,14,14,6,13,7,4,3,0,1,4,2
대구광역시 달서구 이곡1동(2729057600),"22,989","22,989",67,100,83,96,111,113,153,140,136,160,178,187,184,203,234,222,214,262,295,301,322,435,403,394,406,393,397,419,354,358,337,272,282,223,246,243,199,206,230,260,260,281,296,239,321,352,378,394,445,484,469,492,578,610,548,539,522,495,414,457,503,400,378,284,285,271,221,196,168,204,142,137,136,136,114,87,83,75,93,101,86,55,83,68,53,42,44,38,31,25,16,11,10,4,10,4,0,0,1,0,2
대구광역시 달서구 이곡2동(2729057700),"16,442","16,442",58,66,75,83,84,89,95,98,86,81,101,112,105,100,131,131,132,130,164,160,194,238,226,251,237,240,239,253,234,270,235,237,224,214,189,190,188,180,176,220,204,191,197,164,172,217,243,232,320,300,337,290,319,353,347,310,369,378,334,379,401,413,399,290,318,260,245,196,179,182,124,118,119,114,101,98,58,72,76,80,82,55,52,35,40,22,37,25,26,15,11,5,6,4,3,1,2,3,0,1,2
대구광역시 달서구 신당동(2729058500),"31,587","31,587",101,104,112,102,132,145,132,164,138,178,152,192,138,192,198,195,217,236,291,421,520,708,723,793,766,738,710,607,607,569,526,447,438,377,332,336,302,286,313,307,351,354,371,342,367,380,443,495,542,531,633,609,702,718,610,647,631,592,542,613,614,595,523,443,391,394,328,332,256,304,210,215,239,261,201,187,129,127,151,180,161,126,129,109,112,100,75,72,47,38,30,31,15,19,8,4,4,6,0,3,0
대구광역시 달서구 본리동(2729059000),"20,537","20,537",112,124,167,139,209,245,208,254,244,284,243,270,239,201,222,210,183,172,200,202,195,231,220,214,246,215,207,236,208,245,237,231,214,219,235,259,259,261,325,414,410,392,408,355,394,333,371,372,376,381,385,374,367,371,356,321,377,332,310,363,352,340,334,289,243,268,230,241,162,198,145,151,139,123,113,93,55,73,67,97,72,53,50,43,40,51,38,32,22,20,13,14,5,8,3,3,3,1,2,2,2
대구광역시 달서구 월성1동(2729060100),"37,183","37,183",121,143,225,236,335,403,490,545,571,625,710,740,731,759,836,729,703,656,689,588,586,629,502,441,365,359,269,264,217,216,197,202,245,257,258,283,359,403,526,593,703,714,885,836,937,899,934,997,"1,017",941,901,846,772,697,609,439,404,387,363,337,353,359,316,254,234,276,250,254,188,222,163,158,159,174,117,109,80,87,95,102,74,61,81,57,58,56,39,34,30,35,28,15,13,12,2,6,4,3,0,0,1
대구광역시 달서구 월성2동(2729060200),"15,863","15,863",24,33,22,53,44,43,68,73,64,77,95,93,70,92,102,90,109,128,154,148,141,191,164,169,190,140,174,158,158,170,154,123,129,105,97,102,121,96,125,143,154,163,190,197,191,176,255,214,279,249,288,269,296,309,323,276,302,289,267,331,350,336,339,305,311,334,316,316,267,337,260,251,247,257,223,176,153,169,166,192,144,153,134,135,106,81,89,54,56,45,28,28,19,11,11,3,4,4,0,0,3
대구광역시 달서구 진천동(2729061500),"51,396","51,396",257,286,331,370,399,462,488,469,425,484,423,473,432,441,498,412,494,500,559,518,630,697,706,663,717,667,701,678,662,743,661,656,649,610,609,563,592,613,711,762,773,793,789,666,634,742,775,821,891,951,934,999,974,972,958,925,892,951,865,888,995,957,914,757,726,682,647,555,460,615,473,366,399,396,368,280,191,237,216,328,248,181,177,194,153,141,123,89,71,64,48,41,28,31,10,11,11,3,1,3,2
대구광역시 달서구 유천동(2729061700),"33,286","33,286",285,296,423,486,584,633,776,777,699,762,752,672,587,585,557,489,394,366,379,316,316,351,297,274,228,202,224,190,210,267,266,292,365,375,502,527,600,690,696,892,994,972,877,834,822,852,707,690,713,599,520,535,473,413,345,304,289,295,251,241,248,239,250,232,222,180,157,147,135,141,93,105,111,80,94,61,37,70,50,59,49,31,27,24,24,18,23,14,14,13,8,8,1,1,5,2,1,0,1,0,3
대구광역시 달서구 상인1동(2729062400),"36,008","36,008",134,155,173,173,235,264,354,332,321,395,379,356,354,382,488,444,452,466,511,480,528,604,520,478,454,462,470,412,384,392,370,332,331,343,323,322,352,344,398,429,506,517,542,481,531,554,581,651,658,717,750,747,723,764,685,582,637,642,542,700,681,659,600,519,530,490,479,413,354,385,295,262,264,272,243,185,126,159,157,174,141,149,129,133,96,101,86,67,58,49,39,30,26,25,7,4,3,6,5,1,0
대구광역시 달서구 상인2동(2729062500),"19,735","19,735",90,80,100,103,83,106,132,112,101,135,109,120,123,117,124,132,132,144,175,177,214,264,272,295,313,339,394,391,396,353,400,341,334,293,256,269,227,230,231,252,259,263,243,200,212,234,224,256,281,315,341,321,378,345,359,397,367,382,346,420,472,431,384,321,308,326,267,256,223,230,185,130,154,157,137,107,80,98,96,109,105,69,79,60,68,55,45,40,32,21,22,23,12,7,9,5,2,2,2,1,3
대구광역시 달서구 상인3동(2729062600),"11,101","11,101",27,21,28,30,29,30,35,40,44,24,41,36,45,53,48,52,59,54,86,58,96,98,109,113,107,113,127,101,109,112,108,89,87,100,81,87,98,80,88,120,126,120,104,115,105,93,108,116,143,138,160,183,195,211,198,193,207,217,228,281,308,323,324,280,289,266,284,239,200,270,177,190,153,156,162,127,83,115,127,137,126,87,85,85,62,70,50,34,46,35,27,24,20,12,10,2,5,2,3,1,1
대구광역시 달서구 도원동(2729062800),"35,374","35,374",142,123,161,170,194,198,261,250,233,295,288,283,286,300,331,309,336,380,407,383,423,522,463,504,486,499,481,424,466,420,389,370,368,345,326,327,363,318,420,451,427,460,454,397,418,434,476,516,608,600,684,643,703,731,692,706,777,711,716,751,791,820,810,625,668,580,554,490,392,406,320,279,300,262,267,230,150,164,181,195,176,161,153,135,109,125,112,72,49,44,44,34,25,17,8,6,5,10,5,0,1
대구광역시 달서구 송현1동(2729063000),"19,365","19,365",52,49,68,65,80,92,81,90,107,90,106,102,105,92,116,102,123,127,144,186,190,237,259,252,280,305,323,292,289,317,284,241,233,186,210,217,207,186,204,244,216,254,239,233,209,235,245,240,326,344,342,333,358,442,352,367,361,383,352,389,418,430,437,332,335,330,306,310,266,281,256,208,220,235,195,151,119,150,112,181,153,135,108,91,80,81,71,40,49,37,24,17,16,10,9,8,4,3,2,0,2
대구광역시 달서구 송현2동(2729064000),"18,051","18,051",42,43,45,59,58,76,76,78,82,93,102,80,99,91,118,111,111,114,149,163,172,185,225,218,253,268,259,269,232,270,221,207,220,187,173,171,174,144,196,193,215,218,222,225,208,192,200,242,276,255,300,284,334,350,325,335,342,341,328,377,378,426,435,346,348,358,343,349,253,274,242,226,197,201,206,177,118,155,177,173,151,135,135,115,98,82,75,68,55,42,28,24,18,15,10,8,6,2,1,3,2
대구광역시 달서구 본동(2729065000),"12,263","12,263",46,37,32,38,51,54,70,69,68,77,68,93,67,68,89,96,80,103,89,96,114,136,149,134,149,163,159,177,166,155,156,124,140,141,116,124,118,122,169,146,135,163,148,140,162,167,177,203,210,187,226,234,250,248,228,226,252,247,252,251,279,264,277,213,242,213,208,207,151,177,133,153,118,125,116,96,56,79,81,109,94,63,74,57,53,47,46,39,27,22,22,17,19,14,6,3,4,2,1,1,0
대구광역시 달성군 (2771000000),"261,931","261,931","2,023","2,273","2,588","2,659","2,898","3,155","3,211","3,137","2,922","3,206","3,054","2,929","2,460","2,523","2,603","2,225","2,185","2,175","2,307","2,090","2,415","2,660","2,574","2,552","2,763","2,799","2,872","2,877","3,168","3,447","3,472","3,364","3,732","3,633","3,723","3,837","4,184","4,126","4,646","5,215","5,335","5,069","4,968","4,272","4,330","4,079","4,083","4,244","4,184","4,258","4,274","4,222","4,164","4,384","4,086","4,005","4,064","3,962","3,625","4,225","4,342","4,305","4,004","3,412","3,374","3,164","3,007","2,577","2,167","2,499","1,969","1,813","1,830","1,800","1,622","1,244",994,"1,102","1,084","1,344","1,103",957,889,803,724,636,528,509,373,321,243,187,128,98,94,67,33,21,19,12,18
대구광역시 달성군 화원읍(2771025000),"46,673","46,673",205,204,253,277,279,326,320,341,319,370,365,349,356,400,445,415,402,473,510,479,581,615,588,592,633,632,596,583,596,575,553,537,470,464,445,440,487,477,426,610,608,563,592,579,610,591,663,748,796,873,859,914,942,"1,023",984,943,958,969,871,982,997,"1,031",946,783,786,738,682,590,462,571,461,403,427,421,350,284,223,259,272,284,261,227,178,169,144,123,115,102,79,68,46,39,25,19,20,15,4,7,2,2,2
대구광역시 달성군 논공읍(2771025300),"4,751","4,751",39,30,26,31,31,31,36,18,25,16,20,18,17,24,16,18,20,13,15,19,21,36,25,38,54,48,45,65,49,74,68,55,75,62,71,51,54,48,71,55,60,57,55,46,69,44,51,53,49,58,79,69,82,83,98,98,108,92,98,104,115,112,122,107,91,91,81,65,73,75,68,51,59,62,56,44,29,39,51,42,41,40,33,39,32,35,21,24,15,10,14,7,7,4,2,5,4,0,1,1,2
대구광역시 달성군 논공읍공단출장소(2771025400),"13,097","13,097",47,55,65,71,55,74,68,85,93,95,110,128,95,127,129,105,135,137,132,147,184,205,172,194,193,150,166,166,161,156,149,121,130,106,113,109,120,124,143,156,174,168,195,186,205,207,255,302,270,319,324,323,306,350,303,287,286,268,254,284,263,267,223,191,179,154,150,122,103,130,76,72,85,83,61,62,43,54,61,73,57,48,42,53,38,31,28,23,24,18,14,10,5,7,4,2,1,1,1,0,1
대구광역시 달성군 다사읍(2771025600),"50,888","50,888",309,369,416,423,507,581,703,706,649,749,769,724,627,629,647,540,568,536,582,503,532,581,560,538,528,563,517,500,572,618,600,567,625,587,586,647,644,737,850,989,"1,022","1,022","1,014",896,976,963,978,930,938,899,916,873,797,839,773,761,821,775,652,828,809,798,677,599,582,508,529,445,392,421,361,320,322,332,263,213,162,170,163,215,169,129,126,102,97,82,62,68,43,49,35,30,16,15,10,6,3,5,4,3,2
대구광역시 달성군 다사읍서재출장소(2771025700),"38,195","38,195",465,486,568,596,635,697,639,642,560,592,546,482,411,370,363,310,285,303,296,253,321,361,337,309,344,338,353,385,425,517,500,546,631,726,754,778,838,836,959,"1,076","1,092","1,004",928,712,684,655,599,587,596,607,570,520,577,562,510,508,471,442,388,422,511,462,420,304,345,315,274,238,214,227,167,149,153,131,121,99,82,83,77,114,82,62,50,37,35,39,27,19,21,17,8,10,6,10,4,7,2,1,1,2,2
대구광역시 달성군 유가읍(2771025900),"29,488","29,488",291,390,438,459,542,573,580,539,542,540,519,495,397,390,413,330,321,307,285,221,218,235,207,176,218,230,257,224,254,321,337,374,457,454,540,560,653,621,757,830,804,831,806,660,615,582,557,534,487,425,411,380,342,343,292,279,269,264,250,270,278,283,269,225,257,230,196,195,149,181,123,118,89,106,109,70,67,54,62,86,58,53,52,44,46,47,26,28,12,16,19,12,17,3,8,1,2,0,0,0,1
대구광역시 달성군 옥포읍(2771026200),"25,094","25,094",196,235,271,248,264,277,258,246,214,248,208,249,173,198,204,163,143,128,151,165,185,211,216,229,234,224,266,266,287,296,345,311,357,352,329,350,391,384,452,476,479,476,420,338,351,311,310,338,345,359,405,374,389,416,431,405,405,435,429,515,481,500,525,431,391,395,377,331,263,311,258,254,232,227,211,152,107,128,135,154,144,123,109,103,77,62,65,57,35,30,28,20,12,10,10,8,4,3,0,0,0
대구광역시 달성군 현풍읍(2771026500),"23,108","23,108",184,206,215,226,237,254,262,232,226,263,231,202,182,181,196,164,169,145,158,146,188,198,218,251,307,353,360,349,413,467,438,401,450,397,382,402,435,388,447,452,473,441,448,372,404,317,284,352,297,309,302,326,330,343,304,300,300,280,282,327,356,348,326,316,260,275,298,195,189,211,171,159,171,154,192,116,99,112,97,133,84,93,93,78,78,76,55,58,37,36,21,8,14,7,13,6,3,1,2,0,1
대구광역시 달성군 가창면(2771031000),"7,796","7,796",24,29,23,25,30,48,52,49,41,72,55,57,38,47,43,48,48,44,51,54,57,66,77,59,65,62,67,55,57,64,48,51,50,55,53,66,54,43,70,89,92,94,67,88,82,104,86,85,107,99,123,123,116,121,120,130,128,151,130,165,173,154,170,191,186,198,170,146,156,148,127,119,129,125,116,97,86,84,71,104,82,74,73,64,82,64,57,54,49,35,28,16,20,10,12,12,6,2,2,2,5
대구광역시 달성군 하빈면(2771033000),"3,577","3,577",8,8,12,5,5,4,9,9,9,16,10,14,9,17,8,16,11,11,16,9,12,19,14,26,29,26,25,30,31,32,26,29,27,15,27,22,35,19,23,30,30,17,21,31,24,27,37,39,34,36,43,61,60,78,64,90,89,94,83,106,97,119,116,92,99,86,83,69,47,76,52,66,54,62,54,48,27,41,48,50,48,50,49,43,35,37,30,35,22,19,17,18,0,5,5,1,3,1,3,1,2
대구광역시 달성군 구지면(2771038000),"19,264","19,264",255,261,301,298,313,290,284,270,244,245,221,211,155,140,139,116,83,78,111,94,116,133,160,140,158,173,220,254,323,327,408,372,460,415,423,412,473,449,448,452,501,396,422,364,310,278,263,276,265,274,242,259,223,226,207,204,229,192,188,222,262,231,210,173,198,174,167,181,119,148,105,102,109,97,89,59,69,78,47,89,77,58,84,71,60,40,42,41,36,23,13,17,6,8,6,4,1,0,3,1,0
